Lam	Flam
3000.000000	13.044158226617
3000.150004	13.043806872098
3000.300015	13.043044317497
3000.450034	13.042195718358
3000.600060	13.041340928820
3000.750094	13.040486174548
3000.900135	13.039634281709
3001.050184	13.038797253273
3001.200240	13.037987372802
3001.350304	13.037195409025
3001.500375	13.036407644175
3001.650454	13.035620183309
3001.800540	13.034832692487
3001.950634	13.034045168944
3002.100735	13.033257623888
3002.250844	13.032470087010
3002.400960	13.031682621942
3002.551084	13.030895355670
3002.701215	13.030108506510
3002.851354	13.029322402554
3003.001501	13.028537450309
3003.151654	13.027754031895
3003.301816	13.026972316939
3003.451985	13.026192053094
3003.602161	13.025412448848
3003.752345	13.024632320125
3003.902536	13.023850642830
3004.052735	13.023067659123
3004.202941	13.022286747386
3004.353155	13.021517490505
3004.503377	13.020780456672
3004.653606	13.020113638474
3004.803842	13.019578572528
3004.954086	13.019261025725
3005.104337	13.019258562296
3005.254596	13.019648808720
3005.404863	13.020441005846
3005.555137	13.021527923191
3005.705418	13.022667118751
3005.855707	13.023517321624
3006.006004	13.023731980330
3006.156308	13.023077496207
3006.306620	13.021521383638
3006.456939	13.019245005573
3006.607265	13.016573984148
3006.757599	13.013862758448
3006.907941	13.011388916804
3007.058290	13.009298812063
3007.208647	13.007612323128
3007.359011	13.006265849887
3007.509383	13.005163412716
3007.659762	13.004214317355
3007.810149	13.003350817127
3007.960543	13.002530131616
3008.110945	13.001728740375
3008.261354	13.000935206259
3008.411771	13.000144561354
3008.562195	12.999354867181
3008.712627	12.998565439482
3008.863067	12.997776060172
3009.013514	12.996986664747
3009.163968	12.996197236529
3009.314430	12.995407770425
3009.464899	12.994618265836
3009.615376	12.993828721769
3009.765861	12.993039138676
3009.916353	12.992249515870
3010.066853	12.991459853923
3010.217360	12.990670152202
3010.367874	12.989880411307
3010.518396	12.989090630647
3010.668926	12.988300849725
3010.819463	12.987512337816
3010.970008	12.986737075623
3011.120560	12.986008403177
3011.271120	12.985338393118
3011.421687	12.984695052313
3011.572262	12.984055964535
3011.722845	12.983417072575
3011.873435	12.982778151253
3012.024032	12.982139197736
3012.174637	12.981500212519
3012.325249	12.980861195105
3012.475870	12.980222145987
3012.626497	12.979583064672
3012.777132	12.978943951655
3012.927775	12.978304806448
3013.078425	12.977665629556
3013.229083	12.977026420499
3013.379748	12.976387179790
3013.530421	12.975747906951
3013.681101	12.975108602482
3013.831789	12.974469265868
3013.982484	12.973829897561
3014.133187	12.973190497005
3014.283897	12.972551064650
3014.434615	12.971911600023
3014.585341	12.971272103780
3014.736074	12.970632575811
3014.886814	12.969993017307
3015.037563	12.969353428824
3015.188318	12.968713812190
3015.339081	12.968074168248
3015.489852	12.967434498358
3015.640630	12.966794801955
3015.791416	12.966155078650
3015.942210	12.965515327868
3016.093010	12.964875555092
3016.243819	12.964235777664
3016.394635	12.963596038039
3016.545458	12.962956414067
3016.696289	12.962317027798
3016.847128	12.961678034040
3016.997974	12.961039585050
3017.148828	12.960401760402
3017.299689	12.959764486387
3017.450558	12.959127476352
3017.601434	12.958490246999
3017.752318	12.957852227021
3017.903209	12.957212939507
3018.054108	12.956572174134
3018.205015	12.955930070710
3018.355929	12.955287062677
3018.506850	12.954643717416
3018.657779	12.954000547062
3018.808716	12.953357880779
3018.959660	12.952715829134
3019.110612	12.952074333029
3019.261571	12.951433243645
3019.412538	12.950792398558
3019.563513	12.950151664954
3019.714494	12.949510957669
3019.865484	12.948870233976
3020.016481	12.948229483194
3020.167486	12.947588710047
3020.318498	12.946947923848
3020.469517	12.946307128111
3020.620545	12.945666318824
3020.771580	12.945025363539
3020.922622	12.944381721539
3021.073672	12.943719401668
3021.224729	12.943011073569
3021.375794	12.942261774096
3021.526867	12.941499336541
3021.677947	12.940735429492
3021.829035	12.939971477615
3021.980130	12.939207539655
3022.131233	12.938443614894
3022.282343	12.937679687273
3022.433461	12.936915727246
3022.584586	12.936151694598
3022.735719	12.935387551727
3022.886860	12.934623274072
3023.038008	12.933858861235
3023.189164	12.933094334761
3023.340327	12.932329731939
3023.491498	12.931565090530
3023.642676	12.930800440024
3023.793862	12.930035794061
3023.945055	12.929271153969
3024.096257	12.928506511371
3024.247465	12.927741856107
3024.398681	12.926977177764
3024.549905	12.926212469796
3024.701136	12.925447727240
3024.852375	12.924682948419
3025.003621	12.923918131735
3025.154875	12.923153277434
3025.306137	12.922388384825
3025.457406	12.921623454480
3025.608683	12.920858485771
3025.759967	12.920093479254
3025.911259	12.919328434282
3026.062558	12.918563351414
3026.213865	12.917798230026
3026.365179	12.917033070696
3026.516501	12.916267872819
3026.667831	12.915502637003
3026.819168	12.914737362717
3026.970513	12.913972050823
3027.121865	12.913206701669
3027.273225	12.912441318889
3027.424593	12.911675910724
3027.575968	12.910910501025
3027.727350	12.910145144258
3027.878740	12.909379957735
3028.030138	12.908615160447
3028.181543	12.907851114631
3028.332956	12.907088328481
3028.484377	12.906327383007
3028.635805	12.905568737588
3028.787240	12.904812440879
3028.938683	12.904057841991
3029.090134	12.903303484720
3029.241592	12.902547328157
3029.393058	12.901787311766
3029.544532	12.901022058187
3029.696013	12.900251396271
3029.847501	12.899476425952
3029.998998	12.898699099045
3030.150501	12.897921526220
3030.302013	12.897145352727
3030.453531	12.896371437524
3030.605058	12.895599889158
3030.756592	12.894830327461
3030.908134	12.894062455519
3031.059683	12.893299321355
3031.211240	12.892554741187
3031.362804	12.891840491739
3031.514376	12.891144469567
3031.665955	12.890452355479
3031.817542	12.889760508730
3031.969137	12.889068638348
3032.120739	12.888376735426
3032.272349	12.887684798151
3032.423967	12.886992826717
3032.575592	12.886300820519
3032.727224	12.885608780123
3032.878864	12.884916705048
3033.030512	12.884224595897
3033.182167	12.883532452193
3033.333830	12.882840274539
3033.485501	12.882148062493
3033.637179	12.881455816766
3033.788864	12.880763537072
3033.940558	12.880071224256
3034.092258	12.879378878036
3034.243967	12.878686499277
3034.395683	12.877994088581
3034.547406	12.877301650949
3034.699138	12.876609199572
3034.850876	12.875916770161
3035.002623	12.875224439635
3035.154377	12.874532357675
3035.306138	12.873840774139
3035.457907	12.873150049565
3035.609684	12.872460607097
3035.761468	12.871772805807
3035.913260	12.871086732564
3036.065060	12.870401988295
3036.216867	12.869717582744
3036.368681	12.869032064551
3036.520503	12.868343902384
3036.672333	12.867652000718
3036.824171	12.866956108321
3036.976016	12.866256918526
3037.127868	12.865555799953
3037.279728	12.864854307031
3037.431596	12.864153701813
3037.583472	12.863454689519
3037.735355	12.862757410813
3037.887245	12.862061618929
3038.039143	12.861366901823
3038.191049	12.860672857515
3038.342962	12.859979178240
3038.494883	12.859285667317
3038.646812	12.858592214245
3038.798748	12.857898765390
3038.950692	12.857205296335
3039.102643	12.856511798129
3039.254602	12.855818266770
3039.406569	12.855124701635
3039.558543	12.854431101810
3039.710524	12.853737467745
3039.862514	12.853043798889
3040.014511	12.852350095803
3040.166515	12.851656357955
3040.318527	12.850962585866
3040.470547	12.850268778941
3040.622574	12.849574937653
3040.774609	12.848881061433
3040.926652	12.848187170840
3041.078702	12.847493841935
3041.230760	12.846805985199
3041.382825	12.846135744371
3041.534898	12.845485815859
3041.686979	12.844844325866
3041.839067	12.844204044347
3041.991162	12.843563790362
3042.143266	12.842923506610
3042.295377	12.842283195716
3042.447495	12.841642867059
3042.599622	12.841002540657
3042.751755	12.840362260527
3042.903897	12.839722109525
3043.056046	12.839082230445
3043.208202	12.838442835253
3043.360367	12.837804192847
3043.512538	12.837166567895
3043.664718	12.836530111496
3043.816905	12.835894718606
3043.969100	12.835259920452
3044.121302	12.834624883029
3044.273512	12.833988571200
3044.425729	12.833350045525
3044.577954	12.832708787267
3044.730187	12.832064892629
3044.882427	12.831419043190
3045.034675	12.830772257859
3045.186931	12.830125556131
3045.339194	12.829479678229
3045.491465	12.828834968904
3045.643743	12.828191419699
3045.796029	12.827548808512
3045.948323	12.826906843748
3046.100624	12.826265266288
3046.252933	12.825623889038
3046.405249	12.824982598296
3046.557573	12.824341332278
3046.709905	12.823700062094
3046.862244	12.823058774514
3047.014591	12.822417465252
3047.166946	12.821776132623
3047.319308	12.821134777266
3047.471678	12.820493398514
3047.624055	12.819851995078
3047.776440	12.819210562224
3047.928833	12.818569094042
3048.081233	12.817927582909
3048.233641	12.817286023774
3048.386056	12.816644414174
3048.538479	12.816002757002
3048.690910	12.815361057553
3048.843348	12.814719323430
3048.995794	12.814077560266
3049.148248	12.813435772309
3049.300709	12.812793960181
3049.453178	12.812152123601
3049.605655	12.811510260388
3049.758139	12.810868369372
3049.910630	12.810226448849
3050.063130	12.809584498730
3050.215637	12.808942518485
3050.368151	12.808300508968
3050.520673	12.807658470239
3050.673203	12.807016403285
3050.825741	12.806374307599
3050.978286	12.805732182159
3051.130839	12.805089962243
3051.283399	12.804446493705
3051.435967	12.803795207656
3051.588543	12.803126310262
3051.741126	12.802443025133
3051.893717	12.801755491724
3052.046315	12.801067491165
3052.198921	12.800379441595
3052.351535	12.799691359074
3052.504156	12.799003246330
3052.656786	12.798315103549
3052.809422	12.797626930915
3052.962066	12.796938727005
3053.114718	12.796250491606
3053.267378	12.795562224315
3053.420045	12.794873928089
3053.572720	12.794185610039
3053.725402	12.793497289667
3053.878092	12.792809007317
3054.030790	12.792120841289
3054.183496	12.791432920548
3054.336209	12.790745430281
3054.488929	12.790058584658
3054.641657	12.789372561280
3054.794393	12.788687393079
3054.947137	12.788002862215
3055.099888	12.787318450611
3055.252647	12.786633414321
3055.405413	12.785946981776
3055.558187	12.785258617112
3055.710969	12.784568220131
3055.863759	12.783876168034
3056.016556	12.783183168784
3056.169360	12.782490010518
3056.322172	12.781797320697
3056.474992	12.781105439274
3056.627820	12.780414419640
3056.780655	12.779724123131
3056.933498	12.779034331964
3057.086349	12.778344839340
3057.239207	12.777655490599
3057.392072	12.776966191903
3057.544946	12.776276894825
3057.697827	12.775587580417
3057.850716	12.774898242247
3058.003612	12.774208879489
3058.156516	12.773519490635
3058.309428	12.772830074623
3058.462347	12.772140628931
3058.615274	12.771451152363
3058.768208	12.770761643461
3058.921151	12.770072103850
3059.074101	12.769382539987
3059.227058	12.768692978008
3059.380023	12.768003498164
3059.532996	12.767314330520
3059.685977	12.766626062800
3059.838965	12.765940051119
3059.991960	12.765259085995
3060.144964	12.764588253709
3060.297975	12.763935628213
3060.450994	12.763312060716
3060.604020	12.762729118474
3060.757054	12.762194670796
3060.910096	12.761707012441
3061.063145	12.761250594916
3061.216202	12.760798696786
3061.369267	12.760330744145
3061.522339	12.759877636924
3061.675419	12.759618434177
3061.828507	12.760056152535
3061.981602	12.762343754562
3062.134705	12.768841581175
3062.287815	12.783819214479
3062.440934	12.814003468674
3062.594059	12.868373551652
3062.747193	12.956422453507
3062.900334	13.084443631988
3063.053483	13.250488521825
3063.206639	13.440108604052
3063.359804	13.625865665019
3063.512975	13.772684568284
3063.666155	13.848290620870
3063.819342	13.834647483244
3063.972537	13.734876070678
3064.125739	13.572040171808
3064.278949	13.380435743008
3064.432167	13.193876600241
3064.585393	13.036399010680
3064.738626	12.918630455865
3064.891867	12.839641648622
3065.045115	12.791727167542
3065.198371	12.765238108601
3065.351635	12.751748682672
3065.504906	12.745287709953
3065.658185	12.742239273830
3065.811472	12.740686529186
3065.964766	12.739727688031
3066.118068	12.738983060297
3066.271378	12.738308743168
3066.424696	12.737655444564
3066.578021	12.737007857843
3066.731353	12.736361663061
3066.884694	12.735715752150
3067.038042	12.735069867668
3067.191398	12.734423958978
3067.344761	12.733778019404
3067.498132	12.733132051173
3067.651511	12.732486055402
3067.804897	12.731840032851
3067.958291	12.731193982197
3068.111693	12.730547902717
3068.265102	12.729901792773
3068.418520	12.729255652227
3068.571944	12.728609481162
3068.725377	12.727963284681
3068.878817	12.727317081340
3069.032265	12.726670940012
3069.185720	12.726025081664
3069.339183	12.725380156995
3069.492654	12.724737891326
3069.646132	12.724102411047
3069.799619	12.723482550631
3069.953112	12.722895116232
3070.106614	12.722368136855
3070.260123	12.721941661911
3070.413640	12.721662408802
3070.567164	12.721569156008
3070.720697	12.721669756523
3070.874237	12.721917503648
3071.027784	12.722200558935
3071.181339	12.722357276589
3071.334902	12.722219496157
3071.488473	12.721669342887
3071.642051	12.720683748439
3071.795637	12.719345095621
3071.949231	12.717811293569
3072.102832	12.716254399240
3072.256441	12.714807013887
3072.410058	12.713541498850
3072.563682	12.712470803532
3072.717314	12.711566405910
3072.870954	12.710782618088
3073.024601	12.710075312315
3073.178256	12.709411065185
3073.331919	12.708768539384
3073.485589	12.708135889316
3073.639267	12.707507300177
3073.792953	12.706880219598
3073.946647	12.706253639080
3074.100348	12.705627196108
3074.254057	12.705000772363
3074.407773	12.704374331388
3074.561498	12.703747863696
3074.715229	12.703121366736
3074.868969	12.702494841943
3075.022716	12.701868291888
3075.176471	12.701241722685
3075.330234	12.700615142136
3075.484004	12.699988560910
3075.637782	12.699361987739
3075.791568	12.698735426584
3075.945362	12.698108869321
3076.099163	12.697482294546
3076.252971	12.696855667765
3076.406788	12.696228951807
3076.560612	12.695602117173
3076.714444	12.694975154764
3076.868284	12.694348077646
3077.022131	12.693720917751
3077.175986	12.693093712465
3077.329848	12.692466494626
3077.483719	12.691839283094
3077.637597	12.691212083749
3077.791483	12.690584891279
3077.945376	12.689957696647
3078.099277	12.689330489567
3078.253186	12.688703262893
3078.407102	12.688076011075
3078.561027	12.687448731595
3078.714959	12.686821422091
3078.868898	12.686194081717
3079.022845	12.685566708853
3079.176800	12.684939303140
3079.330763	12.684311863639
3079.484733	12.683684390982
3079.638712	12.683056885242
3079.792697	12.682429347782
3079.946691	12.681801778991
3080.100692	12.681174180412
3080.254701	12.680546553874
3080.408717	12.679918908383
3080.562742	12.679291274737
3080.716774	12.678663758893
3080.870813	12.678036681912
3081.024861	12.677410931117
3081.178916	12.676788711675
3081.332979	12.676174948600
3081.487049	12.675579442601
3081.641127	12.675019393912
3081.795213	12.674520929441
3081.949307	12.674117166652
3082.103408	12.673840081401
3082.257517	12.673705707170
3082.411634	12.673696513600
3082.565758	12.673748662069
3082.719891	12.673755057078
3082.874030	12.673590026483
3083.028178	12.673149142145
3083.182333	12.672387313787
3083.336496	12.671336271119
3083.490667	12.670092230180
3083.644845	12.668780250343
3083.799031	12.667513313434
3083.953225	12.666364154900
3084.107427	12.665358149784
3084.261636	12.664483725947
3084.415853	12.663710239837
3084.570078	12.663003877599
3084.724310	12.662336948348
3084.878550	12.661690703588
3085.032798	12.661054209222
3085.187053	12.660421857418
3085.341316	12.659791090028
3085.495587	12.659160859721
3085.649866	12.658530780910
3085.804152	12.657900724117
3085.958446	12.657270650670
3086.112748	12.656640549177
3086.267058	12.656010417337
3086.421375	12.655380253950
3086.575700	12.654750059368
3086.730033	12.654119833039
3086.884373	12.653489575456
3087.038721	12.652859286105
3087.193077	12.652228965487
3087.347440	12.651598613108
3087.501811	12.650968229459
3087.656190	12.650337814037
3087.810577	12.649707367347
3087.964971	12.649076888886
3088.119374	12.648446379148
3088.273783	12.647815837629
3088.428201	12.647185264839
3088.582626	12.646554660262
3088.737059	12.645924024413
3088.891500	12.645293356775
3089.045948	12.644662657858
3089.200405	12.644031927148
3089.354868	12.643401165154
3089.509340	12.642770371375
3089.663819	12.642139546304
3089.818306	12.641508689435
3089.972801	12.640877801279
3090.127304	12.640246881326
3090.281814	12.639615930076
3090.436332	12.638984947033
3090.590858	12.638353932703
3090.745391	12.637722886666
3090.899932	12.637091809730
3091.054481	12.636460702710
3091.209038	12.635829571030
3091.363602	12.635198430997
3091.518174	12.634567335298
3091.672754	12.633936430158
3091.827341	12.633306088949
3091.981936	12.632677169868
3092.136539	12.632051685468
3092.291150	12.631435832198
3092.445768	12.630844912119
3092.600395	12.630292131511
3092.755029	12.629776369404
3092.909670	12.629299836009
3093.064319	12.628886167186
3093.218977	12.628630779325
3093.373641	12.628895108886
3093.528314	12.630905911626
3093.682994	12.638386275595
3093.837682	12.661506010864
3093.992378	12.725304404519
3094.147081	12.885187251210
3094.301793	13.250589572144
3094.456512	14.012334599082
3094.611238	15.458640362313
3094.765973	17.953087798299
3094.920715	21.845601896389
3095.075465	27.308938609650
3095.230222	34.141347821125
3095.384988	41.631497086104
3095.539761	48.598998248232
3095.694542	53.666469226678
3095.849330	55.695529868929
3096.004127	54.201841201497
3096.158931	49.543023530437
3096.313743	42.779723528358
3096.468562	35.283639988165
3096.623390	28.289868391752
3096.778225	22.590781288525
3096.933067	18.460556456769
3097.087918	15.770619173789
3097.242776	14.185477825597
3097.397642	13.335979891672
3097.552516	12.920108810508
3097.707397	12.733241451148
3097.862287	12.655678469683
3098.017184	12.625618295295
3098.172088	12.614496123919
3098.327001	12.610358232639
3098.481921	12.608627642321
3098.636849	12.607682620538
3098.791785	12.606984609107
3098.946728	12.606363389695
3099.101679	12.605766702779
3099.256638	12.605178454802
3099.411605	12.604593417588
3099.566580	12.604009700517
3099.721562	12.603426532413
3099.876552	12.602843577452
3100.031549	12.602260688702
3100.186555	12.601677806085
3100.341568	12.601094905993
3100.496589	12.600511980950
3100.651618	12.599929028218
3100.806654	12.599346048045
3100.961698	12.598763040508
3101.116750	12.598180006791
3101.271810	12.597596946982
3101.426878	12.597013861438
3101.581953	12.596430748608
3101.737036	12.595847606854
3101.892126	12.595264433101
3102.047225	12.594681225775
3102.202331	12.594097984356
3102.357445	12.593514744627
3102.512567	12.592932357212
3102.667696	12.592357451096
3102.822834	12.591804877251
3102.977979	12.591276285141
3103.133131	12.590756996816
3103.288292	12.590238982222
3103.443460	12.589721018271
3103.598636	12.589203027984
3103.753820	12.588684997624
3103.909012	12.588166949118
3104.064211	12.587648971309
3104.219418	12.587131255061
3104.374633	12.586614109854
3104.529856	12.586097944730
3104.685086	12.585583179511
3104.840324	12.585070081344
3104.995570	12.584558551544
3105.150824	12.584047959041
3105.306085	12.583537134522
3105.461354	12.583024611112
3105.616631	12.582509064687
3105.771916	12.581989785651
3105.927208	12.581466948094
3106.082509	12.580941541863
3106.237817	12.580414997438
3106.393132	12.579888702322
3106.548456	12.579363624791
3106.703787	12.578840179835
3106.859126	12.578318319938
3107.014473	12.577797767606
3107.169828	12.577278346015
3107.325190	12.576760653907
3107.480560	12.576248115938
3107.635938	12.575753598573
3107.791324	12.575318996621
3107.946717	12.575067036612
3108.102119	12.575322339301
3108.257528	12.576857929942
3108.412944	12.581322194851
3108.568369	12.591836280762
3108.723801	12.613578716611
3108.879241	12.653901369529
3109.034689	12.721302224044
3109.190145	12.822703747653
3109.345608	12.959236641255
3109.501079	13.121982265397
3109.656558	13.290190261864
3109.812045	13.434262778485
3109.967539	13.523781265777
3110.123042	13.537836733806
3110.278552	13.472907193184
3110.434070	13.344239557117
3110.589595	13.179991565336
3110.745129	13.011208620580
3110.900670	12.862487720937
3111.056219	12.747038345846
3111.211775	12.666936116201
3111.367340	12.616805346795
3111.522912	12.588296924753
3111.678492	12.573436651613
3111.834080	12.566227255072
3111.989675	12.562861154718
3112.145279	12.561235290777
3112.300890	12.560322558897
3112.456509	12.559675080968
3112.612136	12.559117330567
3112.767770	12.558586200191
3112.923412	12.558044785785
3113.079063	12.557400068382
3113.234720	12.556538532817
3113.390386	12.555514874945
3113.546059	12.554447793215
3113.701741	12.553376660418
3113.857430	12.552305366676
3114.013126	12.551234018985
3114.168831	12.550162617216
3114.324543	12.549091159114
3114.480263	12.548019644735
3114.635991	12.546948075625
3114.791727	12.545876465424
3114.947470	12.544804855450
3115.103222	12.543733368450
3115.258981	12.542662326662
3115.414748	12.541592513610
3115.570522	12.540525641237
3115.726305	12.539465057428
3115.882095	12.538416522794
3116.037893	12.537388593209
3116.193699	12.536391794241
3116.349512	12.535435799910
3116.505334	12.534524523285
3116.661163	12.533650515429
3116.817000	12.532791576294
3116.972844	12.531912774407
3117.128697	12.530975121801
3117.284557	12.529948584298
3117.440425	12.528824094760
3117.596301	12.527619382102
3117.752185	12.526377091051
3117.908077	12.525158600433
3118.063976	12.524039134142
3118.219883	12.523106953178
3118.375798	12.522462609148
3118.531721	12.522208120114
3118.687651	12.522416422171
3118.843589	12.523081986589
3118.999535	12.524071253530
3119.155489	12.525105229846
3119.311451	12.525802641430
3119.467420	12.525784652693
3119.623398	12.524803942624
3119.779383	12.522837736163
3119.935376	12.520096379208
3120.091376	12.516942750774
3120.247385	12.513764334078
3120.403401	12.510859284747
3120.559425	12.508380283545
3120.715457	12.506342810877
3120.871497	12.504673700991
3121.027544	12.503266945673
3121.183599	12.502023946066
3121.339662	12.500871797856
3121.495733	12.499764829988
3121.651812	12.498678106085
3121.807899	12.497599573381
3121.963993	12.496524028397
3122.120095	12.495449449796
3122.276205	12.494375130127
3122.432323	12.493300843559
3122.588448	12.492226526062
3122.744581	12.491152159702
3122.900723	12.490077741269
3123.056871	12.489003308367
3123.213028	12.487930470875
3123.369193	12.486877163372
3123.525365	12.485903616504
3123.681545	12.485046392784
3123.837733	12.484250551261
3123.993929	12.483466179573
3124.150133	12.482682498605
3124.306344	12.481898792943
3124.462563	12.481115051982
3124.618790	12.480331273239
3124.775025	12.479547454298
3124.931268	12.478763590921
3125.087518	12.477979680783
3125.243777	12.477195721973
3125.400043	12.476411716043
3125.556317	12.475627665118
3125.712598	12.474843573389
3125.868888	12.474059443442
3126.025185	12.473275277983
3126.181490	12.472491077102
3126.337803	12.471706841131
3126.494124	12.470922568593
3126.650453	12.470138259215
3126.806789	12.469353911659
3126.963133	12.468569526069
3127.119486	12.467785101525
3127.275845	12.467000638451
3127.432213	12.466216135959
3127.588589	12.465431594423
3127.744972	12.464647012915
3127.901363	12.463862391889
3128.057762	12.463077730664
3128.214169	12.462293030056
3128.370584	12.461508289894
3128.527006	12.460723511759
3128.683436	12.459938697108
3128.839874	12.459153852053
3128.996320	12.458368991022
3129.152774	12.457584155958
3129.309236	12.456799453162
3129.465705	12.456015139343
3129.622182	12.455231771296
3129.778667	12.454450438113
3129.935160	12.453673020486
3130.091661	12.452902343534
3130.248169	12.452141970915
3130.404685	12.451395405501
3130.561210	12.450664651444
3130.717742	12.449948529851
3130.874281	12.449241543513
3131.030829	12.448534159620
3131.187384	12.447814822382
3131.343948	12.447073088970
3131.500519	12.446302545783
3131.657098	12.445502254536
3131.813685	12.444676299701
3131.970279	12.443832025549
3132.126882	12.442977961312
3132.283492	12.442122185833
3132.440110	12.441271299681
3132.596736	12.440429868056
3132.753370	12.439600198748
3132.910011	12.438782476494
3133.066661	12.437975256639
3133.223318	12.437176201883
3133.379983	12.436382814659
3133.536656	12.435593181174
3133.693337	12.434810954604
3133.850025	12.434071841598
3134.006722	12.433447449891
3134.163426	12.432935062254
3134.320138	12.432462176890
3134.476858	12.431994163026
3134.633586	12.431526359855
3134.790321	12.431058695371
3134.947065	12.430591679292
3135.103816	12.430127237830
3135.260575	12.429671957261
3135.417342	12.429246291839
3135.574117	12.428907781639
3135.730899	12.428802573126
3135.887690	12.429264302023
3136.044488	12.430973042965
3136.201294	12.435154441019
3136.358108	12.443729475312
3136.514930	12.459237484276
3136.671760	12.484314725812
3136.828597	12.520622926054
3136.985443	12.567435496930
3137.142296	12.620504486588
3137.299157	12.672044017572
3137.456026	12.712373577469
3137.612902	12.732931925410
3137.769787	12.729442624275
3137.926679	12.703657807247
3138.083580	12.662702723838
3138.240488	12.616304095520
3138.397404	12.573287688273
3138.554328	12.538990573122
3138.711259	12.514558758773
3138.868199	12.498028322935
3139.025146	12.486286753500
3139.182101	12.476838752160
3139.339064	12.468677841160
3139.496035	12.462149614000
3139.653014	12.458157885081
3139.810000	12.457248170629
3139.966995	12.459022313011
3140.123997	12.462105114075
3140.281007	12.464620364135
3140.438025	12.464926445078
3140.595051	12.462272099124
3140.752085	12.457089106964
3140.909126	12.450814354164
3141.066176	12.445341474582
3141.223233	12.442335595312
3141.380298	12.442657579110
3141.537371	12.446069115245
3141.694452	12.451291653855
3141.851540	12.456402083249
3142.008637	12.459455106558
3142.165741	12.459132454505
3142.322853	12.455181347087
3142.479973	12.448474766838
3142.637101	12.440692111518
3142.794237	12.433781796370
3142.951381	12.429424618150
3143.108532	12.428646540285
3143.265692	12.431614797138
3143.422859	12.437593399276
3143.580034	12.445057061630
3143.737217	12.451999554082
3143.894408	12.456435150168
3144.051606	12.456976115006
3144.208813	12.453264470719
3144.366027	12.446054164111
3144.523249	12.436924454914
3144.680480	12.427784426639
3144.837718	12.420358618363
3144.994963	12.415875848547
3145.152217	12.415002626386
3145.309479	12.417871090109
3145.466748	12.424069607527
3145.624025	12.432580842469
3145.781310	12.441781104133
3145.938603	12.449652989272
3146.095904	12.454256667364
3146.253213	12.454317839008
3146.410530	12.449660585638
3146.567854	12.441253077579
3146.725186	12.430835000189
3146.882527	12.420320988621
3147.039875	12.411274955995
3147.197231	12.404668635524
3147.354594	12.400949661152
3147.511966	12.400276220649
3147.669346	12.402713851009
3147.826733	12.408246290560
3147.984128	12.416581592689
3148.141531	12.426877697916
3148.298942	12.437598735300
3148.456361	12.446687696492
3148.613788	12.452085039332
3148.771223	12.452407700089
3148.928665	12.447465098738
3149.086115	12.438338879493
3149.243574	12.426979245641
3149.401040	12.415524315853
3149.558514	12.405667815650
3149.715996	12.398323674774
3149.873485	12.393648404120
3150.030983	12.391317318266
3150.188489	12.390887071992
3150.346002	12.392099814749
3150.503523	12.395032626878
3150.661052	12.400037646362
3150.818589	12.407466466030
3150.976134	12.417255954239
3151.133687	12.428555478437
3151.291247	12.439628893561
3151.448816	12.448186703056
3151.606392	12.452091659579
3151.763977	12.450143887593
3151.921569	12.442556844928
3152.079169	12.430875862023
3152.236777	12.417388240544
3152.394392	12.404335485208
3152.552016	12.393295315601
3152.709648	12.384948452420
3152.867287	12.379213329829
3153.024934	12.375576119675
3153.182590	12.373427423483
3153.340253	12.372298258543
3153.497924	12.371983195302
3153.655602	12.372586418192
3153.813289	12.374517237410
3153.970984	12.378420159311
3154.128686	12.384993897270
3154.286397	12.394671919232
3154.444115	12.407220838588
3154.601841	12.421426019908
3154.759575	12.435095990175
3154.917317	12.445526724968
3155.075067	12.450307929934
3155.232824	12.448171836062
3155.390590	12.439506196660
3155.548364	12.426205848632
3155.706145	12.410951436579
3155.863934	12.396304140861
3156.021731	12.384023557645
3156.179536	12.374832615682
3156.337349	12.368592186313
3156.495170	12.364679078008
3156.652999	12.362350724321
3156.810835	12.360975716365
3156.968680	12.360119670755
3157.126532	12.359539213752
3157.284393	12.359147688469
3157.442261	12.358997156659
3157.600137	12.359295150866
3157.758021	12.360448355905
3157.915913	12.363097009406
3158.073812	12.368075918114
3158.231720	12.376230700268
3158.389635	12.388060213182
3158.547559	12.403262587315
3158.705490	12.420389978140
3158.863429	12.436873214986
3159.021377	12.449566791436
3159.179332	12.455699033098
3159.337294	12.453838641577
3159.495265	12.444410568280
3159.653244	12.429502962134
3159.811231	12.412078792718
3159.969225	12.394998340985
3160.127228	12.380287286365
3160.285238	12.368876316213
3160.443256	12.360764259395
3160.601282	12.355392230739
3160.759316	12.352013344507
3160.917358	12.349938676579
3161.075408	12.348644239480
3161.233466	12.347780952354
3161.391531	12.347139276199
3161.549605	12.346604675848
3161.707686	12.346121669541
3161.865776	12.345672437222
3162.023873	12.345271911970
3162.181978	12.344982075309
3162.340091	12.344949737725
3162.498212	12.345468812041
3162.656341	12.347053638882
3162.814478	12.350481629177
3162.972622	12.356732324120
3163.130775	12.366744682305
3163.288935	12.380973749746
3163.447104	12.398859207377
3163.605280	12.418467293033
3163.763464	12.436610867975
3163.921656	12.449592982452
3164.079856	12.454384180479
3164.238064	12.449731121538
3164.396280	12.436644667152
3164.554504	12.418009120910
3164.712736	12.397522141627
3164.870975	12.378501183472
3165.029223	12.363083307282
3165.187478	12.352047707663
3165.345742	12.345139767383
3165.504013	12.341591388622
3165.662292	12.340559409995
3165.820579	12.341322499326
3165.978874	12.343262474670
3166.137177	12.345768906009
3166.295488	12.348181560299
3166.453806	12.349837895845
3166.612133	12.350215115981
3166.770468	12.349086284520
3166.928810	12.346593590795
3167.087161	12.343187484322
3167.245519	12.339457892697
3167.403885	12.335940376072
3167.562259	12.332982896245
3167.720641	12.330714192151
3167.879031	12.329100679525
3168.037429	12.328050046772
3168.195835	12.327524805940
3168.354249	12.327650657256
3168.512670	12.328815937697
3168.671100	12.331743053355
3168.829538	12.337474149153
3168.987983	12.347182501419
3169.146436	12.361745359066
3169.304898	12.381130759823
3169.463367	12.403829602513
3169.621844	12.426694608943
3169.780329	12.445477572901
3169.938822	12.456039409205
3170.097323	12.455787611181
3170.255832	12.444662564256
3170.414349	12.425161633325
3170.572873	12.401386986829
3170.731406	12.377613047576
3170.889946	12.357052995288
3171.048495	12.341287406011
3171.207051	12.330398996078
3171.365616	12.323529540646
3171.524188	12.319494492476
3171.682768	12.317213644873
3171.841356	12.315898647313
3171.999952	12.315060703028
3172.158556	12.314435300225
3172.317168	12.313895634778
3172.475788	12.313387365578
3172.634416	12.312889549081
3172.793051	12.312394896176
3172.951695	12.311901113057
3173.110346	12.311407551349
3173.269006	12.310914062285
3173.427673	12.310420665611
3173.586349	12.309927557185
3173.745032	12.309435452880
3173.903723	12.308946744773
3174.062422	12.308468724832
3174.221129	12.308021526359
3174.379844	12.307655257705
3174.538567	12.307481850151
3174.697298	12.307724323271
3174.856037	12.308775210019
3175.014784	12.311235365892
3175.173539	12.315882171172
3175.332301	12.323515006917
3175.491072	12.334671526094
3175.649850	12.349305444700
3175.808637	12.366612378480
3175.967431	12.385191231998
3176.126234	12.403558759883
3176.285044	12.420764250731
3176.443862	12.436676079735
3176.602688	12.451620466614
3176.761522	12.465492574322
3176.920364	12.476935248230
3177.079214	12.483276038023
3177.238072	12.481476227545
3177.396938	12.469642840198
3177.555812	12.448210320183
3177.714694	12.420069922105
3177.873583	12.389579711872
3178.032481	12.361043450899
3178.191387	12.337453319803
3178.350300	12.319997299653
3178.509222	12.308328767920
3178.668151	12.301242126683
3178.827089	12.297347368446
3178.986034	12.295500487210
3179.144987	12.294950091005
3179.303948	12.295281714444
3179.462918	12.296268698526
3179.621895	12.297715967682
3179.780880	12.299354228271
3179.939873	12.300817234290
3180.098874	12.301705965835
3180.257883	12.301707312634
3180.416899	12.300706179349
3180.575924	12.298830372985
3180.734957	12.296402739979
3180.893998	12.293825334136
3181.053046	12.291452745293
3181.212103	12.289508004388
3181.371168	12.288062359074
3181.530240	12.287065699967
3181.689321	12.286398252469
3181.848409	12.285918922715
3182.007506	12.285499818807
3182.166610	12.285046933862
3182.325722	12.284509610588
3182.484842	12.283879861725
3182.643971	12.283182250111
3182.803107	12.282457439043
3182.962251	12.281745173787
3183.121403	12.281072508375
3183.280563	12.280450025573
3183.439731	12.279874874410
3183.598907	12.279337149324
3183.758091	12.278826506514
3183.917283	12.278338290442
3184.076483	12.277881827081
3184.235691	12.277497441769
3184.394906	12.277292836593
3184.554130	12.277511449443
3184.713362	12.278638987173
3184.872601	12.281530082201
3185.031849	12.287489730245
3185.191105	12.298189754847
3185.350368	12.315284593462
3185.509640	12.339679571082
3185.668919	12.370620385402
3185.828207	12.405039575487
3185.987502	12.437724205032
3186.146805	12.462710503384
3186.306117	12.475944451656
3186.465436	12.479083395226
3186.624763	12.484827335744
3186.784098	12.525373705852
3186.943442	12.666597839833
3187.102793	13.029072113622
3187.262152	13.810707479275
3187.421519	15.294984151901
3187.580894	17.818388941176
3187.740277	21.672764934404
3187.899668	26.944146880189
3188.059067	33.338667449551
3188.218474	40.091705467571
3188.377889	46.057408102445
3188.537312	50.004354302904
3188.696743	51.024514877985
3188.856181	48.872008886981
3189.015628	44.059013985072
3189.175083	37.658034974587
3189.334546	30.914293331643
3189.494016	24.859324219533
3189.653495	20.085380413375
3189.812982	16.729487020622
3189.972476	14.607560007318
3190.131979	13.393975449287
3190.291490	12.763776932315
3190.451008	12.465792838352
3190.610535	12.337168663366
3190.770069	12.286313661843
3190.929612	12.267763866140
3191.089162	12.261390407633
3191.248721	12.259190932939
3191.408287	12.258295119208
3191.567861	12.257771242121
3191.727444	12.257345429402
3191.887034	12.256945754850
3192.046633	12.256557262774
3192.206239	12.256180580381
3192.365853	12.255820836610
3192.525475	12.255483757279
3192.685106	12.255172501904
3192.844744	12.254884292366
3193.004390	12.254608024198
3193.164044	12.254324681559
3193.323707	12.254011577568
3193.483377	12.253649445508
3193.643055	12.253229429504
3193.802741	12.252756510411
3193.962435	12.252247570409
3194.122137	12.251725114612
3194.281847	12.251209853627
3194.441565	12.250715475375
3194.601292	12.250247292680
3194.761026	12.249804380789
3194.920768	12.249383752778
3195.080518	12.248985460867
3195.240276	12.248618766420
3195.400042	12.248310882919
3195.559816	12.248120941516
3195.719598	12.248163221044
3195.879388	12.248646137618
3196.039186	12.249936448933
3196.198992	12.252655869150
3196.358806	12.257798263825
3196.518627	12.266807374394
3196.678457	12.281488937763
3196.838295	12.303596153636
3196.998141	12.334013143368
3197.157995	12.371705711852
3197.317857	12.412928435989
3197.477727	12.451322771698
3197.637605	12.479299626510
3197.797491	12.490414037427
3197.957385	12.481732017595
3198.117286	12.455014986665
3198.277196	12.416077702412
3198.437114	12.372654438468
3198.597040	12.331852620786
3198.756974	12.298339585276
3198.916916	12.273825812132
3199.076866	12.257666382894
3199.236823	12.247967411469
3199.396789	12.242595450246
3199.556763	12.239782760739
3199.716745	12.238321685216
3199.876735	12.237502517342
3200.036733	12.236958780297
3200.196738	12.236522179690
3200.356752	12.236123445185
3200.516774	12.235736888073
3200.676804	12.235353893788
3200.836842	12.234971846730
3200.996888	12.234590048977
3201.156941	12.234208431532
3201.317003	12.233827400218
3201.477073	12.233448549045
3201.637151	12.233077098963
3201.797237	12.232728481169
3201.957331	12.232443941204
3202.117433	12.232322799596
3202.277542	12.232579376312
3202.437660	12.233624790164
3202.597786	12.236151241148
3202.757920	12.241159400423
3202.918062	12.249835751872
3203.078212	12.263198179797
3203.238370	12.281520929601
3203.398536	12.303724809605
3203.558710	12.327073097971
3203.718892	12.347510410208
3203.879082	12.360722980098
3204.039280	12.363578909007
3204.199486	12.355299358837
3204.359700	12.337762572083
3204.519921	12.314778829253
3204.680151	12.290718751431
3204.840390	12.269166739450
3205.000636	12.252151591009
3205.160890	12.240112104059
3205.321152	12.232378205620
3205.481422	12.227800831324
3205.641700	12.225244358931
3205.801986	12.223835845252
3205.962280	12.223011505853
3206.122582	12.222455125896
3206.282892	12.222010028661
3206.443210	12.221606906069
3206.603537	12.221218193842
3206.763871	12.220833988339
3206.924213	12.220451061546
3207.084563	12.220068456846
3207.244921	12.219685915115
3207.405288	12.219303374155
3207.565662	12.218920905194
3207.726044	12.218539702804
3207.886435	12.218164865074
3208.046833	12.217801291238
3208.207239	12.217444918443
3208.367654	12.217090177280
3208.528076	12.216735546944
3208.688506	12.216380901854
3208.848945	12.216026239101
3209.009391	12.215671559359
3209.169846	12.215316863333
3209.330308	12.214962154316
3209.490779	12.214607443017
3209.651257	12.214252775386
3209.811744	12.213898341935
3209.972239	12.213544897930
3210.132741	12.213195194715
3210.293252	12.212858382681
3210.453770	12.212562094867
3210.614297	12.212381861933
3210.774832	12.212503888192
3210.935375	12.213340000748
3211.095925	12.215701579389
3211.256484	12.220996566712
3211.417051	12.231335045552
3211.577626	12.249346506495
3211.738209	12.277504226908
3211.898800	12.316917419132
3212.059399	12.365918293318
3212.220006	12.419151937415
3212.380621	12.467978421516
3212.541244	12.502537249466
3212.701875	12.514918669962
3212.862514	12.502069576906
3213.023161	12.466979834879
3213.183816	12.417524436131
3213.344479	12.363567043297
3213.505151	12.313784744027
3213.665830	12.273590308916
3213.826517	12.244722040640
3213.987213	12.226158904793
3214.147916	12.215553022512
3214.308627	12.210452703450
3214.469347	12.208967660681
3214.630074	12.209896749012
3214.790810	12.212518406601
3214.951553	12.216270685481
3215.112305	12.220498754001
3215.273065	12.224375858420
3215.433832	12.227020540125
3215.594608	12.227742047044
3215.755392	12.226279017386
3215.916184	12.222895727674
3216.076983	12.218277627076
3216.237791	12.213279071909
3216.398607	12.208648566757
3216.559431	12.204849791545
3216.720263	12.202026747296
3216.881103	12.200082731523
3217.041951	12.198803144777
3217.202807	12.197960070509
3217.363672	12.197370767922
3217.524544	12.196913452582
3217.685424	12.196517987707
3217.846312	12.196148729428
3218.007209	12.195789442085
3218.168113	12.195433364659
3218.329025	12.195077583321
3218.489946	12.194718462429
3218.650874	12.194348491126
3218.811811	12.193965386602
3218.972756	12.193576388770
3219.133708	12.193186485308
3219.294669	12.192796705148
3219.455638	12.192407190252
3219.616615	12.192017948977
3219.777599	12.191628932515
3219.938592	12.191240075116
3220.099593	12.190851322526
3220.260602	12.190462651623
3220.421619	12.190074079870
3220.582644	12.189685673494
3220.743678	12.189297546811
3220.904719	12.188909848357
3221.065768	12.188522717393
3221.226825	12.188136214028
3221.387891	12.187750236240
3221.548964	12.187364470279
3221.710046	12.186978415438
3221.871135	12.186591507423
3222.032233	12.186203304254
3222.193338	12.185813669498
3222.354452	12.185422896128
3222.515574	12.185031836532
3222.676704	12.184642317739
3222.837842	12.184258494838
3222.998987	12.183890290626
3223.160141	12.183560573961
3223.321303	12.183317633168
3223.482474	12.183252659765
3223.643652	12.183517095116
3223.804838	12.184327201919
3223.966032	12.185937294148
3224.127235	12.188566057749
3224.288445	12.192279991169
3224.449663	12.196871342886
3224.610890	12.201796641085
3224.772124	12.206237878118
3224.933367	12.209300395910
3225.094618	12.210286087739
3225.255877	12.208925758721
3225.417143	12.205463689202
3225.578418	12.200558664976
3225.739701	12.195055756804
3225.900992	12.189736027165
3226.062291	12.185142082254
3226.223598	12.181521541033
3226.384914	12.178871697179
3226.546237	12.177036200092
3226.707568	12.175804215503
3226.868908	12.174982788412
3227.030255	12.174435571894
3227.191611	12.174094874155
3227.352974	12.173956557932
3227.514346	12.174062948660
3227.675726	12.174473528052
3227.837114	12.175223152599
3227.998510	12.176274977757
3228.159913	12.177486523385
3228.321325	12.178612497273
3228.482746	12.179357859764
3228.644174	12.179469189200
3228.805610	12.178826287720
3228.967054	12.177488911679
3229.128507	12.175674492958
3229.289967	12.173680842233
3229.451436	12.171787980635
3229.612912	12.170175470406
3229.774397	12.168905539410
3229.935890	12.167958447513
3230.097391	12.167279738387
3230.258900	12.166836308632
3230.420416	12.166686437683
3230.581942	12.167083743263
3230.743475	12.168642695174
3230.905016	12.172569537810
3231.066565	12.180892820360
3231.228123	12.196517257494
3231.389688	12.222833086113
3231.551262	12.262653362600
3231.712843	12.316544380353
3231.874433	12.381111426778
3232.036031	12.448233280534
3232.197636	12.506175126330
3232.359250	12.542732095413
3232.520872	12.549353340687
3232.682502	12.524355506687
3232.844141	12.473581093473
3233.005787	12.408150531890
3233.167441	12.340488779041
3233.329104	12.280556568708
3233.490774	12.233800984910
3233.652453	12.201190042192
3233.814139	12.180652718136
3233.975834	12.168871418060
3234.137537	12.162642091011
3234.299248	12.159537934574
3234.460967	12.158009681953
3234.622694	12.157197660931
3234.784429	12.156680344007
3234.946172	12.156273347503
3235.107924	12.155904611589
3235.269683	12.155550148924
3235.431451	12.155207514863
3235.593226	12.154892314603
3235.755010	12.154655679542
3235.916802	12.154634931788
3236.078602	12.155165116163
3236.240410	12.156989897490
3236.402226	12.161597569155
3236.564050	12.171640827114
3236.725882	12.191254863817
3236.887722	12.225903226143
3237.049571	12.281287072217
3237.211427	12.361074102187
3237.373292	12.463851055028
3237.535165	12.580591654598
3237.697046	12.694430005635
3237.858934	12.783982037845
3238.020831	12.829734491706
3238.182737	12.821031602840
3238.344650	12.760384632402
3238.506571	12.663063984954
3238.668500	12.552659901493
3238.830438	12.455720748812
3238.992383	12.399059431535
3239.154337	12.411386047234
3239.316299	12.527544551037
3239.478269	12.790490606046
3239.640247	13.245039240605
3239.802233	13.920012602435
3239.964227	14.802017372569
3240.126229	15.812544189082
3240.288240	16.804723097419
3240.450258	17.591226842888
3240.612285	17.999503553259
3240.774319	17.932660811143
3240.936362	17.406532232848
3241.098413	16.543418512883
3241.260472	15.525864502172
3241.422539	14.534221918274
3241.584614	13.696975154101
3241.746697	13.071185951869
3241.908789	12.652209376371
3242.070888	12.399126069546
3242.232996	12.260519972039
3242.395112	12.191424030802
3242.557235	12.159934733653
3242.719367	12.146716470064
3242.881507	12.141512343227
3243.043655	12.139497175782
3243.205812	12.138645288618
3243.367976	12.138203853929
3243.530148	12.137944007911
3243.692329	12.137843209726
3243.854518	12.137964114306
3244.016714	12.138402081309
3244.178919	12.139241809363
3244.341132	12.140504551472
3244.503353	12.142095337151
3244.665583	12.143777686553
3244.827820	12.145203768441
3244.990065	12.146005969422
3245.152319	12.145920107193
3245.314581	12.144884395633
3245.476851	12.143063627685
3245.639128	12.140785617626
3245.801414	12.138423418591
3245.963709	12.136280876576
3246.126011	12.134528203928
3246.288321	12.133200223066
3246.450640	12.132238137417
3246.612966	12.131543370024
3246.775301	12.131019275382
3246.937644	12.130592058332
3247.099995	12.130214467237
3247.262354	12.129860432126
3247.424721	12.129517497727
3247.587096	12.129180571353
3247.749480	12.128847830531
3247.911871	12.128518381632
3248.074271	12.128191067471
3248.236679	12.127864028404
3248.399094	12.127534831871
3248.561518	12.127201013531
3248.723951	12.126860799058
3248.886391	12.126513689488
3249.048839	12.126160644075
3249.211296	12.125803762923
3249.373760	12.125445614096
3249.536233	12.125088494139
3249.698714	12.124733915235
3249.861203	12.124382455472
3250.023700	12.124033932276
3250.186205	12.123687732298
3250.348719	12.123343132114
3250.511240	12.122999504733
3250.673770	12.122656390819
3250.836308	12.122313410719
3250.998854	12.121970163892
3251.161408	12.121626529859
3251.323970	12.121282726188
3251.486540	12.120938887685
3251.649118	12.120595034066
3251.811705	12.120251165053
3251.974299	12.119907281867
3252.136902	12.119563390334
3252.299513	12.119219516196
3252.462132	12.118875754195
3252.624759	12.118532432238
3252.787395	12.118190588416
3252.950038	12.117853232151
3253.112690	12.117528291830
3253.275349	12.117234656486
3253.438017	12.117012758649
3253.600693	12.116939716403
3253.763377	12.117144997795
3253.926070	12.117815960035
3254.088770	12.119176816132
3254.251478	12.121426315323
3254.414195	12.124635829481
3254.576920	12.128638805196
3254.739653	12.132969924246
3254.902394	12.136912430208
3255.065143	12.139671188204
3255.227900	12.140620626281
3255.390666	12.139522916883
3255.553439	12.136613624099
3255.716221	12.132514044041
3255.879011	12.128014606316
3256.041809	12.123828526606
3256.204615	12.120413323982
3256.367429	12.117910784034
3256.530252	12.116198850801
3256.693083	12.115010306022
3256.855921	12.114062388644
3257.018768	12.113153785949
3257.181623	12.112210932676
3257.344486	12.111295955353
3257.507358	12.110615825769
3257.670237	12.110588199239
3257.833125	12.112014206777
3257.996020	12.116368206299
3258.158924	12.126122479816
3258.321836	12.144885548297
3258.484756	12.177006163200
3258.647685	12.226325232679
3258.810621	12.294087739506
3258.973566	12.376657724397
3259.136518	12.464277066234
3259.299479	12.542145280728
3259.462448	12.594194466322
3259.625426	12.608400575024
3259.788411	12.581261188397
3259.951404	12.519161159403
3260.114406	12.435904019218
3260.277416	12.347708420045
3260.440434	12.268142452470
3260.603460	12.205105766218
3260.766494	12.160544201894
3260.929537	12.132155056783
3261.092587	12.115724989208
3261.255646	12.107005288359
3261.418713	12.102691308738
3261.581788	12.100630755776
3261.744871	12.099610437102
3261.907962	12.099028233234
3262.071062	12.098614345434
3262.234169	12.098258350533
3262.397285	12.097920447855
3262.560409	12.097587879805
3262.723541	12.097256846747
3262.886681	12.096926281175
3263.049830	12.096595910365
3263.212986	12.096265712939
3263.376151	12.095935794989
3263.539324	12.095606372690
3263.702505	12.095277764967
3263.865694	12.094950343195
3264.028892	12.094624417480
3264.192097	12.094300065921
3264.355311	12.093976972180
3264.518533	12.093654363999
3264.681763	12.093331134297
3264.845001	12.093006132372
3265.008247	12.092678513688
3265.171502	12.092347977388
3265.334764	12.092014785839
3265.498035	12.091679581676
3265.661314	12.091343134278
3265.824601	12.091006146807
3265.987897	12.090669182259
3266.151200	12.090332667944
3266.314512	12.089996914800
3266.477832	12.089662111645
3266.641160	12.089328311983
3266.804496	12.088995437705
3266.967840	12.088663317661
3267.131192	12.088331742570
3267.294553	12.088000517519
3267.457922	12.087669490674
3267.621299	12.087338561067
3267.784684	12.087007669125
3267.948077	12.086676784352
3268.111479	12.086345892175
3268.274888	12.086014986939
3268.438306	12.085684066088
3268.601732	12.085353129166
3268.765167	12.085022175628
3268.928609	12.084691205716
3269.092059	12.084360219119
3269.255518	12.084029216104
3269.418985	12.083698196391
3269.582460	12.083367160322
3269.745943	12.083036107592
3269.909435	12.082705038565
3270.072934	12.082373953233
3270.236442	12.082042852452
3270.399958	12.081711737199
3270.563482	12.081380610084
3270.727014	12.081049474765
3270.890555	12.080718337073
3271.054103	12.080387203164
3271.217660	12.080056078616
3271.381225	12.079724964027
3271.544798	12.079393852988
3271.708379	12.079062729494
3271.871969	12.078731571495
3272.035567	12.078400355541
3272.199172	12.078069076598
3272.362787	12.077738195857
3272.526409	12.077413200295
3272.690039	12.077113668950
3272.853678	12.076853182708
3273.017325	12.076614379574
3273.180979	12.076379963116
3273.344643	12.076146140845
3273.508314	12.075913111353
3273.671993	12.075682114666
3273.835681	12.075456282710
3273.999377	12.075243001318
3274.163081	12.075058245112
3274.326793	12.074933131318
3274.490514	12.074921308225
3274.654242	12.075102801056
3274.817979	12.075576747804
3274.981724	12.076435292157
3275.145477	12.077717509106
3275.309239	12.079356156100
3275.473008	12.081144471824
3275.636786	12.082753594510
3275.800572	12.083813258894
3275.964366	12.084034226456
3276.128168	12.083321771109
3276.291979	12.081828756243
3276.455798	12.079929804794
3276.619624	12.078143822295
3276.783460	12.077056224131
3276.947303	12.077273518710
3277.111154	12.079394275656
3277.275014	12.083938265115
3277.438882	12.091179455110
3277.602758	12.100896078899
3277.766642	12.112149081786
3277.930534	12.123260362598
3278.094435	12.132116704907
3278.258344	12.136765484829
3278.422261	12.136076108072
3278.586186	12.130155078823
3278.750120	12.120301297085
3278.914061	12.108522028031
3279.078011	12.096854909784
3279.241969	12.086805792441
3279.405935	12.079101244926
3279.569910	12.073764504149
3279.733892	12.070379679669
3279.897883	12.068378416323
3280.061882	12.067241010197
3280.225889	12.066585177988
3280.389905	12.066171143926
3280.553928	12.065867419525
3280.717960	12.065610331843
3280.882000	12.065372835872
3281.046048	12.065145324946
3281.210105	12.064925402298
3281.374169	12.064712761112
3281.538242	12.064506560697
3281.702323	12.064304169099
3281.866412	12.064101106913
3282.030510	12.063892312337
3282.194615	12.063674551027
3282.358729	12.063449282323
3282.522851	12.063224920181
3282.686981	12.063017387713
3282.851120	12.062848060328
3283.015266	12.062738567414
3283.179421	12.062702695653
3283.343584	12.062736529139
3283.507756	12.062807210966
3283.671935	12.062850515047
3283.836123	12.062802061397
3284.000319	12.062621221996
3284.164523	12.062288134573
3284.328735	12.061815575982
3284.492956	12.061258821281
3284.657185	12.060724007994
3284.821422	12.060411556089
3284.985667	12.060757101140
3285.149920	12.062763975964
3285.314182	12.068635619944
3285.478452	12.082755272220
3285.642730	12.112835497201
3285.807016	12.170625757535
3285.971310	12.271076943122
3286.135613	12.428764028961
3286.299924	12.651188368670
3286.464243	12.930603211201
3286.628570	13.238285888281
3286.792906	13.525968901706
3286.957250	13.736840439102
3287.121601	13.823464937113
3287.285962	13.765070582574
3287.450330	13.575590806337
3287.614707	13.298246008370
3287.779092	12.989526652960
3287.943485	12.700663533889
3288.107886	12.464790988009
3288.272295	12.293620909039
3288.436713	12.182085072450
3288.601139	12.116400348435
3288.765573	12.081295285354
3288.930016	12.064256657597
3289.094466	12.056837273322
3289.258925	12.054157914272
3289.423392	12.053767102748
3289.587867	12.054570659264
3289.752351	12.056083548372
3289.916843	12.057999117187
3290.081343	12.059994743905
3290.245851	12.061696109769
3290.410367	12.062737217009
3290.574892	12.062857278725
3290.739425	12.061978991899
3290.903966	12.060229373018
3291.068515	12.057894417520
3291.233073	12.055328892773
3291.397638	12.052859108201
3291.562212	12.050713440026
3291.726795	12.048997378245
3291.891385	12.047709245822
3292.055984	12.046779156382
3292.220591	12.046110979392
3292.385206	12.045613491213
3292.549829	12.045216144835
3292.714461	12.044872048325
3292.879101	12.044553785491
3293.043749	12.044247091999
3293.208405	12.043945319634
3293.373070	12.043645656536
3293.537742	12.043346948473
3293.702423	12.043048610908
3293.867113	12.042750183258
3294.031810	12.042451228122
3294.196516	12.042151468131
3294.361230	12.041852002701
3294.525952	12.041559609075
3294.690682	12.041283657380
3294.855421	12.041020698640
3295.020168	12.040761762801
3295.184923	12.040504196877
3295.349686	12.040248724836
3295.514458	12.039998039609
3295.679238	12.039760381188
3295.844026	12.039561162411
3296.008822	12.039474365694
3296.173627	12.039697586578
3296.338440	12.040708416463
3296.503261	12.043542324575
3296.668090	12.050195084271
3296.832927	12.064043535110
3296.997773	12.089995793797
3297.162627	12.133913836086
3297.327489	12.200895566364
3297.492360	12.292453056033
3297.657239	12.403478523581
3297.822126	12.520666933837
3297.987021	12.624086527578
3298.151924	12.692333370949
3298.316836	12.709646108463
3298.481756	12.671791901797
3298.646684	12.587716921436
3298.811621	12.476094013196
3298.976565	12.358577061917
3299.141518	12.253084756358
3299.306480	12.169890596109
3299.471449	12.111355265211
3299.636427	12.074265631834
3299.801413	12.052958983410
3299.966407	12.041796472961
3300.131409	12.036442605385
3300.296420	12.034143232828
3300.461439	12.033491037097
3300.626466	12.034110780479
3300.791502	12.036499546964
3300.956545	12.042058435136
3301.121597	12.053184533389
3301.286657	12.073156727553
3301.451726	12.105490324318
3301.616803	12.152573938076
3301.781888	12.213800127134
3301.946981	12.283961600389
3302.112082	12.353012667722
3302.277192	12.407990199537
3302.442310	12.436847209565
3302.607436	12.432709818439
3302.772571	12.396514834881
3302.937713	12.336642876906
3303.102864	12.265748377777
3303.268024	12.196416562392
3303.433191	12.137673712930
3303.598367	12.093582375911
3303.763551	12.063886120746
3303.928743	12.045770925194
3304.093944	12.035666848440
3304.259153	12.030440880067
3304.424370	12.027866972140
3304.589595	12.026595405275
3304.754829	12.025909460582
3304.920071	12.025470028091
3305.085321	12.025131468182
3305.250579	12.024835333311
3305.415846	12.024558833470
3305.581121	12.024293490365
3305.746404	12.024035912168
3305.911696	12.023784487730
3306.076995	12.023542905848
3306.242303	12.023327801843
3306.407619	12.023185707747
3306.572944	12.023229566516
3306.738277	12.023703858547
3306.903618	12.025078716555
3307.068967	12.028147765105
3307.234325	12.034061799903
3307.399691	12.044191252081
3307.565065	12.059721405474
3307.730447	12.080991251781
3307.895838	12.106785653780
3308.061237	12.133973688071
3308.226644	12.157885157812
3308.392059	12.173523486004
3308.557483	12.177229923553
3308.722915	12.168050654179
3308.888355	12.148109129452
3309.053804	12.121786940345
3309.219261	12.094142594104
3309.384726	12.069346924025
3309.550199	12.049778416573
3309.715681	12.035969970713
3309.881171	12.027159770098
3310.046669	12.022020948475
3310.212175	12.019235872961
3310.377690	12.017789336989
3310.543213	12.017024936977
3310.708744	12.016574665765
3310.874284	12.016256561685
3311.039832	12.015990295302
3311.205388	12.015743511611
3311.370952	12.015503426152
3311.536525	12.015264121095
3311.702106	12.015022129379
3311.867695	12.014776056028
3312.033293	12.014528411622
3312.198899	12.014289588693
3312.364513	12.014085345922
3312.530135	12.013969848122
3312.695766	12.014044841050
3312.861405	12.014480181807
3313.027052	12.015521605268
3313.192707	12.017462895176
3313.358371	12.020561147040
3313.524043	12.024896386118
3313.689724	12.030218820630
3313.855412	12.035867590217
3314.021109	12.040845977666
3314.186814	12.044077126689
3314.352528	12.044760847335
3314.518250	12.042671683531
3314.683980	12.038246974333
3314.849718	12.032417759525
3315.015465	12.026271902348
3315.181220	12.020715286175
3315.346983	12.016271990528
3315.512754	12.013067609901
3315.678534	12.010944881757
3315.844322	12.009620510249
3316.010118	12.008810134762
3316.175923	12.008293182844
3316.341736	12.007926297295
3316.507557	12.007629264823
3316.673387	12.007363244950
3316.839225	12.007110418999
3317.005071	12.006862457196
3317.170925	12.006617083066
3317.336788	12.006376974862
3317.502659	12.006153849477
3317.668538	12.005984816319
3317.834426	12.005977400458
3318.000322	12.006418359869
3318.166226	12.008005860255
3318.332138	12.012277566386
3318.498059	12.022266844073
3318.663988	12.043264264126
3318.829925	12.083268400345
3318.995871	12.152378427628
3319.161825	12.260321859878
3319.327787	12.411896796126
3319.493758	12.601472842139
3319.659736	12.809224959720
3319.825724	13.002278226528
3319.991719	13.142309181027
3320.157723	13.197706552500
3320.323735	13.155124508756
3320.489755	13.024672367434
3320.655784	12.836005721440
3320.821821	12.627401961251
3320.987866	12.433398088005
3321.153920	12.276574694697
3321.319981	12.166179287543
3321.486052	12.102840863720
3321.652130	12.086742025893
3321.818217	12.126576903487
3321.984312	12.247103219139
3322.150415	12.492702950564
3322.316527	12.923033944654
3322.482647	13.596587224521
3322.648775	14.541420968427
3322.814912	15.720594051455
3322.981057	17.009063014903
3323.147210	18.201586773123
3323.313371	19.060716725045
3323.479541	19.392480872555
3323.645719	19.117387122908
3323.811906	18.301284576427
3323.978100	17.129781422809
3324.144304	15.839724796803
3324.310515	14.642270189550
3324.476735	13.671153324033
3324.642963	12.970877846207
3324.809199	12.517391882083
3324.975444	12.252015530615
3325.141696	12.111077708916
3325.307958	12.042913577813
3325.474227	12.012779724241
3325.640505	12.000525748184
3325.806791	11.995869750296
3325.973086	11.994141601792
3326.139389	11.993439085671
3326.305700	11.993063765110
3326.472019	11.992783602531
3326.638347	11.992528615379
3326.804683	11.992279577959
3326.971027	11.992031668818
3327.137380	11.991783808031
3327.303741	11.991535909459
3327.470110	11.991289329449
3327.636488	11.991050448259
3327.802874	11.990826638019
3327.969268	11.990613502045
3328.135671	11.990403125525
3328.302082	11.990193051041
3328.468501	11.989983028920
3328.634929	11.989773032358
3328.801365	11.989563045841
3328.967809	11.989353060047
3329.134262	11.989143069539
3329.300722	11.988933071390
3329.467192	11.988723063271
3329.633669	11.988513043476
3329.800155	11.988303010325
3329.966649	11.988092963178
3330.133152	11.987882901863
3330.299662	11.987672827535
3330.466182	11.987462741864
3330.632709	11.987252648892
3330.799245	11.987042560636
3330.965789	11.986832526188
3331.132341	11.986622737070
3331.298902	11.986413887349
3331.465471	11.986208268305
3331.632049	11.986012753462
3331.798635	11.985846014168
3331.965229	11.985753799919
3332.131831	11.985836702723
3332.298442	11.986291715055
3332.465061	11.987458552178
3332.631688	11.989843157968
3332.798324	11.994072181501
3332.964968	12.000732627254
3333.131621	12.010094492223
3333.298281	12.021803432640
3333.464950	12.034729881449
3333.631628	12.047196750880
3333.798314	12.057727813257
3333.965008	12.066277462917
3334.131710	12.075703018865
3334.298421	12.093078771154
3334.465140	12.130289243260
3334.631867	12.203124049162
3334.798603	12.327996096991
3334.965347	12.515867531073
3335.132100	12.764431592725
3335.298860	13.051677952377
3335.465630	13.335270140976
3335.632407	13.560852579596
3335.799193	13.678158455319
3335.965987	13.658706656556
3336.132789	13.506615534319
3336.299600	13.256912027995
3336.466419	12.962226637115
3336.633247	12.674738280513
3336.800083	12.431739145850
3336.966927	12.249891816455
3337.133779	12.127972666643
3337.300640	12.054199221001
3337.467509	12.013697077177
3337.634387	11.993424979260
3337.801273	11.984113460590
3337.968167	11.980134888117
3338.135070	11.978498800993
3338.301981	11.977795009009
3338.468900	11.977428361794
3338.635827	11.977172660727
3338.802763	11.976949937586
3338.969708	11.976735993391
3339.136660	11.976524699869
3339.303621	11.976315156956
3339.470591	11.976108017565
3339.637568	11.975905090591
3339.804555	11.975709798703
3339.971549	11.975527912208
3340.138552	11.975368131544
3340.305563	11.975241916410
3340.472582	11.975161910215
3340.639610	11.975138771996
3340.806646	11.975177666026
3340.973691	11.975278284437
3341.140744	11.975445670169
3341.307805	11.975721847268
3341.474874	11.976248486731
3341.641952	11.977366849104
3341.809039	11.979752349155
3341.976133	11.984565859431
3342.143236	11.993579534162
3342.310347	12.009195924492
3342.477467	12.034232119122
3342.644595	12.071314894047
3342.811732	12.121804320599
3342.978876	12.184394018354
3343.146030	12.253909209931
3343.313191	12.321111575275
3343.480361	12.374201730915
3343.647539	12.401992221656
3343.814726	12.397687750665
3343.981921	12.361543677663
3344.149124	12.300986810298
3344.316335	12.228044222400
3344.483555	12.155327950688
3344.650784	12.092454614536
3344.818021	12.044278305130
3344.985266	12.011171283160
3345.152519	11.990605514756
3345.319781	11.978980024441
3345.487051	11.972949723803
3345.654330	11.970035203472
3345.821616	11.968677349527
3345.988912	11.968021036161
3346.156215	11.967651007960
3346.323527	11.967387054810
3346.490848	11.967158859592
3346.658176	11.966941644979
3346.825514	11.966727501823
3346.992859	11.966514137859
3347.160213	11.966300948368
3347.327575	11.966087788192
3347.494946	11.965874625145
3347.662324	11.965661452678
3347.829712	11.965448269082
3347.997107	11.965235074173
3348.164512	11.965021867614
3348.331924	11.964808649766
3348.499345	11.964595420761
3348.666774	11.964382181079
3348.834211	11.964168930890
3349.001657	11.963955670461
3349.169112	11.963742399680
3349.336574	11.963529118791
3349.504045	11.963315851505
3349.671525	11.963103131579
3349.839012	11.962894582625
3350.006508	11.962697010645
3350.174013	11.962509846932
3350.341526	11.962326232971
3350.509047	11.962143034224
3350.676577	11.961959844407
3350.844115	11.961776655561
3351.011661	11.961593505535
3351.179216	11.961410554448
3351.346779	11.961228425072
3351.514351	11.961049322789
3351.681931	11.960880357103
3351.849519	11.960742323873
3352.017116	11.960690245497
3352.184721	11.960855263064
3352.352334	11.961517318331
3352.519956	11.963207204793
3352.687586	11.966806978019
3352.855225	11.973571563946
3353.022872	11.984955897828
3353.190527	12.002153223905
3353.358191	12.025375629201
3353.525863	12.053125085124
3353.693543	12.081885933911
3353.861232	12.106644049375
3354.028929	12.122307565941
3354.196635	12.125614606889
3354.364349	12.116798816004
3354.532071	12.100418649604
3354.699802	12.085275704867
3354.867541	12.083802795143
3355.035289	12.111225867423
3355.203045	12.184152203698
3355.370809	12.317602292637
3355.538582	12.519804779742
3355.706363	12.785720207909
3355.874153	13.092542060775
3356.041950	13.401384603674
3356.209757	13.667298044208
3356.377571	13.854794945431
3356.545395	13.951265042878
3356.713226	13.970042720100
3356.881066	13.940194352019
3357.048914	13.888469782959
3357.216771	13.824332011712
3357.384636	13.737200798647
3357.552509	13.606953535635
3357.720391	13.420176102022
3357.888281	13.181661334167
3358.056180	12.914824897053
3358.224087	12.652278439873
3358.392002	12.423249820958
3358.559926	12.244771373195
3358.727858	12.119750185421
3358.895799	12.040642171490
3359.063748	11.995240811272
3359.231705	11.971515376001
3359.399671	11.960169845974
3359.567645	11.955158952656
3359.735628	11.953069845996
3359.903619	11.952203411368
3360.071618	11.951810050963
3360.239626	11.951603978859
3360.407642	11.951509350607
3360.575667	11.951549153642
3360.743700	11.951802522059
3360.911741	11.952380829483
3361.079791	11.953392926985
3361.247849	11.954895974559
3361.415916	11.956839877312
3361.583991	11.959014949330
3361.752074	11.961054838214
3361.920166	11.962521928709
3362.088266	11.963048504869
3362.256375	11.962477708479
3362.424492	11.960940127044
3362.592617	11.958831856778
3362.760751	11.956711845539
3362.928893	11.955172094210
3363.097044	11.954731806340
3363.265203	11.955777994645
3363.433370	11.958559340059
3363.601546	11.963268125223
3363.769730	11.970303330650
3363.937923	11.980831771984
3364.106124	11.997659587052
3364.274334	12.026143650385
3364.442552	12.074480646231
3364.610778	12.152473002445
3364.779013	12.268152670580
3364.947256	12.422704261355
3365.115508	12.605669908993
3365.283768	12.793514241883
3365.452036	12.954037062130
3365.620313	13.056457008760
3365.788598	13.083391779135
3365.956892	13.038824031952
3366.125194	12.947366728718
3366.293504	12.844422071297
3366.461823	12.761695634863
3366.630150	12.714956329921
3366.798486	12.699601350167
3366.966830	12.695456210577
3367.135183	12.677734375543
3367.303544	12.628519603894
3367.471913	12.543580736768
3367.640291	12.432248154550
3367.808677	12.311715150624
3367.977072	12.199459901011
3368.145475	12.107501182897
3368.313886	12.040344887066
3368.482306	11.996232418277
3368.650734	11.969983241984
3368.819171	11.955712758980
3368.987616	11.948508557619
3369.156070	11.944998630962
3369.324532	11.943207962770
3369.493002	11.942147977576
3369.661481	11.941431342015
3369.829969	11.941049920568
3369.998464	11.941394589968
3370.166968	11.943640146869
3370.335481	11.950727180028
3370.504002	11.969245716795
3370.672531	12.012366869392
3370.841069	12.103300968540
3371.009616	12.277465986191
3371.178170	12.580049235820
3371.346733	13.055301210665
3371.515305	13.726393286078
3371.683885	14.570684272644
3371.852473	15.502166845126
3372.021070	16.375429995411
3372.189675	17.018578379855
3372.358289	17.287311019979
3372.526911	17.117395766507
3372.695542	16.549542737339
3372.864181	15.713595148120
3373.032828	14.780332470344
3373.201484	13.905325047460
3373.370148	13.189735231780
3373.538821	12.669841697911
3373.707502	12.330824559663
3373.876192	12.131134754518
3374.044890	12.024429308131
3374.213596	11.972534215811
3374.382311	11.949497272656
3374.551035	11.940140413823
3374.719766	11.936695134307
3374.888507	11.935720639992
3375.057255	11.936102483098
3375.226012	11.938120992513
3375.394778	11.943310085182
3375.563552	11.954783321165
3375.732334	11.977636300098
3375.901125	12.018870890307
3376.069924	12.086178564263
3376.238732	12.185152475190
3376.407548	12.315305865836
3376.576373	12.466447970998
3376.745206	12.617784235716
3376.914047	12.741589255543
3377.082897	12.811193337554
3377.251755	12.810306416831
3377.420622	12.739266782711
3377.589498	12.614981822202
3377.758381	12.464587122030
3377.927273	12.316101453638
3378.096174	12.190444941238
3378.265083	12.097728729738
3378.434000	12.038048256179
3378.602926	12.004992666914
3378.771861	11.989640078254
3378.940804	11.983575743337
3379.109755	11.980519652052
3379.278715	11.976797304192
3379.447683	11.971058713284
3379.616659	11.963589238225
3379.785644	11.955486008037
3379.954638	11.947933886412
3380.123640	11.941746830961
3380.292650	11.937222493148
3380.461669	11.934236447476
3380.630696	11.932440689861
3380.799732	11.931446814294
3380.968776	11.930934380397
3381.137829	11.930683556731
3381.306890	11.930561058814
3381.475960	11.930490740601
3381.645038	11.930428410787
3381.814124	11.930347491425
3381.983219	11.930233731176
3382.152323	11.930084031820
3382.321434	11.929905055274
3382.490555	11.929709746213
3382.659683	11.929512441896
3382.828821	11.929324490207
3382.997966	11.929151965500
3383.167121	11.928995758667
3383.336283	11.928852539693
3383.505454	11.928713163372
3383.674634	11.928564794632
3383.843822	11.928406216611
3384.013018	11.928244975865
3384.182223	11.928084057009
3384.351436	11.927923491226
3384.520658	11.927763126544
3384.689888	11.927602935358
3384.859127	11.927442961795
3385.028374	11.927283326426
3385.197630	11.927124402320
3385.366894	11.926967523659
3385.536167	11.926817218828
3385.705448	11.926687318887
3385.874737	11.926615658851
3386.044035	11.926695018611
3386.213342	11.927128963659
3386.382656	11.928314681182
3386.551980	11.930933732410
3386.721312	11.935994064956
3386.890652	11.944729328219
3387.060001	11.958262748266
3387.229358	11.977029350708
3387.398724	12.000122250011
3387.568098	12.024906280102
3387.737480	12.047267161133
3387.906872	12.062630608913
3388.076271	12.067455437923
3388.245679	12.060543961052
3388.415096	12.043509287161
3388.584521	12.020150436681
3388.753954	11.995066421871
3388.923396	11.972197877639
3389.092846	11.953916494199
3389.262305	11.940889170842
3389.431773	11.932530476311
3389.601249	11.927662973606
3389.770733	11.925063973291
3389.940226	11.923763066010
3390.109727	11.923116663634
3390.279237	11.922756368431
3390.448755	11.922499367849
3390.618281	11.922269676629
3390.787817	11.922044557431
3390.957360	11.921823187116
3391.126912	11.921610414639
3391.296473	11.921409711051
3391.466042	11.921221356149
3391.635620	11.921043188594
3391.805206	11.920872108872
3391.974800	11.920705293602
3392.144403	11.920540764894
3392.314014	11.920377409596
3392.483634	11.920214722777
3392.653263	11.920052513041
3392.822900	11.919890697147
3392.992545	11.919729202772
3393.162199	11.919567947899
3393.331861	11.919406851234
3393.501532	11.919245846357
3393.671212	11.919084887076
3393.840899	11.918923945805
3394.010596	11.918763007787
3394.180300	11.918602066320
3394.350014	11.918441121138
3394.519735	11.918280328216
3394.689466	11.918121825715
3394.859204	11.917974532261
3395.028952	11.917846712934
3395.198707	11.917731136330
3395.368471	11.917618302016
3395.538244	11.917505672384
3395.708025	11.917393041446
3395.877815	11.917280404908
3396.047613	11.917167762678
3396.217420	11.917055114887
3396.387235	11.916942461412
3396.557058	11.916829802333
3396.726890	11.916717137583
3396.896731	11.916604467255
3397.066580	11.916491791228
3397.236438	11.916379109654
3397.406304	11.916266422355
3397.576178	11.916153729480
3397.746061	11.916041030933
3397.915953	11.915928326800
3398.085853	11.915815617001
3398.255762	11.915702901701
3398.425679	11.915590181149
3398.595604	11.915477456588
3398.765538	11.915364732086
3398.935481	11.915252020520
3399.105432	11.915139358296
3399.275391	11.915026838998
3399.445359	11.914914677912
3399.615336	11.914803318613
3399.785321	11.914693569250
3399.955314	11.914586713083
3400.125316	11.914484474221
3400.295327	11.914388688883
3400.465346	11.914300594421
3400.635373	11.914219857154
3400.805409	11.914143742020
3400.975454	11.914067000146
3401.145507	11.913982883775
3401.315568	11.913885158332
3401.485638	11.913770336954
3401.655717	11.913639079649
3401.825804	11.913496042559
3401.995900	11.913348273276
3402.166004	11.913202966323
3402.336116	11.913065572374
3402.506237	11.912938843828
3402.676367	11.912822805184
3402.846505	11.912715279624
3403.016651	11.912612636341
3403.186807	11.912510637821
3403.356970	11.912405379317
3403.527142	11.912294214455
3403.697323	11.912176408967
3403.867512	11.912053305782
3404.037710	11.911928227837
3404.207916	11.911807435376
3404.378130	11.911706079295
3404.548354	11.911669712312
3404.718585	11.911837403714
3404.888825	11.912602937197
3405.059074	11.914976089477
3405.229331	11.921284361093
3405.399597	11.936318930260
3405.569871	11.968806688473
3405.740154	12.032593317111
3405.910445	12.146259803447
3406.080745	12.329500259182
3406.251053	12.595395981718
3406.421370	12.940187551506
3406.591695	13.334463935099
3406.762029	13.721667320667
3406.932372	14.029000966578
3407.102723	14.189104826692
3407.273082	14.163905131760
3407.443450	13.959219430008
3407.613826	13.622485401342
3407.784211	13.224836616756
3407.954605	12.836748089988
3408.125007	12.508576387901
3408.295417	12.262822745780
3408.465836	12.097845636699
3408.636264	11.997758372524
3408.806700	11.942504455970
3408.977144	11.914503930000
3409.147598	11.901264459814
3409.318059	11.895204733578
3409.488529	11.892297540223
3409.659008	11.890644615755
3409.829495	11.889445092656
3409.999991	11.888394804861
3410.170495	11.887389315327
3410.341008	11.886396091926
3410.511529	11.885405901569
3410.682059	11.884416329660
3410.852598	11.883426779205
3411.023145	11.882437104495
3411.193700	11.881447282253
3411.364264	11.880457331128
3411.534836	11.879467290431
3411.705417	11.878477199875
3411.876007	11.877487090993
3412.046605	11.876496977847
3412.217212	11.875506862146
3412.387827	11.874516734784
3412.558450	11.873526585364
3412.729083	11.872536402689
3412.899723	11.871546180130
3413.070372	11.870555912189
3413.241030	11.869565597178
3413.411697	11.868575233028
3413.582371	11.867584820107
3413.753055	11.866594357297
3413.923747	11.865603845459
3414.094447	11.864613283649
3414.265156	11.863622672758
3414.435874	11.862632011902
3414.606600	11.861641301945
3414.777334	11.860650541993
3414.948078	11.859659732981
3415.118829	11.858668873956
3415.289589	11.857677965848
3415.460358	11.856687007738
3415.631135	11.855696000539
3415.801921	11.854704943364
3415.972716	11.853713837090
3416.143519	11.852722680815
3416.314330	11.851731475441
3416.485150	11.850740220092
3416.655979	11.849748915598
3416.826816	11.848757561087
3416.997661	11.847766124846
3417.168515	11.846769635782
3417.339378	11.845662241741
3417.510249	11.843754935958
3417.681129	11.839823345495
3417.852017	11.834043360665
3418.022914	11.827656008366
3418.193820	11.821198951335
3418.364734	11.814739081042
3418.535656	11.808278878321
3418.706587	11.801818355565
3418.877527	11.795357506811
3419.048475	11.788896337981
3419.219432	11.782434843099
3419.390397	11.775973028136
3419.561371	11.769510887062
3419.732353	11.763048425885
3419.903344	11.756585638570
3420.074343	11.750122531116
3420.245351	11.743659097502
3420.416368	11.737195343693
3420.587393	11.730731263787
3420.758427	11.724266863960
3420.929469	11.717802139510
3421.100520	11.711337102126
3421.271579	11.704871769063
3421.442647	11.698406232538
3421.613723	11.691940777569
3421.784808	11.685476301683
3421.955902	11.679015271956
3422.127004	11.672563884707
3422.298114	11.666136050664
3422.469234	11.659759678554
3422.640361	11.653484136593
3422.811498	11.647385168668
3422.982642	11.641560113346
3423.153796	11.636105489678
3423.324958	11.631074053326
3423.496128	11.626421250203
3423.667307	11.621966101399
3423.838495	11.617397648479
3424.009691	11.612343979400
3424.180896	11.606488354124
3424.352109	11.599683968336
3424.523331	11.592010817822
3424.694562	11.583744504294
3424.865801	11.575253704493
3425.037048	11.566878179519
3425.208304	11.558841970560
3425.379569	11.551228422689
3425.550842	11.544008596750
3425.722124	11.537093730039
3425.893415	11.530383264073
3426.064714	11.523793661111
3426.236021	11.517267784128
3426.407337	11.510772034082
3426.578662	11.504289174262
3426.749995	11.497811773601
3426.921337	11.491338676009
3427.092687	11.484876027563
3427.264046	11.478446764016
3427.435414	11.472118017699
3427.606790	11.466065501411
3427.778174	11.460703496804
3427.949567	11.456907650021
3428.120969	11.456322667437
3428.292379	11.461655638715
3428.463798	11.476717019020
3428.635226	11.505880118323
3428.806662	11.552888239187
3428.978107	11.619311902982
3429.149560	11.701435155900
3429.321022	11.787432631462
3429.492492	11.860738073555
3429.663971	11.905492971178
3429.835458	11.911232521428
3430.006954	11.876542325602
3430.178459	11.809588264088
3430.349972	11.724990006153
3430.521494	11.638641865135
3430.693024	11.562980873926
3430.864563	11.504554874245
3431.036111	11.464241835519
3431.207667	11.439181083993
3431.379232	11.425064272949
3431.550805	11.417823365168
3431.722387	11.414420728534
3431.893977	11.412938690993
3432.065576	11.412323086846
3432.237184	11.412061311010
3432.408800	11.411930716855
3432.580424	11.411844377488
3432.752058	11.411771646195
3432.923700	11.411702733740
3433.095350	11.411634799413
3433.267009	11.411567092567
3433.438677	11.411499432195
3433.610353	11.411431778316
3433.782038	11.411364122911
3433.953731	11.411296464357
3434.125433	11.411228802531
3434.297144	11.411161137280
3434.468863	11.411093468681
3434.640591	11.411025796667
3434.812327	11.410958121336
3434.984072	11.410890442561
3435.155825	11.410822760444
3435.327588	11.410755074916
3435.499358	11.410687386043
3435.671137	11.410619693753
3435.842925	11.410551998130
3436.014722	11.410484299204
3436.186527	11.410416597611
3436.358340	11.410348896383
3436.530163	11.410281211107
3436.701993	11.410213612101
3436.873833	11.410146391789
3437.045681	11.410080656244
3437.217537	11.410020215854
3437.389403	11.409976998908
3437.561276	11.409984868312
3437.733159	11.410130781274
3437.905050	11.410616086805
3438.076949	11.411859715315
3438.248857	11.414641930895
3438.420774	11.420260532182
3438.592699	11.430647717147
3438.764633	11.448422981966
3438.936576	11.476984412645
3439.108527	11.520949619016
3439.280487	11.587351138894
3439.452455	11.687637928166
3439.624432	11.839497630553
3439.796417	12.066179518122
3439.968412	12.390515433612
3440.140414	12.822687087180
3440.312426	13.345143262323
3440.484446	13.902820363403
3440.656474	14.407800697346
3440.828511	14.761946389094
3441.000557	14.890615358518
3441.172611	14.771944572474
3441.344674	14.446200395255
3441.516746	13.999678892416
3441.688826	13.531463685063
3441.860915	13.119689974249
3442.033012	12.802129946307
3442.205118	12.576386642008
3442.377232	12.414847984237
3442.549356	12.284422390865
3442.721487	12.162008157135
3442.893628	12.041130464081
3443.065777	11.929925779254
3443.237934	11.843671286622
3443.410101	11.795910564197
3443.582275	11.791505917012
3443.754459	11.823562721939
3443.926651	11.874797223497
3444.098851	11.922702637315
3444.271061	11.946768045561
3444.443279	11.935190917375
3444.615505	11.888552564949
3444.787740	11.819123185442
3444.959984	11.746347051251
3445.132236	11.690544839346
3445.304497	11.667100064042
3445.476767	11.682554673761
3445.649045	11.733046073444
3445.821331	11.805099581218
3445.993627	11.878820670915
3446.165931	11.933277495480
3446.338243	11.953020354483
3446.510565	11.933802586433
3446.682894	11.885613975757
3446.855233	11.832381358127
3447.027580	11.809165072803
3447.199936	11.857981272382
3447.372300	12.022050859753
3447.544673	12.336670334180
3447.717054	12.815420465131
3447.889445	13.434225632552
3448.061843	14.121113497966
3448.234251	14.761660451100
3448.406667	15.225171492948
3448.579091	15.405313946079
3448.751525	15.258129475633
3448.923967	14.818553880863
3449.096417	14.186637134299
3449.268876	13.490757473815
3449.441344	12.846337834604
3449.613820	12.328202233539
3449.786305	11.964393194722
3449.958799	11.747193332172
3450.131301	11.650572985458
3450.303812	11.644260060173
3450.476332	11.700147966748
3450.648860	11.792367049664
3450.821397	11.895309033467
3450.993942	11.983580937878
3451.166496	12.035354140903
3451.339059	12.037587932837
3451.511630	11.989927153494
3451.684210	11.904630395448
3451.856798	11.802162523380
3452.029395	11.704496693001
3452.202001	11.629098983668
3452.374616	11.585673959682
3452.547239	11.576074023861
3452.719870	11.596463365287
3452.892511	11.640395727540
3453.065160	11.701641569207
3453.237817	11.775824617963
3453.410483	11.860153421522
3453.583158	11.951200364882
3453.755842	12.041877624978
3453.928534	12.119803164028
3454.101235	12.169022222397
3454.273944	12.175189299101
3454.446662	12.131868023732
3454.619389	12.044408160608
3454.792124	11.929002739956
3454.964868	11.807267430513
3455.137620	11.699110858236
3455.310382	11.617194411007
3455.483151	11.564938818485
3455.655930	11.538049126386
3455.828717	11.528185630153
3456.001513	11.527129292846
3456.174317	11.530178623841
3456.347130	11.538023243604
3456.519952	11.556690355553
3456.692782	11.595430702120
3456.865621	11.662791875244
3457.038469	11.761764917744
3457.211325	11.885662007903
3457.384190	12.016840322708
3457.557063	12.129838268856
3457.729946	12.198689369576
3457.902836	12.205806099368
3458.075736	12.148425793626
3458.248644	12.039442668174
3458.421561	11.902264887371
3458.594486	11.762410459244
3458.767420	11.639864763742
3458.940363	11.545162033339
3459.113314	11.479731184213
3459.286274	11.438995148257
3459.459243	11.416068687170
3459.632220	11.404528219086
3459.805206	11.399817199919
3459.978201	11.399648826553
3460.151204	11.404020648063
3460.324216	11.415267249386
3460.497236	11.438176027134
3460.670266	11.479758266107
3460.843303	11.548003881382
3461.016350	11.649096860237
3461.189405	11.783339607119
3461.362469	11.941238162259
3461.535541	12.102139973673
3461.708622	12.237474164100
3461.881712	12.318639483930
3462.054811	12.326761752045
3462.227918	12.259801589540
3462.401033	12.133366522567
3462.574158	11.974783401954
3462.747291	11.813510694389
3462.920432	11.672468180892
3463.093583	11.563642929633
3463.266742	11.488560973091
3463.439909	11.441875417094
3463.613086	11.415585472667
3463.786271	11.402132566129
3463.959464	11.395862249899
3464.132667	11.393198707250
3464.305878	11.392189702500
3464.479097	11.391959109757
3464.652326	11.392347864288
3464.825563	11.393844724622
3464.998808	11.397830861009
3465.172062	11.407111927650
3465.345325	11.426590402079
3465.518597	11.463686557807
3465.691877	11.527837138238
3465.865166	11.628342936762
3466.038464	11.770353266621
3466.211770	11.949938564552
3466.385085	12.150546006114
3466.558408	12.343572706775
3466.731741	12.494480129367
3466.905082	12.573010450005
3467.078431	12.563329182241
3467.251789	12.469332449785
3467.425156	12.312626936630
3467.598532	12.124480528458
3467.771916	11.935820516130
3467.945309	11.769573258311
3468.118711	11.637580507314
3468.292121	11.541744552248
3468.465540	11.477481245066
3468.638968	11.437443473880
3468.812404	11.414276213860
3468.985849	11.402076207250
3469.159302	11.396802953340
3469.332765	11.396053526878
3469.506236	11.398547617125
3469.679715	11.403542982656
3469.853204	11.410323699190
3470.026701	11.417879027400
3470.200206	11.424873167169
3470.373721	11.429941650510
3470.547244	11.432244398334
3470.720775	11.432124172319
3470.894316	11.431729562441
3471.067865	11.435540585705
3471.241423	11.450744539932
3471.414989	11.487210142270
3471.588564	11.556456241940
3471.762148	11.668856873845
3471.935740	11.828873942421
3472.109341	12.029492580422
3472.282951	12.248644209139
3472.456570	12.450851565920
3472.630197	12.595566190746
3472.803833	12.650028783529
3472.977477	12.601160913472
3473.151131	12.460574335706
3473.324792	12.260041928511
3473.498463	12.039822161437
3473.672142	11.835665771794
3473.845830	11.670145766137
3474.019527	11.550726746600
3474.193232	11.473289445268
3474.366946	11.427868751346
3474.540669	11.403655710214
3474.714400	11.391870683090
3474.888140	11.386597667350
3475.061889	11.384396122304
3475.235647	11.383504876714
3475.409413	11.383121707383
3475.583187	11.382918699787
3475.756971	11.382774886556
3475.930763	11.382649683184
3476.104564	11.382530198733
3476.278374	11.382411844509
3476.452192	11.382292190478
3476.626019	11.382169649433
3476.799854	11.382044022099
3476.973699	11.381918691360
3477.147552	11.381807235310
3477.321414	11.381753427463
3477.495284	11.381886732523
3477.669163	11.382558792754
3477.843051	11.384636920813
3478.016947	11.390045811161
3478.190853	11.402595429537
3478.364767	11.428935631355
3478.538689	11.479110490208
3478.712620	11.565776666943
3478.886560	11.701089073401
3479.060509	11.891000040190
3479.234466	12.128418100218
3479.408432	12.388556972773
3479.582407	12.630402878993
3479.756391	12.806186509288
3479.930383	12.876487255575
3480.104384	12.824571752157
3480.278393	12.662853698983
3480.452412	12.428082449790
3480.626439	12.167793271248
3480.800474	11.924837406944
3480.974519	11.726767962559
3481.148572	11.583178178303
3481.322633	11.489652396237
3481.496704	11.434535535460
3481.670783	11.404966137344
3481.844871	11.390412712886
3482.018968	11.383753677614
3482.193073	11.380846328534
3482.367187	11.379571738288
3482.541310	11.378958764163
3482.715441	11.378598021194
3482.889581	11.378325110773
3483.063730	11.378077074951
3483.237888	11.377835229671
3483.412054	11.377601925440
3483.586229	11.377388183734
3483.760412	11.377205543532
3483.934605	11.377061188653
3484.108806	11.376955797956
3484.283016	11.376882980972
3484.457234	11.376829585141
3484.631461	11.376777219536
3484.805697	11.376705735651
3484.979942	11.376598454346
3485.154195	11.376447357656
3485.328457	11.376255781461
3485.502728	11.376037314568
3485.677008	11.375812425400
3485.851296	11.375608100580
3486.025593	11.375471384659
3486.199898	11.375519002168
3486.374213	11.376068555759
3486.548536	11.377932599094
3486.722868	11.382973620928
3486.897208	11.394991292521
3487.071557	11.420874852069
3487.245915	11.471515767671
3487.420282	11.561459599181
3487.594657	11.706058786491
3487.769041	11.915439999884
3487.943434	12.186352131686
3488.117836	12.495317314461
3488.292246	12.797885441237
3488.466665	13.037306045988
3488.641093	13.161374624271
3488.815529	13.140877964057
3488.989974	12.980773439042
3489.164428	12.718294598854
3489.338891	12.408987396937
3489.513362	12.107862717851
3489.687842	11.854354635488
3489.862331	11.666305741272
3490.036828	11.542721346081
3490.211334	11.471241158310
3490.385849	11.435776573760
3490.560373	11.421632070409
3490.734905	11.417728762116
3490.909447	11.416865784778
3491.083996	11.415118441411
3491.258555	11.411023264258
3491.433122	11.404761232579
3491.607698	11.397377851619
3491.782283	11.390103387269
3491.956876	11.383879251348
3492.131479	11.379156516369
3492.306090	11.375935574055
3492.480709	11.373938844506
3492.655338	11.372798145040
3492.829975	11.372183320567
3493.004621	11.371856074779
3493.179275	11.371669967483
3493.353939	11.371546358710
3493.528611	11.371447814877
3493.703291	11.371358401389
3493.877981	11.371272023414
3494.052679	11.371186601801
3494.227386	11.371101583585
3494.402102	11.371017122772
3494.576826	11.370934171326
3494.751560	11.370855421850
3494.926302	11.370787561125
3495.101052	11.370745601606
3495.275812	11.370759810780
3495.450580	11.370884333489
3495.625357	11.371203576800
3495.800142	11.371828558201
3495.974937	11.372873765640
3496.149740	11.374409953056
3496.324552	11.376402321805
3496.499372	11.378661852254
3496.674202	11.380848340417
3496.849040	11.382554598697
3497.023887	11.383475577037
3497.198742	11.383648275338
3497.373607	11.383771371281
3497.548480	11.385684082719
3497.723361	11.393145669424
3497.898252	11.412985415147
3498.073151	11.456355247620
3498.248059	11.539202031015
3498.422976	11.680489900318
3498.597902	11.896791140588
3498.772836	12.193309426697
3498.947779	12.554072220242
3499.122731	12.936649872521
3499.297691	13.276866624535
3499.472660	13.505109032711
3499.647638	13.569230065943
3499.822625	13.453861369802
3499.997621	13.186383327271
3500.172625	12.826380756311
3500.347638	12.444148009054
3500.522660	12.098830428806
3500.697690	11.825342637688
3500.872729	11.633083579752
3501.047777	11.513310645267
3501.222834	11.449285574289
3501.397900	11.424305720059
3501.572974	11.425570876684
3501.748057	11.444345043625
3501.923149	11.474126409534
3502.098249	11.508638184515
3502.273359	11.540913015910
3502.448477	11.563906185152
3502.623603	11.572199724642
3502.798739	11.563752722796
3502.973883	11.540625527004
3503.149036	11.508206192050
3503.324198	11.473322200725
3503.499369	11.442183691380
3503.674548	11.419035554695
3503.849736	11.405839102278
3504.024933	11.402698507008
3504.200139	11.408480348727
3504.375353	11.421223467621
3504.550576	11.438286659340
3504.725808	11.456455930771
3504.901049	11.472261436165
3505.076298	11.482572139852
3505.251557	11.485297936365
3505.426823	11.479902919317
3505.602099	11.467490742886
3505.777384	11.450411313279
3505.952677	11.431545232724
3506.127979	11.413537604817
3506.303290	11.398239804022
3506.478609	11.386497965902
3506.653938	11.378273213894
3506.829275	11.372962687686
3507.004621	11.369755338473
3507.179975	11.367898563139
3507.355339	11.366829127977
3507.530711	11.366189430663
3507.706092	11.365780936070
3507.881481	11.365503167913
3508.056880	11.365305754311
3508.232287	11.365160615246
3508.407703	11.365049810707
3508.583128	11.364961878863
3508.758561	11.364891461014
3508.934004	11.364839735593
3509.109455	11.364814685962
3509.284915	11.364830364545
3509.460383	11.364903913328
3509.635861	11.365049353666
3509.811347	11.365268965431
3509.986842	11.365544655259
3510.162345	11.365832520939
3510.337858	11.366070498459
3510.513379	11.366202351960
3510.688909	11.366214072556
3510.864448	11.366193990889
3511.039996	11.366455369544
3511.215552	11.367811804434
3511.391117	11.372159349130
3511.566691	11.383537838632
3511.742274	11.409708490814
3511.917865	11.463861744387
3512.093466	11.565351368997
3512.269075	11.737648908801
3512.444693	12.001805453753
3512.620319	12.365384547752
3512.795955	12.810153259934
3512.971599	13.285064159766
3513.147252	13.711433388911
3513.322914	14.002605822609
3513.498584	14.092277080583
3513.674263	13.958990197000
3513.849952	13.634455206943
3514.025648	13.191308154965
3514.201354	12.716736995036
3514.377069	12.285041901491
3514.552792	11.940678758348
3514.728524	11.695921797621
3514.904265	11.539537808429
3515.080014	11.449282332539
3515.255773	11.402195070727
3515.431540	11.380146260486
3515.607316	11.371151040925
3515.783101	11.368294616139
3515.958894	11.367977639596
3516.134696	11.368440378732
3516.310508	11.368844719256
3516.486328	11.368819857549
3516.662156	11.368271451878
3516.837994	11.367289419645
3517.013840	11.366068965886
3517.189695	11.364828019568
3517.365559	11.363739021648
3517.541432	11.362894526343
3517.717313	11.362309315583
3517.893203	11.361945541183
3518.069102	11.361742563796
3518.245010	11.361638998053
3518.420927	11.361583859523
3518.596852	11.361539945799
3518.772787	11.361483788004
3518.948730	11.361404535874
3519.124682	11.361301997668
3519.300642	11.361183417806
3519.476612	11.361059268368
3519.652590	11.360939209771
3519.828577	11.360829473080
3520.004573	11.360732201061
3520.180577	11.360646350255
3520.356591	11.360569244527
3520.532613	11.360497953388
3520.708644	11.360430096660
3520.884684	11.360364090609
3521.060732	11.360299055637
3521.236790	11.360234631019
3521.412856	11.360171186415
3521.588931	11.360111197271
3521.765015	11.360057890381
3521.941108	11.360009663134
3522.117209	11.359962878594
3522.293319	11.359916017217
3522.469438	11.359868544648
3522.645566	11.359820150595
3522.821703	11.359770817659
3522.997849	11.359720997841
3523.174003	11.359671852737
3523.350166	11.359625695017
3523.526338	11.359586785175
3523.702519	11.359562465929
3523.878708	11.359564194179
3524.054906	11.359607451678
3524.231114	11.359709143604
3524.407330	11.359881557324
3524.583554	11.360123659439
3524.759788	11.360413089169
3524.936030	11.360703990201
3525.112282	11.360934827487
3525.288542	11.361045793734
3525.464810	11.360999451898
3525.641088	11.360794938826
3525.817374	11.360468368205
3525.993670	11.360079195018
3526.169974	11.359689558608
3526.346287	11.359346387975
3526.522608	11.359072987845
3526.698939	11.358870849547
3526.875278	11.358727662772
3527.051627	11.358626266965
3527.227984	11.358551026004
3527.404349	11.358490737407
3527.580724	11.358439014500
3527.757107	11.358393612667
3527.933500	11.358355890867
3528.109901	11.358331209325
3528.286311	11.358331201869
3528.462729	11.358380403967
3528.639157	11.358534890941
3528.815593	11.358934566941
3528.992038	11.359942505411
3529.168493	11.362482186761
3529.344955	11.368756857525
3529.521427	11.383563753243
3529.697907	11.416264967390
3529.874397	11.482969111061
3530.050895	11.607585049014
3530.227402	11.819497709844
3530.403918	12.145652390114
3530.580442	12.596837104142
3530.756976	13.152077567942
3530.933518	13.749234986722
3531.110069	14.290624409345
3531.286629	14.666957044037
3531.463198	14.792777569245
3531.639775	14.637927645718
3531.816362	14.239234063335
3531.992957	13.686269845802
3532.169561	13.088678424802
3532.346174	12.541328704134
3532.522796	12.102138981640
3532.699426	11.788290069803
3532.876066	11.586664057470
3533.052714	11.469534282294
3533.229371	11.407769527408
3533.406037	11.378132359070
3533.582711	11.365170782002
3533.759395	11.359988110291
3533.936087	11.358072224444
3534.112789	11.357389643845
3534.289499	11.357123671856
3534.466218	11.356985406967
3534.642945	11.356889365392
3534.819682	11.356820003581
3534.996427	11.356786565141
3535.173181	11.356817354783
3535.349945	11.356973698479
3535.526716	11.357374773222
3535.703497	11.358223319171
3535.880287	11.359813489732
3536.057085	11.362493421533
3536.233893	11.366558767935
3536.410709	11.372082163192
3536.587534	11.378734195049
3536.764367	11.385697582225
3536.941210	11.391772679416
3537.118062	11.395695336106
3537.294922	11.396565194790
3537.471791	11.394194091943
3537.648669	11.389205132421
3537.825556	11.382843811311
3538.002452	11.376620555290
3538.179356	11.371978462680
3538.356270	11.370125516402
3538.533192	11.372032702532
3538.710123	11.378477634989
3538.887063	11.389985536063
3539.064012	11.406595437850
3539.240969	11.427514908087
3539.417936	11.450843580536
3539.594911	11.473585299369
3539.771895	11.492091846216
3539.948888	11.502904775776
3540.125890	11.503748373196
3540.302901	11.494286499536
3540.479920	11.476294187547
3540.656949	11.453126957909
3540.833986	11.428695755468
3541.011032	11.406378820150
3541.188087	11.388294782517
3541.365151	11.375135925012
3541.542224	11.366477075907
3541.719305	11.361301015493
3541.896396	11.358480284251
3542.073495	11.357073724603
3542.250603	11.356428017502
3542.427720	11.356151315565
3542.604846	11.356036585902
3542.781980	11.355986390412
3542.959124	11.355959583013
3543.136276	11.355940498250
3543.313438	11.355923739425
3543.490608	11.355907619964
3543.667787	11.355891660685
3543.844974	11.355875737632
3544.022171	11.355859821574
3544.199377	11.355843906200
3544.376591	11.355827990321
3544.553814	11.355812073617
3544.731046	11.355796137088
3544.908287	11.355779710718
3545.085537	11.355759277830
3545.262796	11.355727394615
3545.440063	11.355683723415
3545.617340	11.355635675918
3545.794625	11.355587058189
3545.971919	11.355538414252
3546.149222	11.355489767775
3546.326534	11.355441118861
3546.503855	11.355392467519
3546.681185	11.355343813703
3546.858523	11.355295157512
3547.035871	11.355246498860
3547.213227	11.355197837776
3547.390592	11.355149174302
3547.567966	11.355100508378
3547.745349	11.355051840074
3547.922740	11.355003169469
3548.100141	11.354954496582
3548.277550	11.354905821637
3548.454969	11.354857144856
3548.632396	11.354808466401
3548.809832	11.354759786358
3548.987277	11.354711104725
3549.164731	11.354662421129
3549.342193	11.354613734883
3549.519665	11.354565045213
3549.697145	11.354516351481
3549.874635	11.354467653326
3550.052133	11.354418950921
3550.229640	11.354370244736
3550.407156	11.354321535587
3550.584681	11.354272824216
3550.762214	11.354224111130
3550.939757	11.354175396469
3551.117308	11.354126680387
3551.294868	11.354077963476
3551.472438	11.354029250896
3551.650016	11.353980572368
3551.827603	11.353932083929
3552.005198	11.353884527827
3552.182803	11.353841128097
3552.360417	11.353814657042
3552.538039	11.353851205737
3552.715671	11.354102043448
3552.893311	11.355017684577
3553.070960	11.357812414587
3553.248618	11.365436935218
3553.426285	11.384322558775
3553.603961	11.426945636937
3553.781645	11.514594270574
3553.959339	11.678559731833
3554.137041	11.956856727224
3554.314752	12.383681481386
3554.492473	12.971549640692
3554.670202	13.691348211542
3554.847940	14.460879089393
3555.025686	15.153038677511
3555.203442	15.627460902775
3555.381207	15.776296453286
3555.558980	15.563989006123
3555.736763	15.041058906287
3555.914554	14.324585812606
3556.092354	13.555697440074
3556.270163	12.855077078893
3556.447981	12.295289885484
3556.625808	11.896738770307
3556.803644	11.641536951305
3556.981488	11.493715368687
3557.159342	11.415960532268
3557.337204	11.378715037850
3557.515076	11.362429758643
3557.692956	11.355915737280
3557.870845	11.353526663172
3558.048743	11.352727145087
3558.226650	11.352508718732
3558.404566	11.352541715668
3558.582490	11.352795836846
3558.760424	11.353404623062
3558.938366	11.354629053552
3559.116318	11.356831041174
3559.294278	11.360398252309
3559.472247	11.365592527783
3559.650225	11.372343842248
3559.828212	11.380074535549
3560.006208	11.387674811213
3560.184213	11.393716112732
3560.362226	11.396874091854
3560.540249	11.396396797481
3560.718280	11.392393033554
3560.896321	11.385789899262
3561.074370	11.377982359451
3561.252428	11.370355224896
3561.430495	11.363900037809
3561.608571	11.359061691413
3561.786656	11.355810219543
3561.964750	11.353834749778
3562.142853	11.352741552642
3562.320964	11.352185007215
3562.499085	11.351919275226
3562.677214	11.351795052995
3562.855352	11.351732984512
3563.033500	11.351695648357
3563.211656	11.351667252152
3563.389821	11.351641797228
3563.567995	11.351617224357
3563.746178	11.351592892838
3563.924369	11.351568623111
3564.102570	11.351544374228
3564.280780	11.351520153967
3564.458998	11.351496012993
3564.637226	11.351472087887
3564.815462	11.351448696247
3564.993707	11.351426496611
3565.171961	11.351406697981
3565.350224	11.351391236354
3565.528496	11.351382741427
3565.706777	11.351384060547
3565.885067	11.351397195235
3566.063366	11.351421810482
3566.241673	11.351453917330
3566.419990	11.351485610177
3566.598315	11.351506522406
3566.776650	11.351506850996
3566.954993	11.351480798636
3567.133345	11.351428790706
3567.311706	11.351357309181
3567.490076	11.351276434890
3567.668455	11.351196365422
3567.846843	11.351124545432
3568.025240	11.351064444594
3568.203646	11.351016005350
3568.382060	11.350977031014
3568.560484	11.350944589466
3568.738916	11.350915499770
3568.917358	11.350886038370
3569.095808	11.350854201070
3569.274267	11.350821164021
3569.452736	11.350788028732
3569.631213	11.350754944618
3569.809699	11.350721881519
3569.988194	11.350688823706
3570.166697	11.350655766102
3570.345210	11.350622707364
3570.523732	11.350589647021
3570.702263	11.350556585093
3570.880802	11.350523521464
3571.059351	11.350490456263
3571.237908	11.350457389349
3571.416475	11.350424320794
3571.595050	11.350391250592
3571.773634	11.350358178754
3571.952227	11.350325105197
3572.130829	11.350292030071
3572.309440	11.350258953269
3572.488060	11.350225874791
3572.666689	11.350192794662
3572.845327	11.350159713095
3573.023974	11.350126630597
3573.202629	11.350093550074
3573.381294	11.350060483034
3573.559967	11.350027472996
3573.738650	11.349994668898
3573.917341	11.349962533252
3574.096042	11.349932368275
3574.274751	11.349907484351
3574.453469	11.349895447209
3574.632196	11.349911700838
3574.810932	11.349984131731
3574.989677	11.350156561307
3575.168431	11.350487143987
3575.347194	11.351036674901
3575.525966	11.351844264998
3575.704747	11.352894864222
3575.883536	11.354092567663
3576.062335	11.355258693205
3576.241143	11.356167406113
3576.419959	11.356613197807
3576.598785	11.356483587305
3576.777619	11.355802030816
3576.956462	11.354718668528
3577.135315	11.353453923213
3577.314176	11.352223802315
3577.493046	11.351181249758
3577.671925	11.350393619060
3577.850813	11.349854767617
3578.029710	11.349515501027
3578.208616	11.349314217110
3578.387531	11.349197012701
3578.566455	11.349125557131
3578.745388	11.349076555555
3578.924330	11.349037659306
3579.103280	11.349003173854
3579.282240	11.348970948708
3579.461209	11.348940536428
3579.640186	11.348912195421
3579.819173	11.348886292924
3579.998168	11.348862851657
3580.177172	11.348841202036
3580.356186	11.348819861194
3580.535208	11.348796942645
3580.714239	11.348771781851
3580.893279	11.348745822739
3581.072329	11.348718783392
3581.251387	11.348688911547
3581.430454	11.348656834539
3581.609530	11.348624536236
3581.788615	11.348593702821
3581.967709	11.348565222866
3582.146811	11.348539212154
3582.325923	11.348515278079
3582.505044	11.348492832244
3582.684174	11.348471320230
3582.863312	11.348450328635
3583.042460	11.348429596722
3583.221617	11.348408981320
3583.400782	11.348388412780
3583.579957	11.348367861105
3583.759140	11.348347314727
3583.938333	11.348326771013
3584.117534	11.348306234652
3584.296744	11.348285730765
3584.475964	11.348265363310
3584.655192	11.348245551801
3584.834429	11.348227954275
3585.013675	11.348218913082
3585.192931	11.348241508273
3585.372195	11.348374404939
3585.551468	11.348865658887
3585.730750	11.350432168789
3585.910041	11.354959139768
3586.089341	11.366927411850
3586.268650	11.395896391926
3586.447968	11.460004262967
3586.627295	11.589451734538
3586.806630	11.827343926944
3586.985975	12.223946370371
3587.165329	12.821029550436
3587.344692	13.627243847995
3587.524064	14.592758392790
3587.703444	15.597802534842
3587.882834	16.468834993814
3588.062233	17.024680101127
3588.241640	17.137337568185
3588.421057	16.779811558628
3588.600482	16.036607565344
3588.779917	15.071302467858
3588.959360	14.068195603453
3589.138813	13.176355364406
3589.318274	12.478604370084
3589.497744	11.991213967074
3589.677224	11.684686583011
3589.856712	11.510209487853
3590.036210	11.420037292364
3590.215716	11.377662064119
3590.395231	11.359563430461
3590.574755	11.352555191126
3590.754289	11.350089860942
3590.933831	11.349260330549
3591.113382	11.348914046785
3591.292942	11.348657322851
3591.472511	11.348393733628
3591.652089	11.348128194307
3591.831676	11.347887878368
3592.011273	11.347692757247
3592.190878	11.347548429434
3592.370492	11.347449241652
3592.550115	11.347387259467
3592.729747	11.347365717402
3592.909388	11.347390258232
3593.089038	11.347443229303
3593.268697	11.347504544004
3593.448364	11.347567748188
3593.628041	11.347631475756
3593.807727	11.347695122662
3593.987422	11.347758285805
3594.167126	11.347820732051
3594.346839	11.347882423269
3594.526561	11.347943510110
3594.706291	11.348004267867
3594.886031	11.348064997089
3595.065780	11.348125933332
3595.245538	11.348187200982
3595.425305	11.348248816912
3595.605080	11.348310727415
3595.784865	11.348372851307
3595.964659	11.348435112151
3596.144462	11.348497452900
3596.324273	11.348559837286
3596.504094	11.348622244765
3596.683924	11.348684665160
3596.863762	11.348747095864
3597.043610	11.348809545123
3597.223467	11.348872042931
3597.403332	11.348934663966
3597.583207	11.348997564564
3597.763091	11.349061030746
3597.942983	11.349125517681
3598.122885	11.349191641560
3598.302796	11.349260068893
3598.482715	11.349331271668
3598.662644	11.349405181253
3598.842582	11.349480879960
3599.022528	11.349556532092
3599.202484	11.349629713139
3599.382449	11.349698108223
3599.562422	11.349760319229
3599.742405	11.349816397883
3599.922396	11.349867827699
3600.102397	11.349916962792
3600.282407	11.349966214439
3600.462425	11.350017365971
3600.642453	11.350071270174
3600.822489	11.350127940350
3601.002535	11.350186872803
3601.182590	11.350247392016
3601.362653	11.350308889572
3601.542726	11.350370924921
3601.722808	11.350433226349
3601.902898	11.350495647552
3602.082998	11.350558118839
3602.263107	11.350620610195
3602.443224	11.350683110234
3602.623351	11.350745614977
3602.803487	11.350808123447
3602.983631	11.350870635709
3603.163785	11.350933153084
3603.343948	11.350995678921
3603.524119	11.351058221376
3603.704300	11.351120797439
3603.884490	11.351183439427
3604.064688	11.351246200461
3604.244896	11.351309141805
3604.425113	11.351371885026
3604.605339	11.351430057973
3604.785574	11.351471124545
3604.965817	11.351490234088
3605.146070	11.351499256360
3605.326332	11.351506662510
3605.506603	11.351514160048
3605.686883	11.351522529232
3605.867171	11.351533367846
3606.047469	11.351549398385
3606.227776	11.351574320023
3606.408092	11.351612027801
3606.588417	11.351665091552
3606.768751	11.351732792232
3606.949094	11.351809537233
3607.129446	11.351884767979
3607.309807	11.351945095289
3607.490177	11.351978320348
3607.670556	11.351977759552
3607.850944	11.351944791297
3608.031341	11.351888299653
3608.211747	11.351821310884
3608.392162	11.351756554128
3608.572586	11.351702989501
3608.753019	11.351664497678
3608.933462	11.351640627097
3609.113913	11.351628417435
3609.294373	11.351624216921
3609.474842	11.351624859470
3609.655320	11.351628112407
3609.835808	11.351632629176
3610.016304	11.351637698422
3610.196809	11.351642986690
3610.377324	11.351648354101
3610.557847	11.351653748893
3610.738379	11.351659160300
3610.918921	11.351664623758
3611.099471	11.351670350181
3611.280031	11.351677344953
3611.460599	11.351689953629
3611.641177	11.351725297462
3611.821763	11.351844809402
3612.002359	11.352248875469
3612.182964	11.353530440986
3612.363577	11.357276450144
3612.544200	11.367313971782
3612.724832	11.391913689867
3612.905473	11.446967276840
3613.086122	11.559281472236
3613.266781	11.767695187026
3613.447449	12.118405053285
3613.628126	12.651277046789
3613.808812	13.377530890204
3613.989507	14.255909618964
3614.170211	15.180581861283
3614.350924	15.993979207158
3614.531646	16.527788333510
3614.712377	16.659062362103
3614.893117	16.356173142342
3615.073866	15.691164978596
3615.254624	14.811962804560
3615.435392	13.889022525198
3615.616168	13.062662884946
3615.796953	12.412718011667
3615.977748	11.956868107640
3616.158551	11.669272349245
3616.339364	11.505155723123
3616.520185	11.420125251313
3616.701016	11.380010299529
3616.881855	11.362734246461
3617.062704	11.355917030879
3617.243561	11.353431335600
3617.424428	11.352580466687
3617.605304	11.352301731930
3617.786189	11.352216598289
3617.967082	11.352200663561
3618.147985	11.352213799593
3618.328897	11.352241481889
3618.509818	11.352277059336
3618.690748	11.352316912380
3618.871687	11.352359014021
3619.052635	11.352402277653
3619.233593	11.352446145664
3619.414559	11.352490334618
3619.595534	11.352534695810
3619.776518	11.352579148082
3619.957512	11.352623646237
3620.138514	11.352668165139
3620.319526	11.352712691000
3620.500546	11.352757216865
3620.681576	11.352801739835
3620.862614	11.352846259850
3621.043662	11.352890778554
3621.224719	11.352935298306
3621.405784	11.352979821305
3621.586859	11.353024348921
3621.767943	11.353068881486
3621.949036	11.353113418848
3622.130138	11.353157960334
3622.311249	11.353202505392
3622.492369	11.353247053352
3622.673498	11.353291603980
3622.854636	11.353336157002
3623.035784	11.353380712337
3623.216940	11.353425269970
3623.398105	11.353469829865
3623.579280	11.353514392101
3623.760463	11.353558957283
3623.941656	11.353603527079
3624.122857	11.353648107759
3624.304068	11.353692718872
3624.485288	11.353737419047
3624.666517	11.353782377798
3624.847755	11.353828075981
3625.029001	11.353875865790
3625.210257	11.353929500610
3625.391522	11.353999084090
3625.572797	11.354110411089
3625.754080	11.354324640218
3625.935372	11.354774138777
3626.116673	11.355716505454
3626.297984	11.357595500395
3626.479303	11.361073223956
3626.660632	11.366972527583
3626.841969	11.376066652930
3627.023316	11.388705699197
3627.204671	11.404379374936
3627.386036	11.421434682033
3627.567410	11.437194282523
3627.748793	11.448583208628
3627.930185	11.453097772550
3628.111586	11.449704910207
3628.292996	11.439230815509
3628.474415	11.424038717230
3628.655844	11.407165899692
3628.837281	11.391344589673
3629.018727	11.378344004361
3629.200183	11.368818695035
3629.381647	11.362532553175
3629.563121	11.358765045703
3629.744604	11.356697372261
3629.926095	11.355645520723
3630.107596	11.355137806934
3630.289106	11.354894567501
3630.470625	11.354770481944
3630.652153	11.354698483126
3630.833690	11.354650433647
3631.015237	11.354614907653
3631.196792	11.354586789714
3631.378356	11.354563304644
3631.559930	11.354543022253
3631.741512	11.354526707096
3631.923104	11.354522007125
3632.104705	11.354560915222
3632.286314	11.354757220478
3632.467933	11.355475422055
3632.649561	11.357772994263
3632.831198	11.364423480397
3633.012844	11.381977108460
3633.194499	11.424285201402
3633.376164	11.517348810754
3633.557837	11.703910151713
3633.739519	12.044006008998
3633.921211	12.606050660018
3634.102912	13.444238212082
3634.284621	14.564340842596
3634.466340	15.890068278540
3634.648068	17.250306655982
3634.829805	18.405053476431
3635.011551	19.111184882313
3635.193306	19.205164117129
3635.375070	18.664502947091
3635.556844	17.616502888342
3635.738626	16.289599734802
3635.920417	14.932718627384
3636.102218	13.741343658037
3636.284028	12.819231096108
3636.465846	12.181380008517
3636.647674	11.783845651243
3636.829511	11.559457775853
3637.011357	11.444343262470
3637.193212	11.390532272388
3637.375076	11.367565756616
3637.556950	11.358599294198
3637.738832	11.355388362680
3637.920724	11.354326896786
3638.102624	11.353996245227
3638.284534	11.353892197605
3638.466453	11.353852312696
3638.648381	11.353829036512
3638.830318	11.353809693897
3639.012264	11.353791203942
3639.194219	11.353772882742
3639.376183	11.353754591488
3639.558156	11.353736304350
3639.740139	11.353718017030
3639.922130	11.353699728868
3640.104131	11.353681439883
3640.286141	11.353663128236
3640.468160	11.353619918250
3640.650188	11.352761275382
3640.832225	11.343786616661
3641.014271	11.306869567768
3641.196326	11.235421091030
3641.378390	11.148551034602
3641.560464	11.059249732940
3641.742547	10.969817932272
3641.924638	10.880381063146
3642.106739	10.790940902554
3642.288849	10.701497902433
3642.470968	10.612052614551
3642.653096	10.522605070472
3642.835233	10.433154860774
3643.017379	10.343700641182
3643.199535	10.254240647291
3643.381699	10.164772823231
3643.563873	10.075295837038
3643.746056	9.985809254730
3643.928248	9.896314032920
3644.110449	9.806811826377
3644.292659	9.717304718367
3644.474878	9.627794249494
3644.657106	9.538281427951
3644.839344	9.448766359508
3645.021590	9.359248828681
3645.203846	9.269728232502
3645.386111	9.180204168814
3645.568384	9.090676199777
3645.750667	9.001144237765
3645.932959	8.911608158429
3646.115261	8.822068099995
3646.297571	8.732524029315
3646.479890	8.642976017554
3646.662219	8.553423814660
3646.844557	8.463867187514
3647.026903	8.374305615873
3647.209259	8.284738773146
3647.391624	8.195166312662
3647.573999	8.105588323965
3647.756382	8.016004974230
3647.938774	7.926416769072
3648.121176	7.836824048806
3648.303586	7.747227223643
3648.486006	7.657626359138
3648.668435	7.568021549882
3648.850873	7.478412617671
3649.033320	7.388799532080
3649.215776	7.299182094938
3649.398242	7.209560317263
3649.580716	7.119934060958
3649.763200	7.030303389908
3649.945692	6.940668202857
3650.128194	6.851028586518
3650.310705	6.761384454176
3650.493225	6.671735905364
3650.675754	6.582082868421
3650.858293	6.492425460408
3651.040840	6.402763625718
3651.223397	6.313097485835
3651.405963	6.223426964364
3651.588537	6.133752127821
3651.771121	6.044072814875
3651.953715	5.954389001459
3652.136317	5.864700469047
3652.318928	5.775007205569
3652.501549	5.685309726155
3652.684178	5.595697279421
3652.866817	5.508008081964
3653.049465	5.433847112114
3653.232122	5.393030686429
3653.414788	5.381866203392
3653.597464	5.380181291697
3653.780148	5.379549300199
3653.962842	5.378953893611
3654.145544	5.378358600326
3654.328256	5.377763314755
3654.510977	5.377168019271
3654.693707	5.376572702874
3654.876447	5.375977360872
3655.059195	5.375381990276
3655.241952	5.374786590684
3655.424719	5.374191161266
3655.607495	5.373595702401
3655.790280	5.373000213461
3655.973074	5.372404695108
3656.155877	5.371809146699
3656.338690	5.371213568915
3656.521511	5.370617961011
3656.704342	5.370022323703
3656.887181	5.369426656225
3657.070030	5.368830959247
3657.252888	5.368235232099
3657.435756	5.367639475352
3657.618632	5.367043688553
3657.801518	5.366447872578
3657.984412	5.365852028264
3658.167316	5.365256162361
3658.350229	5.364660298514
3658.533151	5.364064526423
3658.716082	5.363469147681
3658.899023	5.362875107995
3659.081972	5.362285124278
3659.264931	5.361706364062
3659.447899	5.361156108971
3659.630876	5.360672283035
3659.813862	5.360330136187
3659.996857	5.360263398007
3660.179861	5.360681747104
3660.362875	5.361867535965
3660.545898	5.364129085529
3660.728930	5.367694813641
3660.911971	5.372560207331
3661.095021	5.378342127860
3661.278080	5.384228463825
3661.461149	5.389099632709
3661.644226	5.391826807235
3661.827313	5.391647397587
3662.010409	5.388448936110
3662.193514	5.382817525909
3662.376628	5.375822764778
3662.559752	5.368647721336
3662.742884	5.362239350822
3662.926026	5.357117618260
3663.109177	5.353377427424
3663.292337	5.350822143449
3663.475506	5.349131774034
3663.658684	5.347992295717
3663.841872	5.347160621178
3664.025069	5.346477012957
3664.208274	5.345850236897
3664.391489	5.345235933774
3664.574714	5.344618120212
3664.757947	5.343995817788
3664.941189	5.343371969954
3665.124441	5.342724497110
3665.307702	5.341943079418
3665.490972	5.340922219606
3665.674251	5.339748599906
3665.857539	5.338537316975
3666.040837	5.337318271434
3666.224143	5.336094755247
3666.407459	5.334869351958
3666.590784	5.333645093050
3666.774118	5.332424416609
3666.957462	5.331208885052
3667.140814	5.330000012464
3667.324176	5.328801552544
3667.507546	5.327623936198
3667.690926	5.326491956782
3667.874315	5.325456265350
3668.057714	5.324606744925
3668.241121	5.324080765515
3668.424538	5.324053512720
3668.607964	5.324696223027
3668.791399	5.326097913623
3668.974843	5.328169523117
3669.158296	5.330576222753
3669.341759	5.332753393793
3669.525230	5.334034829599
3669.708711	5.333862547414
3669.892201	5.331989887414
3670.075700	5.328577092596
3670.259209	5.324128993392
3670.442726	5.319307697659
3670.626253	5.314715183576
3670.809789	5.310741987654
3670.993334	5.307527282399
3671.176888	5.305012712085
3671.360452	5.303036914876
3671.544024	5.301420364398
3671.727606	5.300015382940
3671.911197	5.298721662022
3672.094797	5.297480544469
3672.278407	5.296261881063
3672.462025	5.295051890086
3672.645653	5.293844922828
3672.829290	5.292638895168
3673.012936	5.291433109021
3673.196591	5.290227354696
3673.380255	5.289021574519
3673.563929	5.287815758686
3673.747612	5.286609907453
3673.931304	5.285404024663
3674.115005	5.284198107390
3674.298715	5.282992147156
3674.482435	5.281786124394
3674.666163	5.280580016572
3674.849901	5.279373800342
3675.033648	5.278167464467
3675.217405	5.276961010226
3675.401170	5.275754459301
3675.584945	5.274547856953
3675.768729	5.273341321285
3675.952522	5.272135212265
3676.136324	5.270930687362
3676.320135	5.269731225086
3676.503956	5.268546374347
3676.687786	5.267399841732
3676.871625	5.266344761812
3677.055473	5.265488485534
3677.239330	5.265023226025
3677.423197	5.265237248867
3677.607073	5.266571024092
3677.790958	5.270033914289
3677.974852	5.277929529748
3678.158755	5.295224196582
3678.342668	5.332730240645
3678.526589	5.412441855147
3678.710520	5.574130337885
3678.894460	5.880036460873
3679.078410	6.411588312316
3679.262368	7.251171924163
3679.446336	8.446207349150
3679.630313	9.963575180450
3679.814299	11.655362440908
3679.998294	13.262485449302
3680.182299	14.471300455867
3680.366313	15.011034471034
3680.550335	14.751756591278
3680.734368	13.754651124559
3680.918409	12.248223643844
3681.102459	10.543162984621
3681.286519	8.929537536105
3681.470588	7.603062672186
3681.654666	6.644639401658
3681.838753	6.047425997363
3682.022850	5.767156692058
3682.206956	5.769938106600
3682.391071	6.060401154430
3682.575195	6.682583275488
3682.759328	7.692537297359
3682.943471	9.108753545493
3683.127623	10.856951291102
3683.311784	12.736594066190
3683.495954	14.436918590666
3683.680133	15.612276212372
3683.864322	15.994203422660
3684.048520	15.490475877869
3684.232727	14.220996660569
3684.416943	12.471285750021
3684.601168	10.588191585764
3684.785403	8.869688730671
3684.969647	7.495791540249
3685.153900	6.518111840550
3685.338162	5.894432023968
3685.522434	5.540023193255
3685.706715	5.371972936984
3685.891004	5.336805063539
3686.075304	5.423283091778
3686.259612	5.665745586242
3686.443930	6.139445964673
3686.628256	6.943481234169
3686.812592	8.165149004345
3686.996938	9.826714965954
3687.181292	11.830421364946
3687.365656	13.931689626457
3687.550029	15.769835867984
3687.734411	16.962730899944
3687.918802	17.234705699363
3688.103203	16.519738997186
3688.287612	14.987297571870
3688.472031	12.976974411433
3688.656460	10.876371170110
3688.840897	9.001974624156
3689.025344	7.531732526199
3689.209800	6.502768373053
3689.394265	5.854546901015
3689.578739	5.484862062493
3689.763223	5.293512261468
3689.947715	5.204482867654
3690.132217	5.170453821616
3690.316729	5.169542544426
3690.501249	5.201965968976
3690.685779	5.290468441144
3690.870318	5.485051474934
3691.054866	5.867915148553
3691.239423	6.550157599907
3691.423990	7.649942999290
3691.608565	9.246298862717
3691.793151	11.316312160878
3691.977745	13.681834610778
3692.162348	16.002799176224
3692.346961	17.843153579884
3692.531583	18.800356227228
3692.716214	18.647906353270
3692.900855	17.422211738476
3693.085504	15.408430857615
3693.270163	13.032715037593
3693.454831	10.716465004630
3693.639509	8.760157184984
3693.824195	7.297487559202
3694.008891	6.317926512943
3694.193596	5.726054173517
3694.378310	5.401810696596
3694.563034	5.240120572396
3694.747767	5.166406640243
3694.932509	5.135464096067
3695.117260	5.123352922749
3695.302020	5.118977104663
3695.486790	5.118236615890
3695.671569	5.121266444030
3695.856357	5.132591827984
3696.041155	5.164296253364
3696.225961	5.242560803699
3696.410777	5.417168326571
3696.595603	5.770966676505
3696.780437	6.421978024600
3696.965281	7.507289252894
3697.150133	9.139694946446
3697.334996	11.339982708596
3697.519867	13.967887436375
3697.704748	16.692139652541
3697.889637	19.036922575342
3698.074537	20.510075441090
3698.259445	20.769743975937
3698.444362	19.753009886571
3698.629289	17.700563178519
3698.814225	15.064149202463
3698.999171	12.345416757739
3699.184125	9.944371394705
3699.369089	8.078058122477
3699.554062	6.783301877202
3699.739045	5.975673780970
3699.924036	5.522201158319
3700.109037	5.296364775167
3700.294047	5.204855099853
3700.479066	5.191264283483
3700.664095	5.227350876416
3700.849133	5.300595292202
3701.034180	5.402922374575
3701.219236	5.522869420108
3701.404302	5.642449221015
3701.589377	5.739166763754
3701.774461	5.792162860207
3701.959554	5.789634758528
3702.144657	5.733896090288
3702.329769	5.641722803560
3702.514890	5.540678304992
3702.700020	5.465155424297
3702.885160	5.456817159080
3703.070309	5.572278286952
3703.255467	5.896214337574
3703.440634	6.551717016559
3703.625811	7.694521502637
3703.810997	9.478194641912
3703.996192	11.988571800073
3704.181396	15.166775432079
3704.366610	18.760611994219
3704.551833	22.345015660996
3704.737065	25.422965031162
3704.922307	27.569922783456
3705.107557	28.551729231806
3705.292817	28.357862949044
3705.478087	27.145500071930
3705.663365	25.144914352969
3705.848653	22.589584286895
3706.033950	19.699173407705
3706.219256	16.694451264268
3706.404572	13.803290728715
3706.589897	11.236099155861
3706.775231	9.143191332387
3706.960574	7.583626418632
3707.145927	6.525273453682
3707.331289	5.873501933297
3707.516660	5.510620301603
3707.702041	5.328177718565
3707.887430	5.243835447791
3708.072829	5.204314728916
3708.258238	5.180354136253
3708.443655	5.159183536858
3708.629082	5.137639016627
3708.814518	5.117051030646
3708.999964	5.100018556624
3709.185418	5.088779397823
3709.370882	5.084688055776
3709.556355	5.088219424317
3709.741838	5.099006150717
3709.927329	5.115719093107
3710.112830	5.135997348149
3710.298341	5.156958306544
3710.483860	5.176965014368
3710.669389	5.199367481079
3710.854927	5.238980198262
3711.040475	5.331944983671
3711.226031	5.548540828635
3711.411597	6.005275636233
3711.597172	6.866994861300
3711.782757	8.324746633501
3711.968351	10.537052170723
3712.153954	13.537807456838
3712.339566	17.141289204159
3712.525188	20.899054567149
3712.710819	24.160455983329
3712.896459	26.245816604965
3713.082108	26.674813724473
3713.267767	25.345935484109
3713.453435	22.575415202239
3713.639112	18.974969771762
3713.824799	15.232819121914
3714.010495	11.904578373182
3714.196200	9.298230146125
3714.381914	7.473987046610
3714.567638	6.322332253229
3714.753371	5.662446480521
3714.939113	5.317613165907
3715.124865	5.152691030374
3715.310626	5.080557966312
3715.496396	5.052453035387
3715.682176	5.044517640381
3715.867964	5.046778932756
3716.053762	5.055980977833
3716.239570	5.071407682620
3716.425386	5.092479592565
3716.611212	5.117399868971
3716.797048	5.142682859106
3716.982892	5.163626745589
3717.168746	5.175604489064
3717.354609	5.175652460215
3717.540481	5.163593167167
3717.726363	5.142104237752
3717.912254	5.115695976809
3718.098154	5.089128562042
3718.284064	5.066025257304
3718.469983	5.048209268906
3718.655911	5.035832150051
3718.841848	5.027991566596
3719.027795	5.023439226233
3719.213751	5.021115072069
3719.399716	5.020446305296
3719.585691	5.021483759985
3719.771675	5.024974481685
3719.957668	5.032448260781
3720.143671	5.046444765887
3720.329682	5.071273565925
3720.515704	5.115268698601
3720.701734	5.196239708916
3720.887774	5.352108521307
3721.073823	5.657392307244
3721.259881	6.241903584598
3721.445949	7.300794979369
3721.632026	9.077835435297
3721.818112	11.803867912111
3722.004208	15.587307295905
3722.190312	20.285055790995
3722.376427	25.415905706333
3722.562550	30.188579283345
3722.748683	33.679309662133
3722.934825	35.116669926948
3723.120976	34.156739115985
3723.307137	31.015151534128
3723.493307	26.387300969713
3723.679486	21.196974206477
3723.865675	16.298079704631
3724.051873	12.260897578005
3724.238080	9.310896275132
3724.424297	7.406106221731
3724.610523	6.392498913174
3724.796758	6.183692411149
3724.983002	6.949398247586
3725.169256	9.325938942420
3725.355519	14.644642095436
3725.541792	25.096277756533
3725.728073	43.637479684000
3725.914364	73.386680489133
3726.100665	116.371208764767
3726.286974	171.850440837227
3726.473293	234.925060591062
3726.659622	296.419696374183
3726.845959	344.708167732669
3727.032306	369.203090992852
3727.218663	364.140331510274
3727.405028	330.847132023972
3727.591403	277.351617693326
3727.777787	215.614851085802
3727.964181	157.914403645507
3728.150584	114.129402093256
3728.336996	90.820493019645
3728.523418	91.723730483533
3728.709848	118.452292299182
3728.896289	170.309454360669
3729.082738	243.026401779748
3729.269197	327.378810730037
3729.455665	409.223218817985
3729.642142	472.025297367902
3729.828629	501.511604468199
3730.015125	490.529687121840
3730.201631	441.666234365194
3730.388145	366.174382003708
3730.574669	279.738187971479
3730.761203	197.208153337484
3730.947746	128.686682695258
3731.134298	78.231373821212
3731.320859	44.921607127511
3731.507430	25.073834666803
3731.694010	14.350433490932
3731.880599	9.075286860706
3732.067198	6.698119414180
3732.253806	5.703701619830
3732.440423	5.305169628871
3732.627050	5.142551573087
3732.813686	5.071882638532
3733.000331	5.047291756886
3733.186986	5.069070167587
3733.373650	5.171360884436
3733.560323	5.431609408061
3733.747006	5.988613875777
3733.933698	7.053634501318
3734.120399	8.893222711023
3734.307110	11.762202469555
3734.493830	15.782006537348
3734.680559	20.795610891245
3734.867298	26.270831156999
3735.054046	31.334964502129
3735.240804	34.979580602633
3735.427570	36.382463571005
3735.614346	35.208879570882
3735.801132	31.741875234530
3735.987926	26.772302162900
3736.174730	21.306932958718
3736.361544	16.241238569542
3736.548367	12.140088642507
3736.735199	9.188590192733
3736.922040	7.281285352651
3737.108891	6.167626304511
3737.295751	5.578550146405
3737.482620	5.298369051467
3737.669499	5.184128952629
3737.856387	5.153509817398
3738.043285	5.162708521965
3738.230192	5.187516708009
3738.417108	5.212213846509
3738.604033	5.225525919710
3738.790968	5.220665550691
3738.977913	5.196321492135
3739.164866	5.156498020666
3739.351829	5.108634749001
3739.538801	5.060822109517
3739.725783	5.019354303407
3739.912774	4.987431717091
3740.099774	4.965294044540
3740.286784	4.951280546351
3740.473803	4.943040129646
3740.660831	4.938399435489
3740.847869	4.935755355363
3741.034916	4.934104611691
3741.221972	4.932899598933
3741.409038	4.931875662183
3741.596113	4.930918498386
3741.783198	4.929983719083
3741.970292	4.929055757480
3742.157395	4.928129672906
3742.344507	4.927204047567
3742.531629	4.926278528496
3742.718761	4.925353063405
3742.905901	4.924427699871
3743.093051	4.923502545790
3743.280211	4.922577804938
3743.467379	4.921653894397
3743.654557	4.920731781254
3743.841745	4.919813858733
3744.028941	4.918906250722
3744.216148	4.918024797342
3744.403363	4.917210090957
3744.590588	4.916562412681
3744.777822	4.916314125745
3744.965066	4.916958680118
3745.152319	4.919438207081
3745.339581	4.925339953261
3745.526853	4.936964543741
3745.714134	4.957050270893
3745.901424	4.987958155547
3746.088724	5.030342467048
3746.276033	5.081729722256
3746.463351	5.135801826267
3746.650679	5.183167699175
3746.838016	5.213813819120
3747.025363	5.220449636030
3747.212719	5.201236398730
3747.400084	5.160509144442
3747.587459	5.107106584585
3747.774843	5.051196410018
3747.962236	5.001176042541
3748.149639	4.961998203219
3748.337051	4.935468190088
3748.524473	4.922456663816
3748.711904	4.927145724182
3748.899344	4.964383623060
3749.086794	5.072267652013
3749.274253	5.331719566851
3749.461721	5.891079749663
3749.649199	6.985226991192
3749.836686	8.927660996928
3750.024183	12.048299839409
3750.211689	16.562518220612
3750.399204	22.394772248454
3750.586728	29.031898943713
3750.774262	35.509750109561
3750.961806	40.604251181666
3751.149359	43.197675108608
3751.336921	42.675741733832
3751.524492	39.163663976816
3751.712073	33.477343367365
3751.899664	26.815867492669
3752.087263	20.352885440150
3752.274872	14.916185999285
3752.462491	10.866057532694
3752.650119	8.163110753959
3752.837756	6.535813221580
3753.025402	5.647996107010
3753.213058	5.207714050796
3753.400724	5.008843049446
3753.588398	4.926945671861
3753.776082	4.896219148417
3753.963776	4.885763783028
3754.151479	4.882576590081
3754.339191	4.881727701648
3754.526913	4.881551766068
3754.714644	4.881624097387
3754.902384	4.882058249462
3755.090134	4.883379402671
3755.277893	4.886649469313
3755.465662	4.893676340419
3755.653440	4.907124189084
3755.841227	4.930266922220
3756.029024	4.966128790600
3756.216830	5.015976001669
3756.404646	5.077573706346
3756.592471	5.144104139533
3756.780305	5.204736414381
3756.968149	5.247251033501
3757.156002	5.261989271889
3757.343864	5.245409763365
3757.531736	5.201467697864
3757.719617	5.140081869257
3757.907508	5.073501766309
3758.095408	5.012386566394
3758.283318	4.963283269556
3758.471236	4.928168997297
3758.659165	4.905605464782
3758.847102	4.892499155291
3759.035049	4.885588935621
3759.223006	4.882271296795
3759.410972	4.880816161911
3759.598947	4.880230113025
3759.786932	4.880010706637
3759.974926	4.879931598171
3760.162929	4.879901313573
3760.350942	4.879886566899
3760.538964	4.879876560191
3760.726996	4.879868643926
3760.915037	4.879863806723
3761.103087	4.879866837169
3761.291147	4.879889690204
3761.479216	4.879958124500
3761.667295	4.880121283746
3761.855383	4.880461380918
3762.043481	4.881096313145
3762.231588	4.882164326902
3762.419704	4.883781382700
3762.607829	4.885973474738
3762.795965	4.888606304435
3762.984109	4.891352701828
3763.172263	4.893736120228
3763.360426	4.895257323593
3763.548599	4.895562418461
3763.736781	4.894575634405
3763.924973	4.892527622610
3764.113174	4.889843604776
3764.301384	4.886891396511
3764.489604	4.883881128651
3764.677833	4.881114376685
3764.866072	4.878842278083
3765.054320	4.877057213221
3765.242577	4.875632230565
3765.430844	4.874436369281
3765.619120	4.873369826769
3765.807406	4.872368695554
3765.995701	4.871397434656
3766.184005	4.870438618760
3766.372319	4.869484758614
3766.560643	4.868533550558
3766.748975	4.867586694384
3766.937317	4.866653545712
3767.125669	4.865764441976
3767.314030	4.865005339212
3767.502400	4.864594963304
3767.690780	4.865033026857
3767.879170	4.867339062627
3768.067568	4.873353668810
3768.255976	4.885975262330
3768.444394	4.909089690883
3768.632821	4.946946118720
3768.821257	5.003044267949
3769.009703	5.079419551513
3769.198158	5.178494432181
3769.386623	5.310968633129
3769.575097	5.513535927679
3769.763580	5.878055864704
3769.952073	6.587390883522
3770.140575	7.941866418190
3770.329087	10.347284110717
3770.517608	14.230883912311
3770.706139	19.869714116584
3770.894679	27.165124470092
3771.083228	35.460136975619
3771.271787	43.530214474337
3771.460356	49.832539097653
3771.648933	52.971879937209
3771.837520	52.197813549567
3772.026117	47.692437485607
3772.214723	40.498462715528
3772.403338	32.125853746904
3772.591963	24.039317561463
3772.780598	17.261880899095
3772.969241	12.229370274515
3773.157895	8.880874877462
3773.346557	6.870607947098
3773.535229	5.776766096417
3773.723911	5.235569915726
3773.912602	4.991404713907
3774.101302	4.890529402935
3774.290012	4.851934616858
3774.478731	4.837754539496
3774.667460	4.832200670205
3774.856198	4.829410393659
3775.044945	4.827471040510
3775.233702	4.825850442497
3775.422469	4.824423025794
3775.611245	4.823150422927
3775.800030	4.821999698882
3775.988825	4.820934921484
3776.177629	4.819923864045
3776.366442	4.818942800471
3776.555265	4.817980421323
3776.744098	4.817074819296
3776.932940	4.816399662810
3777.121791	4.816094744733
3777.310652	4.816006821313
3777.499522	4.815964249360
3777.688402	4.815924910469
3777.877291	4.815885630925
3778.066190	4.815846343443
3778.255098	4.815807045214
3778.444015	4.815767736725
3778.632942	4.815728420976
3778.821878	4.815689101990
3779.010824	4.815649783928
3779.199779	4.815610470131
3779.388744	4.815571163978
3779.577718	4.815531872682
3779.766702	4.815492621500
3779.955695	4.815453494304
3780.144698	4.815414739252
3780.333709	4.815377012193
3780.522731	4.815341864242
3780.711762	4.815312571163
3780.900802	4.815295264976
3781.089852	4.815299986083
3781.278911	4.815340760293
3781.467980	4.815433436212
3781.657058	4.815590349949
3781.846145	4.815812413234
3782.035242	4.816081617303
3782.224349	4.816358808031
3782.413465	4.816590871864
3782.602590	4.816727474148
3782.791725	4.816742182186
3782.980869	4.816650726562
3783.170023	4.816524737468
3783.359186	4.816513717397
3783.548359	4.816907443542
3783.737541	4.818285290091
3783.926733	4.821789672113
3784.115934	4.829502310439
3784.305145	4.844774454926
3784.494365	4.872193299863
3784.683594	4.916765893834
3784.872833	4.982060564522
3785.062081	5.067580336303
3785.251339	5.166422442630
3785.440606	5.264776694552
3785.629883	5.344443798829
3785.819169	5.388131819819
3786.008465	5.385521481099
3786.197770	5.337210303686
3786.387085	5.254478828092
3786.576409	5.155007345610
3786.765742	5.056757614332
3786.955085	4.972897903468
3787.144438	4.909614543118
3787.333800	4.866868822267
3787.523171	4.840830374320
3787.712552	4.826453289231
3787.901943	4.819228299296
3788.091342	4.815908598281
3788.280752	4.814502836388
3788.470171	4.813943464786
3788.659599	4.813723105878
3788.849036	4.813626063869
3789.038484	4.813569237351
3789.227940	4.813506471708
3789.417406	4.813276456147
3789.606882	4.812493950345
3789.796367	4.811066924185
3789.985862	4.809368710887
3790.175366	4.807630320732
3790.364879	4.805889902712
3790.554402	4.804149387261
3790.743935	4.802408795961
3790.933477	4.800668137414
3791.123028	4.798927435781
3791.312589	4.797186729478
3791.502159	4.795446083351
3791.691739	4.793705577400
3791.881328	4.791965296653
3792.070927	4.790225288567
3792.260536	4.788485526576
3792.450153	4.786745871067
3792.639781	4.785006085689
3792.829417	4.783265897029
3793.019064	4.781525121009
3793.208719	4.779783801536
3793.398384	4.778042381125
3793.588059	4.776301931652
3793.777743	4.774564631098
3793.967437	4.772834666124
3794.157140	4.771119672112
3794.346853	4.769432327941
3794.536575	4.767791060324
3794.726306	4.766218145520
3794.916047	4.764733851858
3795.105798	4.763347368823
3795.295558	4.762049785390
3795.485327	4.760821847648
3795.675106	4.759684972992
3795.864895	4.758868622251
3796.054693	4.759294535424
3796.244500	4.763889137898
3796.434317	4.780849412308
3796.624144	4.830903153783
3796.813980	4.961355628644
3797.003825	5.268967739078
3797.193680	5.929207401091
3797.383545	7.219554440551
3797.573418	9.511363621168
3797.763302	13.198031515403
3797.953195	18.541245937216
3798.143097	25.461881830849
3798.333009	33.362870525759
3798.522930	41.107721526411
3798.712861	47.241178248168
3798.902802	50.421509144908
3799.092752	49.895703656311
3799.282711	45.788471816625
3799.472680	39.054051813293
3799.662658	31.115984408905
3799.852646	23.380650451617
3800.042644	16.849950788316
3800.232650	11.968838635414
3800.422667	8.701065453669
3800.612693	6.727438839576
3800.802728	5.646905585135
3800.992773	5.108678769689
3801.182827	4.863875676420
3801.372891	4.761639737830
3801.562965	4.721932826910
3801.753048	4.707074988623
3801.943140	4.701250919075
3802.133242	4.698794109822
3802.323353	4.698169070513
3802.513474	4.698558531645
3802.703605	4.699234310303
3802.893745	4.699946754737
3803.083894	4.700662885193
3803.274053	4.701379915064
3803.464221	4.702098393264
3803.654399	4.702822047294
3803.844587	4.703564059655
3804.034784	4.704365959695
3804.224990	4.705346221417
3804.415206	4.706810113390
3804.605432	4.709465125399
3804.795667	4.714776818408
3804.985911	4.725433786876
3805.176166	4.745737500096
3805.366429	4.781524706287
3805.556702	4.839104562019
3805.746985	4.922894192836
3805.937277	5.032111102903
3806.127578	5.157860639823
3806.317890	5.282572527159
3806.508210	5.383251068687
3806.698540	5.438195063146
3806.888880	5.434623108621
3807.079229	5.373562679619
3807.269588	5.269449652451
3807.459956	5.144655295965
3807.650334	5.021766191724
3807.840721	4.917238484343
3808.031118	4.838712786184
3808.221524	4.786024376107
3808.411940	4.754290749691
3808.602366	4.737148618694
3808.792800	4.728939151025
3808.983245	4.725601560095
3809.173699	4.724651720801
3809.364162	4.724759699342
3809.554635	4.725291849693
3809.745118	4.725974980521
3809.935610	4.726699978406
3810.126111	4.727425469185
3810.316622	4.728137351117
3810.507143	4.728833656332
3810.697673	4.729518535452
3810.888213	4.730198697705
3811.078762	4.730880632860
3811.269321	4.731568774082
3811.459889	4.732264915002
3811.650467	4.732968699316
3811.841054	4.733678670386
3812.031651	4.734393374978
3812.222257	4.735112333697
3812.412873	4.735836975527
3812.603498	4.736571749397
3812.794133	4.737325364350
3812.984778	4.738111570045
3813.175432	4.738948203258
3813.366095	4.739853038056
3813.556768	4.740835875595
3813.747451	4.741888678480
3813.938143	4.742978319058
3814.128845	4.744047688658
3814.319556	4.745028111392
3814.510277	4.745851779964
3814.701007	4.746381572307
3814.891747	4.746240670128
3815.082496	4.745210074832
3815.273255	4.743706329208
3815.464024	4.742138661509
3815.654801	4.740627604640
3815.845589	4.739194216350
3816.036386	4.737833380678
3816.227193	4.736528812729
3816.418009	4.735262004744
3816.608834	4.734017581502
3816.799670	4.732785127487
3816.990514	4.731559102451
3817.181369	4.730339355813
3817.372233	4.729137172630
3817.563106	4.728000379159
3817.753989	4.727096060233
3817.944881	4.726949239570
3818.135783	4.729053641116
3818.326695	4.737248848057
3818.517616	4.760413607797
3818.708547	4.816906495389
3818.899487	4.940353107168
3819.090437	5.184494787283
3819.281396	5.622212552448
3819.472365	6.332341856095
3819.663343	7.370307286516
3819.854331	8.727052783286
3820.045329	10.292690962271
3820.236336	11.849131527759
3820.427352	13.109851715224
3820.618378	13.802917511437
3820.809414	13.765863779488
3821.000459	13.007386855105
3821.191514	11.703937416766
3821.382578	10.132979343534
3821.573652	8.577398512351
3821.764736	7.245744842935
3821.955829	6.237312846976
3822.146931	5.553299992880
3822.338044	5.134527487245
3822.529165	4.901853062922
3822.720296	4.783957015782
3822.911437	4.729122535987
3823.102588	4.705404413290
3823.293747	4.695550443624
3823.484917	4.691295499733
3823.676096	4.689095773119
3823.867285	4.687583133950
3824.058483	4.686280024407
3824.249690	4.685035251227
3824.440908	4.683805296142
3824.632135	4.682578752032
3824.823371	4.681352889313
3825.014617	4.680127112907
3825.205872	4.678901301993
3825.397137	4.677675435480
3825.588412	4.676449507848
3825.779696	4.675223519420
3825.970990	4.673997468602
3826.162293	4.672771356843
3826.353606	4.671545183366
3826.544929	4.670318950348
3826.736261	4.669092657584
3826.927602	4.667866306929
3827.118954	4.666639764893
3827.310314	4.665409461105
3827.501685	4.664146662186
3827.693064	4.662784967075
3827.884454	4.661314855932
3828.075853	4.659801995133
3828.267261	4.658283739412
3828.458680	4.656766588268
3828.650107	4.655252270233
3828.841545	4.653743111220
3829.032991	4.652242234980
3829.224448	4.650752980399
3829.415914	4.649277612696
3829.607389	4.647815567264
3829.798875	4.646361928296
3829.990369	4.644907209676
3830.181874	4.643439162179
3830.373388	4.641946407947
3830.564911	4.640422491493
3830.756444	4.638868484308
3830.947987	4.637292925697
3831.139539	4.635709612832
3831.331101	4.634135611584
3831.522672	4.632593798371
3831.714253	4.631127320679
3831.905843	4.629840759949
3832.097443	4.628997258441
3832.289053	4.629220343174
3832.480672	4.631857443030
3832.672301	4.639521692103
3832.863940	4.656693658640
3833.055588	4.690028166840
3833.247245	4.747801926744
3833.438912	4.838056490110
3833.630589	4.965849812457
3833.822275	5.131784905111
3834.013971	5.336226138475
3834.205677	5.595046981408
3834.397392	5.971512422391
3834.589117	6.622824056051
3834.780851	7.847705387302
3834.972595	10.104663527687
3835.164348	13.957651229935
3835.356111	19.912337058288
3835.547884	28.149360642898
3835.739666	38.237090182376
3835.931458	48.978566742154
3836.123259	58.547886689213
3836.315070	64.959838920253
3836.506890	66.727450857211
3836.698721	63.414495101992
3836.890560	55.803928760503
3837.082410	45.593126073499
3837.274269	34.777381745280
3837.466137	25.025748087598
3837.658015	17.309607774749
3837.849903	11.867716921968
3838.041800	8.416185221830
3838.233707	6.436306397008
3838.425624	5.405209414551
3838.617550	4.916303114203
3838.809485	4.704691888529
3839.001431	4.620760270187
3839.193385	4.589915867760
3839.385350	4.578981856613
3839.577324	4.574711995413
3839.769308	4.572355571082
3839.961301	4.570402209263
3840.153304	4.568509669840
3840.345316	4.566963484145
3840.537338	4.566261416664
3840.729370	4.566223469694
3840.921411	4.566386413932
3841.113462	4.566625316305
3841.305523	4.566961768802
3841.497593	4.567414641006
3841.689672	4.567981474703
3841.881762	4.568643632255
3842.073861	4.569375487967
3842.265969	4.570152497248
3842.458087	4.570955683337
3842.650215	4.571772579158
3842.842352	4.572596060152
3843.034499	4.573422526918
3843.226656	4.574250336063
3843.418822	4.575078750526
3843.610998	4.575907375151
3843.803183	4.576735915492
3843.995378	4.577564136527
3844.187582	4.578391902678
3844.379797	4.579219234784
3844.572020	4.580046316753
3844.764254	4.580873446483
3844.956497	4.581700930531
3845.148749	4.582528973798
3845.341012	4.583357592500
3845.533284	4.584186597209
3845.725565	4.585015646935
3845.917856	4.585844380296
3846.110157	4.586672592236
3846.302467	4.587500485043
3846.494787	4.588329118463
3846.687117	4.589161476442
3846.879456	4.590004948463
3847.071805	4.590876462013
3847.264163	4.591811411176
3847.456531	4.592876156140
3847.648909	4.594180172591
3847.841296	4.595878350932
3848.033693	4.598149337199
3848.226099	4.601138600460
3848.418515	4.604870251710
3848.610941	4.609158039167
3848.803376	4.613567824084
3848.995821	4.617480106523
3849.188276	4.620259542590
3849.380740	4.621475971940
3849.573214	4.621078299182
3849.765698	4.619434255098
3849.958191	4.617214482643
3850.150693	4.615175745480
3850.343206	4.613937107834
3850.535728	4.613826871432
3850.728259	4.614831628037
3850.920801	4.616639020416
3851.113351	4.618748911071
3851.305912	4.620623763129
3851.498482	4.621841821147
3851.691062	4.622208298764
3851.883651	4.621785952801
3852.076250	4.620836202831
3852.268859	4.619702246191
3852.461477	4.618689566028
3852.654105	4.617991370722
3852.846742	4.617669251367
3853.039390	4.617622015378
3853.232046	4.617503132536
3853.424713	4.617035783002
3853.617389	4.616395246693
3853.810074	4.615780896051
3854.002770	4.615216106084
3854.195475	4.614680377665
3854.388189	4.614155363051
3854.580914	4.613627572303
3854.773647	4.613089005119
3854.966391	4.612538395665
3855.159144	4.611982021114
3855.351907	4.611433438430
3855.544679	4.610911922371
3855.737461	4.610439389968
3855.930253	4.610035325303
3856.123054	4.609709529702
3856.315865	4.609454072166
3856.508686	4.609238159235
3856.701516	4.609010885653
3856.894356	4.608714918457
3857.087206	4.608308951934
3857.280065	4.607790914012
3857.472934	4.607211174184
3857.665812	4.606667481465
3857.858700	4.606279625652
3858.051598	4.606149002900
3858.244505	4.606314327522
3858.437422	4.606719000907
3858.630349	4.607206496022
3858.823285	4.607553794197
3859.016231	4.607537863191
3859.209187	4.607011652263
3859.402152	4.605956179398
3859.595127	4.604483808672
3859.788112	4.602791950986
3859.981106	4.601091546201
3860.174110	4.599544208071
3860.367123	4.598231771674
3860.560147	4.597161291920
3860.753180	4.596291909247
3860.946222	4.595565432848
3861.139274	4.594928304094
3861.332336	4.594341670617
3861.525407	4.593782618651
3861.718488	4.593241403568
3861.911579	4.592718193992
3862.104680	4.592220515836
3862.297790	4.591760727129
3862.490909	4.591352060757
3862.684039	4.591002354808
3862.877178	4.590706418147
3863.070326	4.590440255645
3863.263485	4.590161438220
3863.456653	4.589818186657
3863.649831	4.589365311452
3863.843018	4.588780488835
3864.036215	4.588072876743
3864.229421	4.587279551536
3864.422638	4.586451639565
3864.615864	4.585637238816
3864.809099	4.584868852670
3865.002345	4.584159463018
3865.195600	4.583506547693
3865.388864	4.582900838579
3865.582138	4.582337773958
3865.775422	4.581828684425
3865.968716	4.581390777089
3866.162019	4.581107151711
3866.355332	4.581537217313
3866.548655	4.584154998871
3866.741987	4.591885988896
3866.935329	4.610693182912
3867.128681	4.653150869682
3867.322042	4.746408761498
3867.515413	4.949309308290
3867.708793	5.385120997358
3867.902184	6.294008825626
3868.095584	8.097301960015
3868.288993	11.440972558850
3868.482413	17.156048033651
3868.675841	26.065074937157
3868.869280	38.609023875936
3869.062728	54.382339730088
3869.256186	71.796400221774
3869.449654	88.143337321105
3869.643131	100.204925377838
3869.836618	105.264892735279
3870.030115	102.099247385971
3870.223621	91.453026786025
3870.417137	75.752023806009
3870.610663	58.202302426791
3870.804198	41.735126992888
3870.997743	28.266437179352
3871.191298	18.495292798383
3871.384863	12.159298014321
3871.578437	8.489831365122
3871.772020	6.621123558257
3871.965614	5.829868424284
3872.159217	5.608138407034
3872.352830	5.636697286112
3872.546452	5.728135170450
3872.740084	5.779788911407
3872.933726	5.746046320037
3873.127378	5.622800870256
3873.321039	5.434362211430
3873.514710	5.218610829560
3873.708391	5.012280655277
3873.902081	4.840614463723
3874.095781	4.713884200755
3874.289490	4.629928357191
3874.483210	4.579620658488
3874.676939	4.552120081243
3874.870677	4.538174495217
3875.064426	4.531319374061
3875.258184	4.527695216516
3875.451952	4.525314051238
3875.645729	4.523314234074
3875.839516	4.521413942904
3876.033313	4.519577317290
3876.227119	4.517838220783
3876.420936	4.516223630430
3876.614762	4.514733239874
3876.808597	4.513345407180
3877.002442	4.512030364795
3877.196297	4.510760698528
3877.390162	4.509516187850
3877.584036	4.508284132848
3877.777920	4.507057531720
3877.971814	4.505832922942
3878.165718	4.504608764994
3878.359631	4.503384447708
3878.553554	4.502158549951
3878.747486	4.500909255633
3878.941428	4.499521622588
3879.135380	4.497842515018
3879.329342	4.495941292431
3879.523313	4.493979562086
3879.717294	4.492012411465
3879.911285	4.490045388446
3880.105285	4.488078556819
3880.299295	4.486111730223
3880.493315	4.484144663570
3880.687345	4.482177103513
3880.881384	4.480208876077
3881.075433	4.478239944133
3881.269492	4.476270438745
3881.463560	4.474300627580
3881.657638	4.472330882199
3881.851726	4.470361653460
3882.045823	4.468393509492
3882.239930	4.466427176769
3882.434047	4.464463539966
3882.628174	4.462503473370
3882.822310	4.460547500451
3883.016456	4.458595349450
3883.210612	4.456645706583
3883.404777	4.454696474791
3883.598952	4.452745762766
3883.793137	4.450793373676
3883.987331	4.448842150241
3884.181536	4.446898199222
3884.375749	4.444969294930
3884.569973	4.443061459139
3884.764206	4.441174862500
3884.958450	4.439300997012
3885.152702	4.437423161992
3885.346965	4.435521121102
3885.541237	4.433579083170
3885.735519	4.431595152230
3885.929811	4.429592527300
3886.124112	4.427640998792
3886.318423	4.425920582469
3886.512744	4.424924976579
3886.707074	4.426088342400
3886.901414	4.433596126180
3887.095764	4.459193910259
3887.290124	4.533710767848
3887.484493	4.731525019711
3887.678873	5.215675672235
3887.873261	6.307725562780
3888.067660	8.572329506613
3888.262068	12.878728594794
3888.456486	20.368846910199
3888.650914	32.248028438226
3888.845351	49.355830895353
3889.039798	71.585449988041
3889.234255	97.370554335386
3889.428722	123.548881776316
3889.623198	145.844938327566
3889.817684	159.955572993252
3890.012180	162.886469724003
3890.206685	153.979208877028
3890.401200	135.150093731415
3890.595725	110.223577703481
3890.790260	83.674207535590
3890.984804	59.340907024721
3891.179358	39.608295127863
3891.373922	25.249856419432
3891.568496	15.799969706240
3891.763079	10.147357959252
3891.957672	7.065144440250
3892.152275	5.530462518034
3892.346887	4.831789578915
3892.541510	4.540726872630
3892.736142	4.429857330617
3892.930783	4.391413396265
3893.125435	4.379497917721
3893.320096	4.376470682617
3893.514767	4.376194373442
3893.709447	4.376727538232
3893.904138	4.377504873204
3894.098838	4.378368830902
3894.293547	4.379273594817
3894.488267	4.380204757976
3894.682996	4.381159700268
3894.877735	4.382142233456
3895.072484	4.383159157636
3895.267243	4.384215790338
3895.462011	4.385310513683
3895.656789	4.386430064699
3895.851576	4.387548355043
3896.046374	4.388630979664
3896.241181	4.389645063092
3896.435998	4.390570730762
3896.630825	4.391408755485
3896.825661	4.392180358692
3897.020507	4.392919239262
3897.215363	4.393659932927
3897.410229	4.394427999369
3897.605104	4.395235651434
3897.799989	4.396083066362
3897.994884	4.396962992183
3898.189789	4.397865720717
3898.384703	4.398782507121
3898.579627	4.399707027178
3898.774561	4.400635401537
3898.969505	4.401565604837
3899.164458	4.402496843822
3899.359421	4.403429229633
3899.554394	4.404363836145
3899.749377	4.405303159014
3899.944369	4.406251829897
3900.139371	4.407217230469
3900.334383	4.408209285629
3900.529405	4.409238573582
3900.724436	4.410312230557
3900.919477	4.411428354768
3901.114528	4.412571211716
3901.309588	4.413710572968
3901.504659	4.414807520975
3901.699739	4.415825975069
3901.894829	4.416745444713
3902.089928	4.417568887141
3902.285038	4.418321554385
3902.480157	4.419041447315
3902.675286	4.419766293223
3902.870424	4.420523108651
3903.065573	4.421324016344
3903.260731	4.422168204777
3903.455899	4.423047207671
3903.651077	4.423950309763
3903.846264	4.424868123713
3904.041461	4.425794039616
3904.236668	4.426724216394
3904.431885	4.427656408424
3904.627111	4.428574181301
3904.822348	4.429349049613
3905.017594	4.429691986616
3905.212849	4.429575661565
3905.408115	4.429295875888
3905.603390	4.429016257015
3905.798675	4.428761787340
3905.993970	4.428527419391
3906.189275	4.428298227488
3906.384589	4.428052479972
3906.579913	4.427767423544
3906.775247	4.427426927184
3906.970591	4.427027517921
3907.165944	4.426579715928
3907.361307	4.426103975404
3907.556680	4.425623355614
3907.752063	4.425156507901
3907.947455	4.424713796611
3908.142858	4.424297275940
3908.338270	4.423903294390
3908.533691	4.423525795799
3908.729123	4.423158852012
3908.924564	4.422797923974
3909.120015	4.422440078188
3909.315476	4.422083663711
3909.510947	4.421727861523
3909.706427	4.421372330063
3909.901918	4.421017002171
3910.097418	4.420662032257
3910.292927	4.420307864293
3910.488447	4.419955401551
3910.683976	4.419606212539
3910.879515	4.419262642185
3911.075064	4.418927602311
3911.270623	4.418603819162
3911.466191	4.418292493841
3911.661769	4.417991740775
3911.857357	4.417695588536
3912.052955	4.417394441246
3912.248563	4.417077378948
3912.444180	4.416735683183
3912.639807	4.416366061378
3912.835444	4.415971962974
3913.031091	4.415562278471
3913.226747	4.415148104475
3913.422413	4.414739169786
3913.618089	4.414341461450
3913.813775	4.413956696615
3914.009471	4.413583308105
3914.205176	4.413218074188
3914.400891	4.412857600393
3914.596616	4.412499232673
3914.792351	4.412141368470
3914.988095	4.411783332504
3915.183850	4.411425049692
3915.379614	4.411066700500
3915.575388	4.410708482982
3915.771171	4.410350509261
3915.966965	4.409992809759
3916.162768	4.409635376583
3916.358581	4.409278201272
3916.554404	4.408921282337
3916.750236	4.408564616914
3916.946079	4.408208185973
3917.141931	4.407851949792
3917.337793	4.407495838244
3917.533665	4.407139035330
3917.729546	4.406769415404
3917.925438	4.406326921761
3918.121339	4.405737818223
3918.317250	4.405041975186
3918.513171	4.404318244078
3918.709101	4.403591961481
3918.905042	4.402865595411
3919.100992	4.402139239748
3919.296952	4.401412899532
3919.492921	4.400686561482
3919.688901	4.399960200356
3919.884890	4.399233793349
3920.080890	4.398507326086
3920.276898	4.397780799423
3920.472917	4.397054225225
3920.668946	4.396327628218
3920.864984	4.395601046198
3921.061032	4.394874550743
3921.257090	4.394148285707
3921.453158	4.393422559703
3921.649236	4.392698032182
3921.845323	4.391976135755
3922.041420	4.391259994181
3922.237527	4.390556303160
3922.433644	4.389878684053
3922.629770	4.389252625107
3922.825907	4.388720773433
3923.022053	4.388345083737
3923.218209	4.388200220341
3923.414375	4.388353099829
3923.610550	4.388829022210
3923.806736	4.389574969709
3924.002931	4.390440183625
3924.199136	4.391194717606
3924.395351	4.391595009324
3924.591576	4.391489767007
3924.787810	4.390959018882
3924.984054	4.390510781483
3925.180309	4.391417259897
3925.376572	4.396310883928
3925.572846	4.410095897672
3925.769130	4.440972315628
3925.965423	4.500911503784
3926.161726	4.604463337357
3926.358039	4.764800655132
3926.554362	4.986918349630
3926.750695	5.259963579844
3926.947037	5.552730563559
3927.143389	5.816663929854
3927.339752	5.997911533062
3927.536123	6.054912981160
3927.732505	5.973782172958
3927.928897	5.773712596828
3928.125298	5.499543373898
3928.321709	5.205401240695
3928.518130	4.937563454285
3928.714561	4.723804591116
3928.911002	4.571870416660
3929.107452	4.474850693929
3929.303912	4.418953368683
3929.500383	4.389904343303
3929.696862	4.376383366459
3929.893352	4.370836196802
3930.089852	4.368830418428
3930.286361	4.368020067686
3930.482880	4.367291965567
3930.679409	4.366232587069
3930.875948	4.364839051723
3931.072497	4.363352251381
3931.269056	4.362087306694
3931.465624	4.361293585744
3931.662202	4.361147290838
3931.858790	4.361816240823
3932.055388	4.363699866022
3932.251996	4.368063789172
3932.448613	4.378328402543
3932.645241	4.402271569312
3932.841878	4.455121491322
3933.038525	4.562715165101
3933.235182	4.762559427226
3933.431848	5.099407137378
3933.628525	5.612237388581
3933.825211	6.312915601014
3934.021907	7.163092716146
3934.218613	8.061989914998
3934.415329	8.857885152064
3934.612055	9.386952357423
3934.808790	9.527453299501
3935.005536	9.245077609668
3935.202291	8.606425709230
3935.399056	7.753387182258
3935.595831	6.851898987489
3935.792616	6.040291960572
3935.989410	5.398724297699
3936.186215	4.946522380548
3936.383029	4.659753313133
3936.579853	4.495152049061
3936.776687	4.409234447616
3936.973530	4.368242299344
3937.170384	4.350209982393
3937.367248	4.342747052624
3937.564121	4.339686106061
3937.761004	4.338289877977
3937.957897	4.337467551304
3938.154800	4.336826677732
3938.351712	4.336238692878
3938.548635	4.335664196747
3938.745567	4.335090827716
3938.942509	4.334513882150
3939.139461	4.333931252404
3939.336423	4.333342436572
3939.533395	4.332748308331
3939.730377	4.332150729190
3939.927368	4.331551946326
3940.124369	4.330953967610
3940.321381	4.330358140382
3940.518402	4.329765026553
3940.715432	4.329174553817
3940.912473	4.328586337253
3941.109524	4.328000130712
3941.306584	4.327416521195
3941.503654	4.326838295208
3941.700734	4.326273259326
3941.897824	4.325739560185
3942.094924	4.325274132269
3942.292034	4.324943083124
3942.489153	4.324849083469
3942.686283	4.325126257040
3942.883422	4.325911390151
3943.080571	4.327286633784
3943.277730	4.329205869078
3943.474899	4.331437899327
3943.672078	4.333569215147
3943.869266	4.335087330488
3944.066465	4.335505115494
3944.263673	4.334503726178
3944.460891	4.332149882854
3944.658119	4.328882064769
3944.855357	4.325236751874
3945.052604	4.321689711487
3945.249862	4.318579437531
3945.447129	4.316082042620
3945.644407	4.314243854850
3945.841694	4.313033998535
3946.038991	4.312378169648
3946.236298	4.312160796100
3946.433615	4.312210731941
3946.630941	4.312298877521
3946.828278	4.312168924048
3947.025624	4.311599563089
3947.222980	4.310472281440
3947.420346	4.308809595956
3947.617722	4.306761697373
3947.815108	4.304547363355
3948.012504	4.302378554960
3948.209909	4.300402823442
3948.407325	4.298682623826
3948.604750	4.297208954580
3948.802185	4.295932363108
3948.999630	4.294793105896
3949.197085	4.293740025131
3949.394550	4.292736900928
3949.592025	4.291760529892
3949.789509	4.290795864582
3949.987004	4.289831954855
3950.184508	4.288860213973
3950.382022	4.287874691408
3950.579546	4.286873093563
3950.777080	4.285857194419
3950.974624	4.284831979187
3951.172177	4.283803749598
3951.369741	4.282778076211
3951.567314	4.281758443510
3951.764898	4.280745970582
3951.962491	4.279739975157
3952.160094	4.278738882968
3952.357707	4.277741003844
3952.555330	4.276744977319
3952.752962	4.275749891062
3952.950605	4.274755219886
3953.148257	4.273760695138
3953.345920	4.272766196797
3953.543592	4.271771674569
3953.741274	4.270777111583
3953.938966	4.269782500799
3954.136668	4.268787841540
3954.334380	4.267793132507
3954.532102	4.266798375408
3954.729833	4.265803571062
3954.927575	4.264808725415
3955.125326	4.263813847815
3955.323087	4.262818959839
3955.520858	4.261824095436
3955.718639	4.260829307286
3955.916430	4.259834657175
3956.114231	4.258840202944
3956.312041	4.257845964578
3956.509862	4.256851895304
3956.707692	4.255857822656
3956.905533	4.254860966627
3957.103383	4.253820672452
3957.301243	4.252541434512
3957.499113	4.250793692561
3957.696993	4.248713149611
3957.894883	4.246547756857
3958.092782	4.244374804574
3958.290692	4.242201682935
3958.488612	4.240028722042
3958.686541	4.237856018174
3958.884480	4.235683714267
3959.082429	4.233512144377
3959.280388	4.231342071357
3959.478357	4.229174957702
3959.676336	4.227013219251
3959.874325	4.224860240040
3960.072324	4.222719966421
3960.270332	4.220595974334
3960.468351	4.218490366679
3960.666379	4.216403238722
3960.864417	4.214333582072
3961.062466	4.212281659647
3961.260524	4.210251463764
3961.458592	4.208250599699
3961.656670	4.206285537156
3961.854757	4.204353016488
3962.052855	4.202432538105
3962.250963	4.200487647106
3962.449080	4.198484855216
3962.647207	4.196443908626
3962.845345	4.194557243800
3963.043492	4.193483919754
3963.241649	4.195057063085
3963.439816	4.203831741225
3963.637993	4.230026252998
3963.836180	4.294182561939
3964.034377	4.432844087259
3964.232583	4.702486746694
3964.430800	5.176428068215
3964.629027	5.928595928535
3964.827263	7.001640646790
3965.025509	8.366346067087
3965.223765	9.890854876542
3965.422032	11.343514915198
3965.620308	12.443389947305
3965.818594	12.948527168742
3966.016890	12.747187792823
3966.215195	11.910239714715
3966.413511	10.682296531811
3966.611837	9.422881516192
3966.810172	8.532664016437
3967.008518	8.395288430578
3967.206873	9.337264759532
3967.405238	11.581388557565
3967.603614	15.169502816287
3967.801999	19.865549191754
3968.000394	25.096181994480
3968.198799	30.004259551588
3968.397214	33.650283825968
3968.595639	35.312961830296
3968.794073	34.768138587494
3968.992518	32.424924436116
3969.190972	29.277179024045
3969.389437	26.726271669033
3969.587911	26.366259549880
3969.786396	29.764980020689
3969.984890	38.184437037106
3970.183394	52.168640953365
3970.381908	71.044299811980
3970.580432	92.571405754582
3970.778966	113.076807760647
3970.977510	128.265508595491
3971.176064	134.536953620905
3971.374628	130.259945875282
3971.573202	116.376153853447
3971.771785	96.011429146618
3971.970379	73.300147247999
3972.168982	52.015364803625
3972.367596	34.612187750591
3972.566219	21.970491757811
3972.764852	13.728676043047
3972.963496	8.875761101461
3973.162149	6.284391086882
3973.360812	5.026052221135
3973.559485	4.469425609863
3973.758168	4.245015023222
3973.956861	4.162745323073
3974.155563	4.135654904620
3974.354276	4.128098616722
3974.552999	4.126930069057
3974.751731	4.127772055241
3974.950474	4.129296588082
3975.149227	4.131129772999
3975.347989	4.133205134634
3975.546761	4.135638479257
3975.745544	4.138751272055
3975.944336	4.143068401507
3976.143138	4.149192476415
3976.341950	4.157528076544
3976.540772	4.167930289890
3976.739604	4.179448218698
3976.938446	4.190358156363
3977.137298	4.198577665242
3977.336160	4.202349192579
3977.535032	4.200896147038
3977.733913	4.194724350751
3977.932805	4.185414084766
3978.131707	4.175018707755
3978.330618	4.165379516408
3978.529540	4.157662390374
3978.728471	4.152252412441
3978.927413	4.148940592502
3979.126364	4.147227460606
3979.325325	4.146583371722
3979.524297	4.146591044168
3979.723278	4.146979051156
3979.922269	4.147593909667
3980.121270	4.148356019455
3980.320281	4.149223662796
3980.519302	4.150170539655
3980.718333	4.151173469222
3980.917374	4.152206370684
3981.116425	4.153239070527
3981.315485	4.154241026260
3981.514556	4.155189018998
3981.713637	4.156075398348
3981.912728	4.156911869537
3982.111828	4.157725276249
3982.310939	4.158546099057
3982.510059	4.159394894255
3982.709190	4.160273351323
3982.908330	4.161164060016
3983.107481	4.162038269686
3983.306641	4.162866596445
3983.505811	4.163613829320
3983.704992	4.164157948392
3983.904182	4.164272761829
3984.103382	4.163984662872
3984.302592	4.163559969815
3984.501812	4.163139459484
3984.701042	4.162755310186
3984.900282	4.162414283395
3985.099532	4.162113754880
3985.298792	4.161845789427
3985.498062	4.161600825181
3985.697342	4.161370326767
3985.896632	4.161147994556
3986.095932	4.160929823065
3986.295242	4.160713574759
3986.494561	4.160498139018
3986.693891	4.160283024224
3986.893231	4.160068035277
3987.092580	4.159853101147
3987.291940	4.159638192015
3987.491309	4.159423285912
3987.690689	4.159208357005
3987.890079	4.158993378200
3988.089478	4.158778327525
3988.288887	4.158563196533
3988.488307	4.158347992718
3988.687736	4.158132737622
3988.887176	4.157917458126
3989.086625	4.157702178845
3989.286084	4.157486915400
3989.485554	4.157271674955
3989.685033	4.157056461680
3989.884522	4.156841296106
3990.084021	4.156626265702
3990.283531	4.156411670541
3990.483050	4.156198413127
3990.682579	4.155988976267
3990.882118	4.155789699883
3991.081667	4.155615798931
3991.281226	4.155501987727
3991.480795	4.155524306364
3991.680374	4.155843232831
3991.879963	4.156783101640
3992.079562	4.158962200644
3992.279171	4.163468142783
3992.478790	4.172019620467
3992.678419	4.186969983560
3992.878058	4.210940477477
3993.077707	4.245915989013
3993.277366	4.291887375212
3993.477035	4.345533194910
3993.676713	4.399763753364
3993.876402	4.444839758822
3994.076101	4.471084573210
3994.275810	4.472225772213
3994.475529	4.447799111785
3994.675257	4.403363269634
3994.874996	4.348399103889
3995.074745	4.292987350848
3995.274504	4.244855121557
3995.474272	4.207930592226
3995.674051	4.182572340767
3995.873840	4.166841533076
3996.073638	4.157957085702
3996.273447	4.153341129303
3996.473266	4.151091428690
3996.673094	4.150017259772
3996.872933	4.149457587388
3997.072782	4.149042211453
3997.272640	4.148571835851
3997.472509	4.148034977600
3997.672388	4.147483110874
3997.872276	4.146931484880
3998.072175	4.146380322027
3998.272084	4.145829226603
3998.472002	4.145278098557
3998.671931	4.144726928423
3998.871869	4.144175726252
3999.071818	4.143624504845
3999.271776	4.143073270983
3999.471745	4.142522027243
3999.671724	4.141970770993
3999.871712	4.141419498860
4000.071711	4.140868206228
4000.271719	4.140316890625
4000.471738	4.139765549404
4000.671767	4.139214182052
4000.871805	4.138662787985
4001.071854	4.138111369609
4001.271912	4.137559933169
4001.471981	4.137008501048
4001.672060	4.136457134208
4001.872148	4.135905989980
4002.072247	4.135355426552
4002.272355	4.134806178206
4002.472474	4.134259570752
4002.672603	4.133717691539
4002.872741	4.133183311565
4003.072890	4.132659329331
4003.273049	4.132147604498
4003.473217	4.131647405092
4003.673396	4.131154128319
4003.873585	4.130659217729
4004.073783	4.130151880095
4004.273992	4.129622333515
4004.474211	4.129065288311
4004.674439	4.128481983987
4004.874678	4.127879703370
4005.074927	4.127269035937
4005.275186	4.126660294724
4005.475454	4.126060799437
4005.675733	4.125474167156
4005.876022	4.124902312626
4006.076321	4.124352130074
4006.276630	4.123854731817
4006.476948	4.123521011818
4006.677277	4.123692252399
4006.877616	4.125307390959
4007.077965	4.130691992310
4007.278324	4.145022877265
4007.478693	4.178600210291
4007.679072	4.249582480260
4007.879461	4.385923189166
4008.079860	4.624223844380
4008.280269	5.002935284775
4008.480688	5.548948861748
4008.681117	6.260312769887
4008.881556	7.092123753757
4009.082005	7.954229565092
4009.282464	8.725873891202
4009.482933	9.284479443563
4009.683412	9.538186612247
4009.883902	9.449570219470
4010.084401	9.042491059542
4010.284910	8.391882887956
4010.485429	7.602282629680
4010.685959	6.783009138178
4010.886498	6.026511215994
4011.087047	5.394237479598
4011.287607	4.912291906457
4011.488176	4.576233097756
4011.688755	4.361726295799
4011.889345	4.236511528858
4012.089944	4.169829192101
4012.290554	4.137522339472
4012.491173	4.123214125934
4012.691803	4.117116949952
4012.892443	4.114056725888
4013.093092	4.111681466148
4013.293752	4.109184563295
4013.494422	4.106502114604
4013.695101	4.103841113894
4013.895791	4.101423381006
4014.096491	4.099374834845
4014.297201	4.097710163780
4014.497921	4.096367639454
4014.698651	4.095255846491
4014.899390	4.094288814450
4015.100140	4.093402484403
4015.300900	4.092556483505
4015.501671	4.091728677478
4015.702451	4.090908403102
4015.903241	4.090091278111
4016.104041	4.089276190899
4016.304851	4.088464074947
4016.505671	4.087657828556
4016.706502	4.086862784692
4016.907342	4.086087018076
4017.108192	4.085340625965
4017.309053	4.084633134620
4017.509923	4.083968874334
4017.710804	4.083341536639
4017.911694	4.082730650743
4018.112595	4.082103079068
4018.313506	4.081420909184
4018.514426	4.080653620953
4018.715357	4.079789298835
4018.916298	4.078839259571
4019.117249	4.077833662439
4019.318210	4.076810405306
4019.519181	4.075802898149
4019.720162	4.074832000868
4019.921153	4.073904360793
4020.122154	4.073015843553
4020.323165	4.072156975184
4020.524186	4.071317615451
4020.725217	4.070489601433
4020.926259	4.069667473821
4021.127310	4.068848083221
4021.328371	4.068029828834
4021.529443	4.067211989211
4021.730524	4.066394272630
4021.931616	4.065576577172
4022.132717	4.064758871743
4022.333829	4.063941151369
4022.534951	4.063123414257
4022.736083	4.062305659420
4022.937224	4.061487894942
4023.138376	4.060670222126
4023.339538	4.059853510232
4023.540710	4.059047491100
4023.741892	4.058313876053
4023.943084	4.057798591632
4024.144287	4.057664557155
4024.345499	4.058348462911
4024.546721	4.061393400830
4024.747954	4.071070287184
4024.949196	4.097756528871
4025.150448	4.164053662001
4025.351711	4.313811127597
4025.552984	4.621899506752
4025.754266	5.198546165289
4025.955559	6.178019758432
4026.156862	7.681827753340
4026.358175	9.755906340473
4026.559498	12.300074790043
4026.760831	15.026694161770
4026.962174	17.488191228496
4027.163527	19.187498609515
4027.364890	19.739414331454
4027.566263	19.012291418122
4027.767647	17.178925502184
4027.969040	14.649903439211
4028.170444	11.924380895567
4028.371857	9.432303658990
4028.573281	7.434848651737
4028.774715	6.008287394277
4028.976158	5.091916456634
4029.177612	4.559323164312
4029.379076	4.278107009323
4029.580550	4.142772971001
4029.782034	4.083217090538
4029.983528	4.059124668849
4030.185032	4.050052057589
4030.386547	4.046754594072
4030.588071	4.045477838785
4030.789606	4.044845909582
4030.991150	4.044403485478
4031.192705	4.044018069352
4031.394269	4.043667194573
4031.595844	4.043381957021
4031.797429	4.043257349934
4031.999024	4.043502018939
4032.200629	4.044516291740
4032.402244	4.046973308429
4032.603869	4.051844615746
4032.805504	4.060279919072
4033.007150	4.073262055893
4033.208805	4.091049865564
4033.410470	4.112589486881
4033.612146	4.135224716924
4033.813832	4.155030768769
4034.015527	4.167842723118
4034.217233	4.170646243643
4034.418949	4.162701120857
4034.620675	4.145824302299
4034.822411	4.123684109022
4035.024157	4.100477863191
4035.225914	4.079642948512
4035.427680	4.063126696706
4035.629456	4.051359497375
4035.831243	4.043716880990
4036.033040	4.039117947853
4036.234846	4.036490273847
4036.436663	4.035004441841
4036.638490	4.034118308692
4036.840327	4.033520564800
4037.042174	4.033042907007
4037.244031	4.032572091836
4037.445898	4.032035630519
4037.647776	4.031449260086
4037.849663	4.030852017422
4038.051561	4.030254653731
4038.253468	4.029657575780
4038.455386	4.029060574922
4038.657314	4.028463575107
4038.859252	4.027866554316
4039.061200	4.027269505614
4039.263158	4.026672428117
4039.465126	4.026075321198
4039.667104	4.025478186374
4039.869093	4.024881025141
4040.071091	4.024283841999
4040.273100	4.023686643036
4040.475119	4.023089438108
4040.677147	4.022492237503
4040.879186	4.021895050664
4041.081235	4.021297878396
4041.283294	4.020700710025
4041.485364	4.020103518541
4041.687443	4.019506266899
4041.889532	4.018908915640
4042.091632	4.018311438797
4042.293742	4.017713831142
4042.495861	4.017116112769
4042.697991	4.016518319138
4042.900131	4.015920491110
4043.102281	4.015322661049
4043.304441	4.014724850773
4043.506612	4.014127075867
4043.708792	4.013529379275
4043.910982	4.012931943026
4044.113183	4.012335505820
4044.315394	4.011742778217
4044.517615	4.011162837672
4044.719846	4.010623327677
4044.922087	4.010200560869
4045.124338	4.010084719275
4045.326599	4.010701473800
4045.528870	4.012900473839
4045.731152	4.018177647381
4045.933444	4.028814501968
4046.135745	4.047720799122
4046.338057	4.077744870362
4046.540379	4.120376473958
4046.742711	4.174154564280
4046.945053	4.233538050435
4047.147406	4.289162555245
4047.349768	4.329961107787
4047.552141	4.346646096141
4047.754523	4.335088229426
4047.956916	4.297916501362
4048.159319	4.243495773298
4048.361732	4.182822024793
4048.564155	4.125908707710
4048.766588	4.079264879358
4048.969032	4.045222648914
4049.171485	4.022825610600
4049.373949	4.009397689069
4049.576423	4.001954568386
4049.778907	3.998037512258
4049.981401	3.995973969104
4050.183905	3.994784327475
4050.386419	3.993964586387
4050.588943	3.993284646568
4050.791478	3.992650896423
4050.994023	3.992030284851
4051.196577	3.991414070014
4051.399142	3.990800896515
4051.601717	3.990190610351
4051.804302	3.989582912682
4052.006898	3.988977239494
4052.209503	3.988372945588
4052.412119	3.987769474623
4052.614744	3.987166434933
4052.817380	3.986563588530
4053.020026	3.985960810344
4053.222682	3.985358040629
4053.425348	3.984755255125
4053.628025	3.984152443761
4053.830711	3.983549603923
4054.033408	3.982946734042
4054.236114	3.982343834411
4054.438831	3.981740904326
4054.641558	3.981137944431
4054.844295	3.980534954035
4055.047043	3.979931933877
4055.249800	3.979328883184
4055.452568	3.978725802680
4055.655345	3.978122691736
4055.858133	3.977519550929
4056.060931	3.976916379618
4056.263739	3.976313178500
4056.466558	3.975709946888
4056.669386	3.975106685437
4056.872225	3.974503393523
4057.075073	3.973900071763
4057.277932	3.973296719497
4057.480801	3.972693337369
4057.683680	3.972089924758
4057.886569	3.971486482345
4058.089469	3.970883009533
4058.292378	3.970279507136
4058.495298	3.969675974993
4058.698228	3.969072414921
4058.901168	3.968468828603
4059.104118	3.967865221241
4059.307078	3.967261599582
4059.510049	3.966657974919
4059.713029	3.966054359063
4059.916020	3.965450764100
4060.119021	3.964847195328
4060.322032	3.964243650617
4060.525053	3.963640118613
4060.728084	3.963036587340
4060.931126	3.962433050770
4061.134178	3.961829516151
4061.337239	3.961225995339
4061.540311	3.960622489454
4061.743393	3.960018965233
4061.946486	3.959415349470
4062.149588	3.958811541709
4062.352701	3.958207453367
4062.555823	3.957603044716
4062.758956	3.956998348751
4062.962099	3.956393458920
4063.165252	3.955788497794
4063.368416	3.955183574623
4063.571589	3.954578762732
4063.774773	3.953974012880
4063.977967	3.953367435016
4064.181171	3.952745950680
4064.384385	3.952084751117
4064.587609	3.951385913099
4064.790844	3.950675024624
4064.994088	3.949964285993
4065.197343	3.949255808348
4065.400608	3.948549959078
4065.603883	3.947846496644
4065.807168	3.947144705688
4066.010464	3.946444806107
4066.213769	3.945753679333
4066.417085	3.945104374952
4066.620411	3.944617009918
4066.823747	3.944672141292
4067.027093	3.946353413720
4067.230450	3.952445601064
4067.433816	3.969387108291
4067.637193	4.010485095673
4067.840580	4.100095443354
4068.043977	4.277084047673
4068.247385	4.594017619173
4068.450802	5.107436311236
4068.654230	5.856438258860
4068.857667	6.832937131175
4069.061115	7.955754994740
4069.264574	9.066121327727
4069.468042	9.957555322038
4069.671520	10.436713486640
4069.875009	10.391891470590
4070.078508	9.836437157964
4070.282017	8.904340175597
4070.485536	7.800166983016
4070.689065	6.728777789117
4070.892605	5.837296874705
4071.096155	5.190023507890
4071.299715	4.777166906102
4071.503285	4.543623086159
4071.706865	4.420751201820
4071.910455	4.349613312219
4072.114056	4.291928576620
4072.317667	4.230594447078
4072.521288	4.163953218876
4072.724919	4.098058136825
4072.928560	4.040105797067
4073.132212	3.994632739317
4073.335873	3.962540165113
4073.539545	3.941984576791
4073.743227	3.929901082302
4073.946920	3.923265347769
4074.150622	3.919753608193
4074.354335	3.917888770927
4074.558058	3.916937436303
4074.761791	3.916821261609
4074.965534	3.918247720520
4075.169287	3.923218161482
4075.373051	3.935999774444
4075.576824	3.964442721757
4075.780608	4.021081225360
4075.984402	4.122862567748
4076.188207	4.288001584995
4076.392021	4.529069437447
4076.595846	4.843404162809
4076.799681	5.204766910089
4077.003526	5.561903060439
4077.207381	5.848174106370
4077.411247	6.001134912467
4077.615122	5.984524846176
4077.819008	5.802135124211
4078.022904	5.496407346037
4078.226810	5.132592848079
4078.430727	4.776554459289
4078.634654	4.476916475808
4078.838590	4.258159695835
4079.042537	4.124376701624
4079.246495	4.068536747254
4079.450462	4.081039344239
4079.654440	4.153495829792
4079.858427	4.277080804953
4080.062426	4.437804317444
4080.266434	4.612653797354
4080.470452	4.770253230502
4080.674481	4.877334787284
4080.878520	4.908846530647
4081.082569	4.856857179203
4081.286628	4.733484317142
4081.490697	4.566148587022
4081.694777	4.387582038108
4081.898867	4.225521259291
4082.102967	4.096409748051
4082.307077	4.004615032820
4082.511198	3.945753966698
4082.715328	3.911403631029
4082.919469	3.892947340343
4083.123620	3.883627205339
4083.327781	3.879019437017
4083.531953	3.876629032542
4083.736135	3.875234846159
4083.940327	3.874329149227
4084.144529	3.873746307759
4084.348741	3.873447490231
4084.552964	3.873401329579
4084.757196	3.873520852753
4084.961439	3.873643987266
4085.165692	3.873557047790
4085.369956	3.873053773873
4085.574229	3.872005999924
4085.778513	3.870412099617
4085.982807	3.868397948816
4086.187112	3.866169547186
4086.391426	3.863941673393
4086.595751	3.861876211997
4086.800086	3.860053417906
4087.004431	3.858478720257
4087.208786	3.857111498111
4087.413152	3.855898343224
4087.617527	3.854799742969
4087.821913	3.853808182168
4088.026309	3.852960650970
4088.230716	3.852346845142
4088.435133	3.852107680838
4088.639559	3.852412209758
4088.843997	3.853401786185
4089.048444	3.855104445192
4089.252901	3.857347575582
4089.457369	3.859719084779
4089.661847	3.861624020003
4089.866335	3.862444058304
4090.070834	3.861746416063
4090.275342	3.859446529278
4090.479861	3.855841211147
4090.684390	3.851494447129
4090.888930	3.847035797733
4091.093479	3.842966379313
4091.298039	3.839527600694
4091.502609	3.836662361329
4091.707189	3.834212933087
4091.911780	3.832110112275
4092.116381	3.830271304073
4092.320991	3.828589395224
4092.525613	3.826986832359
4092.730244	3.825420129043
4092.934886	3.823868118270
4093.139537	3.822321750773
4093.344200	3.820777675505
4093.548872	3.819234801344
4093.753554	3.817692699711
4093.958247	3.816150975369
4094.162950	3.814609201118
4094.367664	3.813067298273
4094.572387	3.811526691765
4094.777121	3.809993282615
4094.981865	3.808484899306
4095.186619	3.807048372251
4095.391383	3.805794075594
4095.596158	3.804955334751
4095.800943	3.804970656123
4096.005738	3.806562181100
4096.210544	3.810746209599
4096.415359	3.818682997495
4096.620185	3.831293366748
4096.825021	3.848676658518
4097.029868	3.869537282579
4097.234724	3.890967246594
4097.439591	3.908889636110
4097.644468	3.919182010024
4097.849356	3.919086537631
4098.054253	3.908252474962
4098.259161	3.888874457797
4098.464079	3.864852350542
4098.669007	3.840414628428
4098.873946	3.818874332912
4099.078895	3.802028184972
4099.283854	3.790360742766
4099.488823	3.784048390407
4099.693803	3.785143142267
4099.898793	3.802617387836
4100.103793	3.864562260467
4100.308803	4.045811437495
4100.513824	4.523125741638
4100.718854	5.668716495582
4100.923895	8.177117167617
4101.128947	13.181098198504
4101.334008	22.255061424896
4101.539080	37.163003696199
4101.744162	59.248765555986
4101.949255	88.536475903254
4102.154357	122.878240606825
4102.359470	157.682824832856
4102.564593	186.672164428025
4102.769726	203.650057670929
4102.974870	204.642956974498
4103.180024	189.409003469608
4103.385188	161.533018928024
4103.590362	127.057758552568
4103.795547	92.362886308017
4104.000742	62.305252977306
4104.205947	39.327308168891
4104.411163	23.623217156689
4104.616388	13.953135177566
4104.821624	8.561302764685
4105.026870	5.829879766576
4105.232127	4.570102341320
4105.437394	4.040493441642
4105.642671	3.837376079530
4105.847958	3.766397341872
4106.053255	3.743992557828
4106.258563	3.737837864148
4106.463881	3.736637775128
4106.669210	3.736816249240
4106.874548	3.737345113179
4107.079897	3.737955417604
4107.285256	3.738583057932
4107.490626	3.739214097317
4107.696005	3.739845767875
4107.901395	3.740477568341
4108.106795	3.741109414702
4108.312206	3.741741295031
4108.517627	3.742373206813
4108.723058	3.743005150629
4108.928499	3.743637125629
4109.133951	3.744269132642
4109.339412	3.744901170851
4109.544884	3.745533241074
4109.750367	3.746165342528
4109.955859	3.746797475953
4110.161362	3.747429640634
4110.366876	3.748061837375
4110.572399	3.748694065684
4110.777933	3.749326326954
4110.983477	3.749958622201
4111.189031	3.750590956223
4111.394596	3.751223337232
4111.600171	3.751855783057
4111.805756	3.752488323316
4112.011351	3.753121009601
4112.216957	3.753753932076
4112.422573	3.754387290207
4112.628199	3.755021608287
4112.833836	3.755658347395
4113.039483	3.756301354527
4113.245140	3.756959826167
4113.450807	3.757653380650
4113.656485	3.758419033797
4113.862173	3.759317756728
4114.067871	3.760435224579
4114.273580	3.761869027446
4114.479298	3.763696701061
4114.685027	3.765928083960
4114.890767	3.768460382688
4115.096517	3.771065499533
4115.302277	3.773434654190
4115.508047	3.775278900653
4115.713827	3.776447083179
4115.919618	3.776999547900
4116.125419	3.777188378562
4116.331231	3.777342413059
4116.537052	3.777710656538
4116.742884	3.778345337478
4116.948727	3.779086257071
4117.154579	3.779652255216
4117.360442	3.779787523460
4117.566315	3.779384623530
4117.772199	3.778525831138
4117.978093	3.777434413036
4118.183997	3.776374685809
4118.389911	3.775555122599
4118.595836	3.775047400502
4118.801771	3.774705692438
4119.007716	3.774366311518
4119.213671	3.774252729286
4119.419637	3.774920943075
4119.625613	3.777409965451
4119.831600	3.783868098095
4120.037596	3.798304310148
4120.243603	3.827213934031
4120.449621	3.879529105836
4120.655648	3.965104876630
4120.861686	4.091201629295
4121.067735	4.257424963393
4121.273793	4.451064840696
4121.479862	4.645830822040
4121.685941	4.806366808636
4121.892031	4.898300218901
4122.098130	4.900128715650
4122.304240	4.811355371518
4122.510361	4.652678920763
4122.716491	4.458133288688
4122.922632	4.263254270087
4123.128784	4.094860070374
4123.334945	3.966270592477
4123.541117	3.878355487343
4123.747299	3.824100070925
4123.953492	3.793691342843
4124.159695	3.778115405393
4124.365908	3.770751998974
4124.572131	3.767470104686
4124.778365	3.766019088902
4124.984609	3.765312229892
4125.190864	3.764880287669
4125.397128	3.764540993317
4125.603403	3.764230388634
4125.809689	3.763928104466
4126.015984	3.763628192267
4126.222290	3.763329014828
4126.428606	3.763030126922
4126.634933	3.762731429015
4126.841270	3.762432982558
4127.047617	3.762135021094
4127.253975	3.761838031460
4127.460343	3.761542864284
4127.666721	3.761250805015
4127.873109	3.760963520714
4128.079508	3.760682814177
4128.285917	3.760410243133
4128.492337	3.760146830943
4128.698766	3.759893208356
4128.905207	3.759650381745
4129.111657	3.759420959093
4129.318118	3.759210369829
4129.524589	3.759027884460
4129.731070	3.758888108404
4129.937562	3.758814232825
4130.144064	3.758843169474
4130.350576	3.759029145090
4130.557099	3.759438357138
4130.763632	3.760127275495
4130.970175	3.761104974051
4131.176729	3.762293555473
4131.383293	3.763511511772
4131.589867	3.764501252825
4131.796452	3.765001019587
4132.003047	3.764833646067
4132.209652	3.763968613647
4132.416268	3.762516813688
4132.622894	3.760662791668
4132.829530	3.758639314773
4133.036177	3.756697095250
4133.242834	3.754994968318
4133.449501	3.753581832518
4133.656179	3.752440194784
4133.862867	3.751520548560
4134.069565	3.750764783125
4134.276274	3.750119944748
4134.482993	3.749544004172
4134.689722	3.749006604563
4134.896462	3.748487464941
4135.103212	3.747974166653
4135.309972	3.747460125901
4135.516743	3.746942900547
4135.723524	3.746422720883
4135.930315	3.745901160549
4136.137117	3.745380037326
4136.343929	3.744860685887
4136.550751	3.744343684784
4136.757584	3.743828946919
4136.964427	3.743315999643
4137.171280	3.742804264657
4137.378144	3.742293243757
4137.585018	3.741782586840
4137.791902	3.741272086985
4137.998797	3.740761638196
4138.205702	3.740251196291
4138.412618	3.739740746538
4138.619544	3.739230289017
4138.826480	3.738719828813
4139.033426	3.738209375691
4139.240383	3.737698939922
4139.447350	3.737188531698
4139.654328	3.736678152801
4139.861316	3.736167793130
4140.068314	3.735657425330
4140.275323	3.735147012302
4140.482342	3.734636521274
4140.689371	3.734125965053
4140.896410	3.733615516535
4141.103460	3.733105958622
4141.310521	3.732600415266
4141.517592	3.732110530126
4141.724673	3.731676313824
4141.931764	3.731423341647
4142.138866	3.731709669196
4142.345978	3.733458956782
4142.553100	3.738817127372
4142.760233	3.752246025867
4142.967376	3.781973081015
4143.174530	3.841253610244
4143.381694	3.948255844502
4143.588868	4.122954893688
4143.796053	4.379972439078
4144.003248	4.718313373392
4144.210453	5.111986635697
4144.417669	5.507551984642
4144.624895	5.833384587836
4144.832131	6.020054247314
4145.039378	6.024284024970
4145.246635	5.845233169469
4145.453903	5.524723675761
4145.661181	5.131355956051
4145.868469	4.736735499526
4146.075767	4.395025545376
4146.283076	4.133390470796
4146.490396	3.954044302656
4146.697725	3.843265464261
4146.905065	3.781480746340
4147.112416	3.750452503275
4147.319777	3.736513787815
4147.527148	3.730875500501
4147.734529	3.728556709664
4147.941921	3.727081375349
4148.149324	3.725450048356
4148.356736	3.723458062150
4148.564159	3.721266863124
4148.771593	3.719137427796
4148.979036	3.717279083731
4149.186491	3.715789970756
4149.393955	3.714663329952
4149.601430	3.713827063725
4149.808915	3.713187206059
4150.016411	3.712658520592
4150.223917	3.712178834520
4150.431433	3.711711553842
4150.638960	3.711242531754
4150.846497	3.710776241090
4151.054045	3.710334875628
4151.261603	3.709963076658
4151.469171	3.709739113197
4151.676750	3.709788799226
4151.884339	3.710291167593
4152.091938	3.711458459816
4152.299548	3.713474459443
4152.507168	3.716392220657
4152.714798	3.720023293318
4152.922439	3.723880011179
4153.130091	3.727232534142
4153.337752	3.729297148923
4153.545424	3.729496627574
4153.753107	3.727675603230
4153.960800	3.724161399693
4154.168503	3.719637680259
4154.376217	3.714897583478
4154.583941	3.710597669737
4154.791675	3.707114528598
4154.999420	3.704534864292
4155.207175	3.702741044944
4155.414941	3.701525519750
4155.622716	3.700681319748
4155.830503	3.700048607463
4156.038300	3.699523973748
4156.246107	3.699049847762
4156.453924	3.698599145190
4156.661752	3.698163359908
4156.869590	3.697746398221
4157.077439	3.697363154003
4157.285298	3.697040235825
4157.493167	3.696815228949
4157.701047	3.696730418687
4157.908938	3.696818198877
4158.116838	3.697079605037
4158.324749	3.697463851465
4158.532671	3.697861527347
4158.740603	3.698122191997
4158.948545	3.698096293102
4159.156497	3.697686459912
4159.364460	3.696884315354
4159.572434	3.695773797570
4159.780418	3.694498920214
4159.988412	3.693208930850
4160.196417	3.692000481257
4160.404432	3.690910966043
4160.612457	3.689963297876
4160.820493	3.689154514098
4161.028539	3.688450015208
4161.236596	3.687811124065
4161.444663	3.687208692723
4161.652740	3.686624407039
4161.860828	3.686048247906
4162.068926	3.685475368145
4162.277035	3.684903679876
4162.485154	3.684332378453
4162.693283	3.683761188096
4162.901423	3.683190022872
4163.109573	3.682618858394
4163.317734	3.682047684975
4163.525905	3.681476497343
4163.734087	3.680905288902
4163.942279	3.680334054217
4164.150481	3.679762786660
4164.358694	3.679191482380
4164.566917	3.678620138550
4164.775150	3.678048756572
4164.983394	3.677477338773
4165.191649	3.676905890081
4165.399914	3.676334413763
4165.608189	3.675762913538
4165.816474	3.675191391823
4166.024770	3.674619860016
4166.233077	3.674048368145
4166.441394	3.673477137990
4166.649721	3.672907038873
4166.858059	3.672341178722
4167.066407	3.671789637127
4167.274765	3.671282070727
4167.483134	3.670897379742
4167.691514	3.670824648677
4167.899903	3.671469824256
4168.108304	3.673607264078
4168.316714	3.678532619951
4168.525135	3.688104358452
4168.733567	3.704502427891
4168.942009	3.729556498498
4169.150461	3.763679002936
4169.358924	3.804755766027
4169.567397	3.847631098945
4169.775880	3.884792053816
4169.984374	3.908365006023
4170.192879	3.912765406760
4170.401394	3.896793292714
4170.609919	3.864103342244
4170.818455	3.821797138982
4171.027001	3.777878548118
4171.235557	3.738812540104
4171.444124	3.708175825972
4171.652702	3.686650525646
4171.861290	3.672936682855
4172.069888	3.664907097623
4172.278497	3.660492228170
4172.487116	3.658117415821
4172.695745	3.656773884652
4172.904385	3.655900128408
4173.113036	3.655219994319
4173.321697	3.654612277080
4173.530368	3.654029208459
4173.739050	3.653454396276
4173.947742	3.652887858816
4174.156445	3.652342635592
4174.365158	3.651823031628
4174.573881	3.651315389899
4174.782615	3.650811567001
4174.991359	3.650313175782
4175.200114	3.649829377324
4175.408879	3.649386689363
4175.617655	3.649057415175
4175.826441	3.649022927000
4176.035238	3.649694522077
4176.244045	3.651905753391
4176.452862	3.657148559967
4176.661690	3.667740943162
4176.870528	3.686709525365
4177.079377	3.717132388213
4177.288236	3.760831323751
4177.497106	3.816690069905
4177.705986	3.879354852206
4177.914876	3.939302161640
4178.123777	3.984865592257
4178.332689	4.005819660968
4178.541611	3.997058497551
4178.750543	3.960566342118
4178.959486	3.904644920733
4179.168439	3.840805734778
4179.377402	3.779916060461
4179.586377	3.729343138560
4179.795361	3.692023621146
4180.004356	3.667261714717
4180.213362	3.652358970201
4180.422377	3.644155631227
4180.631404	3.639981657498
4180.840441	3.637981586968
4181.049488	3.637035528592
4181.258546	3.636531065768
4181.467614	3.636150312757
4181.676692	3.635732313790
4181.885781	3.635204446092
4182.094881	3.634552671191
4182.303991	3.633803820285
4182.513111	3.633006922012
4182.722242	3.632213318889
4182.931383	3.631461120246
4183.140535	3.630768444223
4183.349698	3.630135376637
4183.558870	3.629550925951
4183.768053	3.629000484797
4183.977247	3.628470946253
4184.186451	3.627952845730
4184.395666	3.627440363906
4184.604891	3.626930367966
4184.814126	3.626421355484
4185.023372	3.625912669876
4185.232629	3.625404044013
4185.441895	3.624895373526
4185.651173	3.624386624977
4185.860461	3.623877797758
4186.069759	3.623368910239
4186.279067	3.622859985895
4186.488387	3.622351046892
4186.697716	3.621842106079
4186.907056	3.621333168187
4187.116407	3.620824229942
4187.325768	3.620315285747
4187.535140	3.619806327611
4187.744522	3.619297334219
4187.953914	3.618788193221
4188.163317	3.618278712080
4188.372730	3.617768918607
4188.582154	3.617259009520
4188.791589	3.616749075665
4189.001033	3.616239149599
4189.210489	3.615729285287
4189.419954	3.615219603697
4189.629431	3.614710343051
4189.838917	3.614201921715
4190.048415	3.613694970924
4190.257922	3.613190288444
4190.467440	3.612688639736
4190.676969	3.612190399837
4190.886508	3.611695118413
4191.096058	3.611201228286
4191.305618	3.610706137887
4191.515188	3.610206835929
4191.724769	3.609700846654
4191.934361	3.609187137134
4192.143963	3.608666515851
4192.353575	3.608141320942
4192.563198	3.607614553577
4192.772831	3.607088902832
4192.982475	3.606566080710
4193.192130	3.606046667364
4193.401795	3.605530366718
4193.611470	3.605016438388
4193.821156	3.604504073322
4194.030852	3.603992613869
4194.240559	3.603481615762
4194.450276	3.602970821835
4194.660004	3.602460099733
4194.869742	3.601949390047
4195.079491	3.601438667969
4195.289250	3.600927925737
4195.499020	3.600417162600
4195.708800	3.599906389160
4195.918591	3.599395642554
4196.128392	3.598885045104
4196.338203	3.598374953565
4196.548026	3.597866327159
4196.757858	3.597361505335
4196.967701	3.596865669044
4197.177555	3.596389149863
4197.387419	3.595950343028
4197.597294	3.595578050823
4197.807179	3.595310902372
4198.017074	3.595190860935
4198.226981	3.595249132424
4198.436897	3.595486995976
4198.646824	3.595860067583
4198.856762	3.596278526939
4199.066710	3.596632867786
4199.276668	3.596843515818
4199.486638	3.596919089473
4199.696617	3.597004098401
4199.906607	3.597410955391
4200.116608	3.598656703798
4200.326619	3.601536168843
4200.536640	3.607229370411
4200.746673	3.617354603282
4200.956715	3.633788341530
4201.166768	3.658075293981
4201.376832	3.690437826198
4201.586906	3.728730283479
4201.796991	3.767976265999
4202.007086	3.801078693825
4202.217191	3.820773482719
4202.427307	3.822141371498
4202.637434	3.804507889617
4202.847571	3.771734652816
4203.057719	3.730742712528
4203.267877	3.689054054312
4203.478045	3.652543408301
4203.688225	3.624286682314
4203.898414	3.604670720023
4204.108614	3.592314788224
4204.318825	3.585160202800
4204.529046	3.581270555113
4204.739278	3.579205843268
4204.949520	3.578066547085
4205.159773	3.577379917331
4205.370036	3.576965228132
4205.580310	3.576845567514
4205.790594	3.577216229774
4206.000889	3.578443187130
4206.211194	3.581042359461
4206.421510	3.585582561458
4206.631837	3.592475578257
4206.842173	3.601679948574
4207.052521	3.612434249573
4207.262879	3.623197366055
4207.473247	3.631934987459
4207.683626	3.636734857722
4207.894015	3.636529875418
4208.104415	3.631596382852
4208.314826	3.623571315047
4208.525247	3.614958877743
4208.735678	3.608331657793
4208.946120	3.605532741659
4209.156573	3.607135654274
4209.367036	3.612297549593
4209.577510	3.619029059358
4209.787994	3.624813164648
4209.998488	3.627404385909
4210.208994	3.625546226439
4210.419509	3.619333671994
4210.630036	3.610076335623
4210.840572	3.599742929766
4211.051120	3.590252183434
4211.261678	3.582908619902
4211.472246	3.578160207987
4211.682825	3.575681219452
4211.893414	3.574663464166
4212.104014	3.574169220127
4212.314625	3.573430095491
4212.525246	3.572023312449
4212.735877	3.569902621352
4212.946519	3.567304796212
4213.157172	3.564589308608
4213.367835	3.562083384477
4213.578509	3.559987197548
4213.789193	3.558355356434
4213.999887	3.557134333220
4214.210593	3.556219802363
4214.421308	3.555504423103
4214.632035	3.554903655847
4214.842772	3.554361888716
4215.053519	3.553847459599
4215.264277	3.553344476115
4215.475046	3.552845809092
4215.685825	3.552347970378
4215.896614	3.551844334673
4216.107414	3.551320153684
4216.318225	3.550771444985
4216.529046	3.550212187807
4216.739878	3.549651314370
4216.950720	3.549090333801
4217.161573	3.548529324913
4217.372436	3.547968287640
4217.583310	3.547407222637
4217.794195	3.546846129285
4218.005089	3.546285008215
4218.215995	3.545723858697
4218.426911	3.545162681513
4218.637838	3.544601475977
4218.848775	3.544040242579
4219.059723	3.543478980864
4219.270681	3.542917691441
4219.481650	3.542356373563
4219.692629	3.541795027923
4219.903619	3.541233653987
4220.114619	3.540672252292
4220.325630	3.540110822145
4220.536652	3.539549364270
4220.747684	3.538987878019
4220.958727	3.538426363997
4221.169780	3.537864821573
4221.380844	3.537303251399
4221.591918	3.536741652820
4221.803003	3.536180026481
4222.014098	3.535618371742
4222.225204	3.535056689185
4222.436321	3.534494978316
4222.647448	3.533933239664
4222.858586	3.533371472672
4223.069734	3.532809677924
4223.280893	3.532247855015
4223.492062	3.531686004982
4223.703242	3.531124128047
4223.914432	3.530562227886
4224.125633	3.530000314090
4224.336845	3.529438424742
4224.548067	3.528876691337
4224.759300	3.528315551671
4224.970543	3.527756331235
4225.181797	3.527202693592
4225.393061	3.526663809728
4225.604336	3.526160414884
4225.815621	3.525734626888
4226.026917	3.525462741981
4226.238224	3.525466559230
4226.449541	3.525913784497
4226.660869	3.526994849267
4226.872207	3.528866861121
4227.083556	3.531569377936
4227.294916	3.534938158106
4227.506286	3.538561128093
4227.717666	3.541818841898
4227.929058	3.544022032474
4228.140459	3.544610207168
4228.351872	3.543334757297
4228.563294	3.540345716645
4228.774728	3.536141001951
4228.986172	3.531401414839
4229.197627	3.526785426826
4229.409092	3.522767725433
4229.620567	3.519572250073
4229.832054	3.517200485050
4230.043551	3.515519675692
4230.255058	3.514353668582
4230.466576	3.513530122921
4230.678105	3.512917939741
4230.889644	3.512452264753
4231.101194	3.512122847897
4231.312754	3.511952135748
4231.524325	3.511970610132
4231.735907	3.512188002658
4231.947499	3.512565917940
4232.159101	3.513003882614
4232.370715	3.513351255492
4232.582338	3.513447960436
4232.793973	3.513180486533
4233.005618	3.512526673961
4233.217273	3.511564535037
4233.428939	3.510438387818
4233.640616	3.509299499445
4233.852304	3.508252073828
4234.064001	3.507330196502
4234.275710	3.506511476720
4234.487429	3.505752544200
4234.699159	3.505022617177
4234.910899	3.504317508781
4235.122650	3.503651308645
4235.334411	3.503036410315
4235.546183	3.502467136184
4235.757966	3.501917124852
4235.969759	3.501350608237
4236.181563	3.500739413652
4236.393377	3.500075374013
4236.605202	3.499372031918
4236.817038	3.498656403913
4237.028884	3.497956686402
4237.240741	3.497292458065
4237.452608	3.496670951429
4237.664486	3.496088966137
4237.876374	3.495537590352
4238.088273	3.495006773427
4238.300183	3.494488149869
4238.512103	3.493975976900
4238.724034	3.493466865579
4238.935976	3.492959057676
4239.147928	3.492451743570
4239.359891	3.491944587762
4239.571864	3.491437466347
4239.783848	3.490930336754
4239.995842	3.490423186954
4240.207847	3.489916013063
4240.419863	3.489408816799
4240.631889	3.488901610627
4240.843926	3.488394465663
4241.055974	3.487887733798
4241.268032	3.487383019814
4241.480101	3.486886984037
4241.692180	3.486424835852
4241.904270	3.486083403705
4242.116370	3.486134332138
4242.328481	3.487347705727
4242.540603	3.491695222782
4242.752736	3.503716591652
4242.964878	3.532751477561
4243.177032	3.595808598684
4243.389196	3.719881051575
4243.601371	3.941249216376
4243.813556	4.298620879024
4244.025752	4.818339976197
4244.237959	5.494146556435
4244.450176	6.269900129165
4244.662404	7.037106217609
4244.874642	7.655641812930
4245.086891	7.994816478638
4245.299151	7.978768043808
4245.511421	7.614500321077
4245.723702	6.988195404241
4245.935994	6.232158753021
4246.148296	5.479628476616
4246.360609	4.828410012373
4246.572932	4.325838191910
4246.785266	3.974561283104
4246.997610	3.749690295708
4247.209966	3.616653389109
4247.422331	3.543388056830
4247.634708	3.505712843084
4247.847095	3.487864172562
4248.059492	3.480789317535
4248.271901	3.479998965396
4248.484320	3.483751170257
4248.696749	3.491671484605
4248.909189	3.503677509484
4249.121640	3.519135582140
4249.334102	3.536339978607
4249.546574	3.552500371090
4249.759056	3.564329505825
4249.971549	3.569058385195
4250.184053	3.565435430848
4250.396568	3.554208142515
4250.609093	3.537831822152
4250.821629	3.519558766087
4251.034175	3.502369195757
4251.246732	3.488217456917
4251.459300	3.477821338695
4251.671878	3.470914127536
4251.884467	3.466702661768
4252.097067	3.464285155215
4252.309677	3.462904163246
4252.522298	3.462033908338
4252.734929	3.461363314955
4252.947571	3.460738642696
4253.160224	3.460104328045
4253.372887	3.459456570073
4253.585561	3.458811583350
4253.798246	3.458186669555
4254.010941	3.457591653704
4254.223647	3.457027726656
4254.436363	3.456490335256
4254.649090	3.455973080323
4254.861828	3.455470701648
4255.074577	3.454980447420
4255.287336	3.454501939562
4255.500105	3.454035920094
4255.712886	3.453582360458
4255.925677	3.453138561000
4256.138478	3.452698092368
4256.351290	3.452251354123
4256.564113	3.451787952636
4256.776947	3.451300105379
4256.989791	3.450785529992
4257.202646	3.450248330003
4257.415511	3.449697409862
4257.628387	3.449143244020
4257.841274	3.448594596374
4258.054171	3.448056313241
4258.267079	3.447527216656
4258.479998	3.446999246611
4258.692927	3.446467573203
4258.905867	3.445935801242
4259.118818	3.445406063480
4259.331779	3.444877716882
4259.544751	3.444350015846
4259.757734	3.443822568359
4259.970727	3.443295200729
4260.183731	3.442767842795
4260.396745	3.442240470285
4260.609771	3.441713074240
4260.822806	3.441185653119
4261.035853	3.440658205683
4261.248910	3.440130732465
4261.461978	3.439603233641
4261.675056	3.439075711022
4261.888145	3.438548167097
4262.101245	3.438020607688
4262.314355	3.437493041054
4262.527476	3.436965479440
4262.740608	3.436437935013
4262.953750	3.435910417533
4263.166903	3.435382925225
4263.380067	3.434855441290
4263.593241	3.434327931434
4263.806426	3.433800355674
4264.019622	3.433272690775
4264.232828	3.432744982087
4264.446045	3.432217443795
4264.659273	3.431690687932
4264.872511	3.431166201844
4265.085760	3.430647253469
4265.299020	3.430140324867
4265.512290	3.429656886700
4265.725571	3.429214700647
4265.938863	3.428837081296
4266.152165	3.428548205557
4266.365478	3.428363510153
4266.578802	3.428276933949
4266.792136	3.428250358401
4267.005481	3.428212645393
4267.218836	3.428073396575
4267.432203	3.427749574054
4267.645580	3.427194911724
4267.858967	3.426418298671
4268.072366	3.425481726809
4268.285774	3.424478670817
4268.499194	3.423503483960
4268.712624	3.422625248178
4268.926065	3.421874940406
4269.139517	3.421246913857
4269.352979	3.420709947550
4269.566452	3.420221625164
4269.779936	3.419741307655
4269.993430	3.419239093900
4270.206935	3.418699781365
4270.420451	3.418122067515
4270.633977	3.417514421095
4270.847514	3.416889757870
4271.061062	3.416260913170
4271.274620	3.415637914256
4271.488190	3.415027024897
4271.701769	3.414430964304
4271.915360	3.413849727824
4272.128961	3.413281679029
4272.342573	3.412725760060
4272.556195	3.412187905011
4272.769828	3.411679739617
4272.983472	3.411196512856
4273.197127	3.410723025397
4273.410792	3.410252669891
4273.624468	3.409783987722
4273.838154	3.409316352447
4274.051852	3.408849533868
4274.265559	3.408384356396
4274.479278	3.407925190369
4274.693007	3.407488182376
4274.906747	3.407125711411
4275.120498	3.406991151247
4275.334259	3.407490436189
4275.548031	3.409591285868
4275.761814	3.415359748089
4275.975608	3.428713509660
4276.189412	3.456162810232
4276.403227	3.506969036170
4276.617052	3.591866696053
4276.830888	3.719652294410
4277.044735	3.891868799212
4277.258593	4.097414010583
4277.472461	4.310231333875
4277.686340	4.493005976218
4277.900230	4.607246252123
4278.114130	4.626332533476
4278.328041	4.545542078759
4278.541963	4.383897091646
4278.755895	4.176857107716
4278.969838	3.963676312411
4279.183792	3.775569546814
4279.397757	3.629395733868
4279.611732	3.527912969841
4279.825718	3.464402562488
4280.039715	3.428330337157
4280.253722	3.409601452844
4280.467740	3.400607000870
4280.681769	3.396508237870
4280.895808	3.394628514019
4281.109858	3.393658835791
4281.323919	3.393027639036
4281.537991	3.392510709735
4281.752073	3.392028747438
4281.966166	3.391556473390
4282.180270	3.391086686223
4282.394384	3.390617598289
4282.608509	3.390148842542
4282.822645	3.389680361874
4283.036791	3.389212197004
4283.250948	3.388744604027
4283.465116	3.388278505261
4283.679295	3.387816599437
4283.893484	3.387365804435
4284.107684	3.386941923307
4284.321895	3.386577177417
4284.536117	3.386329908796
4284.750349	3.386293383875
4284.964592	3.386599537996
4285.178845	3.387420610668
4285.393109	3.388999819839
4285.607384	3.391806678671
4285.821670	3.397019693377
4286.035967	3.407658673770
4286.250274	3.430717430226
4286.464592	3.480374945312
4286.678920	3.581546118863
4286.893260	3.771626193974
4287.107610	4.096919461468
4287.321970	4.600253743990
4287.536342	5.299425519668
4287.750724	6.162563590643
4287.965117	7.093154629474
4288.179520	7.938567292987
4288.393935	8.527455597237
4288.608360	8.725423747713
4288.822796	8.484628650898
4289.037242	7.862394950754
4289.251699	6.998943575891
4289.466167	6.066054369219
4289.680646	5.212242303871
4289.895135	4.527936147161
4290.109635	4.039635854063
4290.324146	3.726437646898
4290.538668	3.544746148161
4290.753200	3.448967831115
4290.967743	3.402872968693
4291.182297	3.382471984340
4291.396861	3.374031933206
4291.611437	3.370626389626
4291.826023	3.369143683683
4292.040619	3.368331117517
4292.255227	3.367739143460
4292.469845	3.367236303061
4292.684474	3.366824816549
4292.899113	3.366599111052
4293.113764	3.366771786169
4293.328425	3.367727397620
4293.543096	3.370063579652
4293.757779	3.374560137880
4293.972472	3.382009578118
4294.187176	3.392880274824
4294.401891	3.406883440261
4294.616616	3.422638635222
4294.831353	3.437691510956
4295.046099	3.449036143791
4295.260857	3.454038357230
4295.475626	3.451383290773
4295.690405	3.441582790033
4295.905195	3.426776100146
4296.119995	3.409929105320
4296.334807	3.393841445354
4296.549629	3.380410749695
4296.764462	3.370392721430
4296.979305	3.363606353632
4297.194159	3.359353547827
4297.409025	3.356816510231
4297.623900	3.355304078771
4297.838787	3.354337546165
4298.053684	3.353632407434
4298.268592	3.353040308164
4298.483511	3.352492504643
4298.698441	3.351960461954
4298.913381	3.351433513034
4299.128332	3.350908051458
4299.343294	3.350382972472
4299.558266	3.349857967770
4299.773250	3.349332959899
4299.988244	3.348807930056
4300.203248	3.348282875182
4300.418264	3.347757793937
4300.633290	3.347232666721
4300.848327	3.346706887262
4301.063375	3.346175061082
4301.278434	3.345623136793
4301.493503	3.345047154007
4301.708583	3.344460749613
4301.923674	3.343872734039
4302.138775	3.343284609353
4302.353888	3.342696454913
4302.569011	3.342108271067
4302.784145	3.341520059929
4302.999289	3.340931827801
4303.214445	3.340343606297
4303.429611	3.339755519993
4303.644787	3.339168030236
4303.859975	3.338582679623
4304.075173	3.338004159377
4304.290383	3.337445377020
4304.505603	3.336938376270
4304.720833	3.336554562377
4304.936075	3.336435760009
4305.151327	3.336830292910
4305.366590	3.338114369263
4305.581863	3.340763621727
4305.797148	3.345236648278
4306.012443	3.351760709063
4306.227749	3.360072950282
4306.443066	3.369243581399
4306.658393	3.377729599359
4306.873732	3.383731822355
4307.089081	3.385765805373
4307.304441	3.383204032716
4307.519811	3.376519509345
4307.735193	3.367101674099
4307.950585	3.356742707847
4308.165988	3.347052674113
4308.381401	3.339061077148
4308.596826	3.333120197805
4308.812261	3.329057384437
4309.027707	3.326431448316
4309.243164	3.324758999131
4309.458631	3.323645729871
4309.674110	3.322825420507
4309.889599	3.322143170567
4310.105099	3.321519710753
4310.320609	3.320918938780
4310.536131	3.320326113025
4310.751663	3.319735807315
4310.967206	3.319146215965
4311.182760	3.318556792620
4311.398324	3.317967388353
4311.613900	3.317377964977
4311.829486	3.316788514703
4312.045082	3.316199035101
4312.260690	3.315609526882
4312.476309	3.315019990235
4312.691938	3.314430428408
4312.907578	3.313840847085
4313.123228	3.313251261128
4313.338890	3.312661697967
4313.554562	3.312072207421
4313.770245	3.311482863160
4313.985939	3.310893759464
4314.201644	3.310304985301
4314.417360	3.309716584870
4314.633086	3.309128503930
4314.848823	3.308540556035
4315.064571	3.307952132668
4315.280329	3.307356957171
4315.496099	3.306719236604
4315.711879	3.305982259232
4315.927670	3.305160799370
4316.143472	3.304313211298
4316.359284	3.303462697350
4316.575108	3.302612207541
4316.790942	3.301762101476
4317.006787	3.300912756230
4317.222642	3.300065340768
4317.438509	3.299224051204
4317.654386	3.298402625327
4317.870274	3.297641512085
4318.086173	3.297048009458
4318.302083	3.296878175193
4318.518004	3.297679119627
4318.733935	3.300489006701
4318.949877	3.307034561787
4319.165830	3.319774451606
4319.381794	3.341562576702
4319.597768	3.374744022729
4319.813753	3.419744644755
4320.029749	3.473634547446
4320.245756	3.529507662270
4320.461774	3.577453730768
4320.677802	3.607231190148
4320.893842	3.611736537313
4321.109892	3.589678005327
4321.325953	3.546083233608
4321.542024	3.490367005945
4321.758107	3.432973614201
4321.974200	3.382222924021
4322.190304	3.342619846873
4322.406419	3.314911787621
4322.622545	3.297313278213
4322.838682	3.287013864910
4323.054829	3.281315797571
4323.270987	3.278185468005
4323.487156	3.276333324447
4323.703336	3.275053151614
4323.919526	3.274009218432
4324.135728	3.273068576169
4324.351940	3.272205553696
4324.568163	3.271476260104
4324.784397	3.271061699539
4325.000641	3.271389291301
4325.216897	3.273341913536
4325.433163	3.278527016884
4325.649440	3.289489474638
4325.865728	3.309633633799
4326.082027	3.342557587126
4326.298336	3.390638245419
4326.514656	3.453113764644
4326.730988	3.524473436380
4326.947330	3.594283068057
4327.163682	3.649231341108
4327.380046	3.677098561932
4327.596420	3.671091911943
4327.812806	3.632457239242
4328.029202	3.569999878714
4328.245609	3.496776593850
4328.462026	3.425664233827
4328.678455	3.365862536491
4328.894894	3.321541776011
4329.111344	3.292543519691
4329.327805	3.276144966238
4329.544277	3.268790112521
4329.760760	3.267158146773
4329.977253	3.268519707383
4330.193757	3.270759732956
4330.410272	3.272366507781
4330.626798	3.272365602195
4330.843335	3.270335940920
4331.059883	3.266438339877
4331.276441	3.261289874239
4331.493010	3.255706761339
4331.709590	3.250427284469
4331.926181	3.245925256566
4332.142783	3.242363962713
4332.359396	3.239665276826
4332.576019	3.237627167489
4332.792653	3.236027743315
4333.009298	3.234685750724
4333.225954	3.233478699300
4333.442621	3.232335259015
4333.659298	3.231218899439
4333.875987	3.230112978028
4334.092686	3.229010701125
4334.309396	3.227909588522
4334.526117	3.226808852326
4334.742849	3.225708327370
4334.959591	3.224608076225
4335.176345	3.223508256904
4335.393109	3.222409041261
4335.609884	3.221310535522
4335.826670	3.220212676908
4336.043467	3.219115167633
4336.260274	3.218017489331
4336.477093	3.216919079820
4336.693922	3.215819718059
4336.910762	3.214720353503
4337.127613	3.213625384744
4337.344475	3.212550946013
4337.561347	3.211558019482
4337.778231	3.210883044590
4337.995125	3.211421054039
4338.212030	3.216362139243
4338.428946	3.236201707034
4338.645873	3.302474729207
4338.862811	3.501163574083
4339.079760	4.043882889869
4339.296719	5.398118605442
4339.513689	8.483750049267
4339.730670	14.894764796955
4339.947662	27.016298476751
4340.164665	47.814377939342
4340.381679	80.067992628881
4340.598703	125.005773347324
4340.815739	180.714045331455
4341.032785	241.123214896460
4341.249842	296.477410025051
4341.466910	335.674289032454
4341.683989	349.838438504880
4341.901078	335.581772644308
4342.118179	296.318904576571
4342.335290	240.939672492267
4342.552412	180.544375717281
4342.769545	124.874101324943
4342.986689	79.980332292984
4343.203844	47.762800479565
4343.421010	26.987004038915
4343.638186	14.874883055789
4343.855373	8.464886496277
4344.072572	5.376427434780
4344.289781	4.018647437828
4344.507001	3.473306254989
4344.724231	3.273239262140
4344.941473	3.206335687315
4345.158726	3.186311643419
4345.375989	3.181863251823
4345.593263	3.183410066373
4345.810548	3.189781356331
4346.027844	3.203822276133
4346.245151	3.231301058331
4346.462469	3.280344354763
4346.679797	3.359867483538
4346.897137	3.476268983146
4347.114487	3.628785510024
4347.331848	3.805319721348
4347.549220	3.981489170321
4347.766603	4.125001529211
4347.983997	4.204989661291
4348.201401	4.202794065780
4348.418817	4.119065561127
4348.636243	3.973505424406
4348.853681	3.797379443680
4349.071129	3.622689828198
4349.288588	3.473093012677
4349.506058	3.359894308729
4349.723538	3.283284005110
4349.941030	3.236602732548
4350.158532	3.210921622394
4350.376046	3.198194092085
4350.593570	3.192594474419
4350.811105	3.190548806540
4351.028651	3.190192158049
4351.246208	3.190797291063
4351.463776	3.192440850795
4351.681354	3.195970288000
4351.898944	3.203213068316
4352.116544	3.217257300052
4352.334156	3.242490567734
4352.551778	3.283970659629
4352.769411	3.345794084468
4352.987055	3.428575656010
4353.204709	3.526912804524
4353.422375	3.628334316351
4353.640052	3.715105766023
4353.857739	3.769044972811
4354.075437	3.777702852352
4354.293147	3.739061343424
4354.510867	3.662330745596
4354.728598	3.564422432837
4354.946340	3.463936100150
4355.164092	3.375579253464
4355.381856	3.307227716989
4355.599631	3.260095814164
4355.817416	3.230951992808
4356.035212	3.214798010295
4356.253019	3.206866298803
4356.470838	3.203570320782
4356.688667	3.202633177824
4356.906506	3.202821766394
4357.124357	3.203639259879
4357.342219	3.205172088339
4357.560091	3.208182235872
4357.777975	3.214516625233
4357.995869	3.227944881317
4358.213774	3.255548927800
4358.431691	3.309626982592
4358.649618	3.409548272363
4358.867556	3.582073813179
4359.085504	3.857940582558
4359.303464	4.262691690937
4359.521435	4.801377642106
4359.739416	5.442083897935
4359.957409	6.107800491409
4360.175412	6.685690455522
4360.393426	7.056160298333
4360.611451	7.132716476883
4360.829487	6.894677185989
4361.047534	6.395917000276
4361.265592	5.744905949380
4361.483661	5.066584098158
4361.701741	4.465263567952
4361.919831	4.004639666370
4362.137932	3.709880942531
4362.356045	3.585512404521
4362.574168	3.637121753487
4362.792302	3.885237494783
4363.010447	4.363548537769
4363.228603	5.099328538490
4363.446770	6.081418684593
4363.664948	7.229773829958
4363.883137	8.385707191047
4364.101336	9.337599508770
4364.319547	9.880434311463
4364.537768	9.886664659809
4364.756001	9.354631222190
4364.974244	8.409164824495
4365.192498	7.254024546625
4365.410763	6.100805968271
4365.629039	5.108051580488
4365.847326	4.353294285252
4366.065624	3.840023401596
4366.283933	3.525405048427
4366.502252	3.350694226771
4366.720583	3.262467949120
4366.938924	3.221806651756
4367.157277	3.204614916790
4367.375640	3.197869601868
4367.594014	3.195334905530
4367.812399	3.194341330704
4368.030795	3.193861037776
4368.249202	3.193536547581
4368.467620	3.193255209541
4368.686049	3.192984781861
4368.904489	3.192716868437
4369.122940	3.192449478745
4369.341401	3.192182189259
4369.559874	3.191914953401
4369.778357	3.191647919469
4369.996852	3.191381724497
4370.215357	3.191118637880
4370.433873	3.190865986547
4370.652400	3.190645219422
4370.870938	3.190513116807
4371.089487	3.190605064220
4371.308047	3.191210172015
4371.526618	3.192876837537
4371.745200	3.196516803197
4371.963793	3.203428038445
4372.182396	3.215116762834
4372.401011	3.232820602556
4372.619637	3.256763926117
4372.838273	3.285400419348
4373.056920	3.315084160437
4373.275579	3.340571487605
4373.494248	3.356408081766
4373.712928	3.358807252404
4373.931619	3.347125053481
4374.150321	3.324053763053
4374.369034	3.294569932455
4374.587758	3.264186623162
4374.806493	3.237297823473
4375.025239	3.216285843665
4375.243996	3.201550893158
4375.462763	3.192157035265
4375.681542	3.186627091592
4375.900331	3.183542027559
4376.119132	3.181830552694
4376.337943	3.180810536435
4376.556766	3.180104233637
4376.775599	3.179526731433
4376.994443	3.178997217283
4377.213298	3.178483955385
4377.432165	3.177975697080
4377.651042	3.177468830572
4377.869930	3.176962303850
4378.088829	3.176455837407
4378.307739	3.175949364378
4378.526659	3.175442869440
4378.745591	3.174936350092
4378.964534	3.174429805194
4379.183488	3.173923235500
4379.402452	3.173416640574
4379.621428	3.172910023447
4379.840414	3.172403394271
4380.059412	3.171896800661
4380.278420	3.171390428691
4380.497440	3.170884955004
4380.716470	3.170382603253
4380.935511	3.169890015639
4381.154564	3.169425135082
4381.373627	3.169031658756
4381.592701	3.168805010333
4381.811786	3.168930618474
4382.030882	3.169725317127
4382.249989	3.171655320878
4382.469107	3.175287408311
4382.688236	3.181131499688
4382.907376	3.189373917956
4383.126527	3.199580194339
4383.345689	3.210526406365
4383.564861	3.220325642708
4383.784045	3.226904716829
4384.003240	3.228687466566
4384.222446	3.225179754436
4384.441662	3.217157873121
4384.660890	3.206358262156
4384.880128	3.194833904274
4385.099378	3.184300242991
4385.318638	3.175752078802
4385.537910	3.169446782410
4385.757192	3.165167998346
4385.976485	3.162625929790
4386.195790	3.161937258450
4386.415105	3.164297244972
4386.634431	3.173102418256
4386.853768	3.195769906069
4387.073116	3.246152231768
4387.292476	3.346637743197
4387.511846	3.527895709062
4387.731227	3.823527718809
4387.950619	4.257824103236
4388.170022	4.828327135670
4388.389436	5.489985134620
4388.608861	6.151349719205
4388.828297	6.690886015840
4389.047744	6.992034218278
4389.267202	6.983910475930
4389.486670	6.668338368183
4389.706150	6.119160032314
4389.925641	5.454156360948
4390.145143	4.794162099362
4390.364655	4.228639473412
4390.584179	3.800401951311
4390.803714	3.510205196461
4391.023260	3.332870313704
4391.242816	3.234633620300
4391.462384	3.185082753112
4391.681962	3.162204084820
4391.901552	3.152437757801
4392.121153	3.148487502281
4392.340764	3.146873603308
4392.560387	3.146112050292
4392.780020	3.145633467500
4392.999665	3.145240507665
4393.219320	3.144871184016
4393.438987	3.144507811036
4393.658664	3.144145797496
4393.878352	3.143784056382
4394.098052	3.143422353705
4394.317762	3.143060642913
4394.537484	3.142698916512
4394.757216	3.142337174384
4394.976959	3.141975420882
4395.196714	3.141613666556
4395.416479	3.141251937678
4395.636255	3.140890289800
4395.856043	3.140528835259
4396.075841	3.140167778394
4396.295650	3.139807461369
4396.515471	3.139448396754
4396.735302	3.139091260089
4396.955144	3.138736788519
4397.174997	3.138385552587
4397.394862	3.138037605930
4397.614737	3.137692123463
4397.834623	3.137347223068
4398.054520	3.137000195122
4398.274429	3.136648231064
4398.494348	3.136289528123
4398.714278	3.135924446127
4398.934219	3.135556409622
4399.154171	3.135192409732
4399.374135	3.134843109606
4399.594109	3.134522365094
4399.814094	3.134245533615
4400.034090	3.134025688595
4400.254097	3.133867526397
4400.474116	3.133760532704
4400.694145	3.133675002567
4400.914185	3.133565004682
4401.134236	3.133379974818
4401.354298	3.133081924074
4401.574372	3.132661141348
4401.794456	3.132142846793
4402.014551	3.131581340879
4402.234657	3.131043988219
4402.454775	3.130590478623
4402.674903	3.130251383772
4402.895042	3.130019283095
4403.115192	3.129862618386
4403.335354	3.129727801356
4403.555526	3.129542662984
4403.775709	3.129241636665
4403.995903	3.128789360813
4404.216109	3.128191335141
4404.436325	3.127489125522
4404.656552	3.126743107879
4404.876791	3.126011300082
4405.097040	3.125333639494
4405.317300	3.124726662431
4405.537572	3.124187589824
4405.757854	3.123703025403
4405.978148	3.123257305201
4406.198452	3.122837716286
4406.418767	3.122436269083
4406.639094	3.122049077343
4406.859431	3.121674623627
4407.079780	3.121311789417
4407.300139	3.120958148027
4407.520510	3.120608849169
4407.740891	3.120256449923
4407.961284	3.119891977915
4408.181687	3.119507191920
4408.402102	3.119097429109
4408.622528	3.118663995379
4408.842964	3.118215087076
4409.063412	3.117764875331
4409.283871	3.117331101044
4409.504340	3.116931823643
4409.724821	3.116581638755
4409.945313	3.116287381285
4410.165816	3.116043761461
4410.386329	3.115830592308
4410.606854	3.115614179871
4410.827390	3.115354693375
4411.047937	3.115018836079
4411.268495	3.114595169617
4411.489064	3.114112300990
4411.709644	3.113673070583
4411.930235	3.113545972126
4412.150837	3.114401449625
4412.371450	3.117837410839
4412.592074	3.127364336449
4412.812709	3.149920193850
4413.033355	3.197621650641
4413.254012	3.288782996788
4413.474681	3.446483528013
4413.695360	3.692853982802
4413.916050	4.038623366628
4414.136752	4.470603210166
4414.357464	4.943253231258
4414.578187	5.381556517096
4414.798922	5.698638064622
4415.019667	5.823704407249
4415.240424	5.728492414355
4415.461191	5.439151236812
4415.681970	5.027315741561
4415.902759	4.584892052687
4416.123560	4.194766230388
4416.344372	3.909593660520
4416.565194	3.744541307978
4416.786028	3.682528554359
4417.006873	3.686564889150
4417.227729	3.713807961365
4417.448596	3.727714266550
4417.669474	3.706131052176
4417.890363	3.644059097539
4418.111263	3.550964334086
4418.332174	3.444222414521
4418.553096	3.341602494928
4418.774029	3.255709579222
4418.994973	3.191902908731
4419.215929	3.149345864724
4419.436895	3.123646944453
4419.657872	3.109478457105
4419.878861	3.102256921708
4420.099860	3.098767092962
4420.320871	3.097078120344
4420.541892	3.096173836006
4420.762925	3.095579381459
4420.983969	3.095096068892
4421.205023	3.094649042821
4421.426089	3.094212800780
4421.647166	3.093779456235
4421.868254	3.093346794673
4422.089353	3.092914284172
4422.310463	3.092481935672
4422.531584	3.092050143401
4422.752716	3.091619998216
4422.973859	3.091194059103
4423.195013	3.090777712393
4423.416179	3.090381047773
4423.637355	3.090020646445
4423.858542	3.089719818879
4424.079741	3.089505200549
4424.300950	3.089398090965
4424.522171	3.089401313086
4424.743403	3.089486253553
4424.964645	3.089587798346
4425.185899	3.089613971793
4425.407164	3.089470737471
4425.628440	3.089093384713
4425.849727	3.088470193890
4426.071025	3.087646487065
4426.292334	3.086707187271
4426.513654	3.085747041084
4426.734985	3.084842766621
4426.956327	3.084037870422
4427.177681	3.083342542095
4427.399045	3.082743684887
4427.620421	3.082217618545
4427.841807	3.081739915555
4428.063205	3.081290495303
4428.284614	3.080854895373
4428.506033	3.080423629411
4428.727464	3.079991114963
4428.948906	3.079554788078
4429.170359	3.079114367604
4429.391823	3.078671084364
4429.613298	3.078226832523
4429.834785	3.077783434664
4430.056282	3.077342287170
4430.277790	3.076904696262
4430.499310	3.076473363819
4430.720840	3.076056074542
4430.942382	3.075673642735
4431.163934	3.075375175370
4431.385498	3.075263138301
4431.607073	3.075526120433
4431.828659	3.076466580705
4432.050256	3.078496326555
4432.271864	3.082062764892
4432.493483	3.087480519032
4432.715113	3.094697720446
4432.936754	3.103091861886
4433.158407	3.111427969251
4433.380070	3.118084466344
4433.601745	3.121525743870
4433.823430	3.120841378429
4434.045127	3.116094539387
4434.266835	3.108298363913
4434.488554	3.099032486372
4434.710284	3.089898436137
4434.932025	3.082068957743
4435.153777	3.076095079563
4435.375540	3.071977006491
4435.597315	3.069391329170
4435.819100	3.067950706327
4436.040896	3.067431208414
4436.262704	3.067977374834
4436.484523	3.070330804410
4436.706353	3.076095613666
4436.928193	3.087948031942
4437.150045	3.109554286551
4437.371908	3.144875486206
4437.593783	3.196664250030
4437.815668	3.264382860257
4438.037564	3.342386863654
4438.259472	3.419598127154
4438.481390	3.481575076093
4438.703320	3.514746567833
4438.925260	3.511187196894
4439.147212	3.471650267430
4439.369175	3.405273686261
4439.591149	3.326117536650
4439.813134	3.248319068386
4440.035130	3.182133591933
4440.257138	3.132279953513
4440.479156	3.098597121894
4440.701186	3.077990075249
4440.923226	3.066458198573
4441.145278	3.060458834699
4441.367341	3.057460555590
4441.589415	3.055924259006
4441.811500	3.055034447409
4442.033596	3.054409600786
4442.255703	3.053890227434
4442.477821	3.053415263438
4442.699951	3.052961809819
4442.922091	3.052520243002
4443.144243	3.052085527527
4443.366406	3.051654612838
4443.588580	3.051225646148
4443.810765	3.050797583806
4444.032961	3.050369896081
4444.255168	3.049942340520
4444.477386	3.049514818214
4444.699616	3.049087291767
4444.921856	3.048659749302
4445.144108	3.048232186715
4445.366371	3.047804603297
4445.588645	3.047376998475
4445.810930	3.046949372835
4446.033226	3.046521726839
4446.255533	3.046094063380
4446.477851	3.045666373721
4446.700181	3.045238394576
4446.922521	3.044808604083
4447.144873	3.044374844559
4447.367236	3.043938092878
4447.589610	3.043500901478
4447.811995	3.043064391312
4448.034391	3.042628926616
4448.256798	3.042194653640
4448.479216	3.041761435515
4448.701646	3.041328753073
4448.924087	3.040895770843
4449.146538	3.040461715569
4449.369001	3.040026938191
4449.591475	3.039595951068
4449.813960	3.039186750797
4450.036457	3.038858528788
4450.258964	3.038786729441
4450.481483	3.039443613252
4450.704012	3.041977892395
4450.926553	3.048897715211
4451.149105	3.065077736644
4451.371668	3.098849203429
4451.594242	3.162474171836
4451.816827	3.270861524351
4452.039424	3.437419982375
4452.262031	3.667022745123
4452.484650	3.948152436154
4452.707280	4.248412068060
4452.929921	4.517804687918
4453.152573	4.701272117459
4453.375236	4.756761056132
4453.597910	4.670821790533
4453.820596	4.463857173978
4454.043292	4.182220494919
4454.266000	3.881345569519
4454.488719	3.608266388306
4454.711449	3.390909373978
4454.934190	3.236731289363
4455.156942	3.138338083300
4455.379706	3.081471661523
4455.602480	3.051534042327
4455.825266	3.037074269030
4456.048063	3.030600796068
4456.270871	3.027916031958
4456.493690	3.027061545001
4456.716520	3.027485386980
4456.939362	3.029607876760
4457.162214	3.034702669000
4457.385078	3.044874717339
4457.607953	3.062847893460
4457.830839	3.091289092532
4458.053736	3.131578431938
4458.276644	3.182310560280
4458.499563	3.238242659532
4458.722494	3.290551019187
4458.945436	3.328841236152
4459.168388	3.344428190483
4459.391352	3.333502878725
4459.614328	3.298615490321
4459.837314	3.247687200976
4460.060311	3.191074192535
4460.283320	3.138163086261
4460.506340	3.095005662864
4460.729371	3.063699496066
4460.952413	3.043242357054
4461.175466	3.031031143854
4461.398530	3.024211115747
4461.621606	3.020468407337
4461.844692	3.018260053268
4462.067790	3.016731321449
4462.290899	3.015517531480
4462.514019	3.014491251806
4462.737151	3.013602951006
4462.960293	3.012824099264
4463.183447	3.012128386764
4463.406611	3.011489960186
4463.629787	3.010886871551
4463.852974	3.010303308375
4464.076173	3.009729443105
4464.299382	3.009159919047
4464.522602	3.008592147297
4464.745834	3.008025007278
4464.969077	3.007458064846
4465.192331	3.006891171881
4465.415596	3.006324302907
4465.638873	3.005757515038
4465.862160	3.005191011409
4466.085459	3.004625321504
4466.308769	3.004061674603
4466.532090	3.003502612815
4466.755422	3.002952800114
4466.978765	3.002419710087
4467.202120	3.001913551633
4467.425485	3.001445597673
4467.648862	3.001024481131
4467.872250	3.000651204694
4468.095650	3.000315301984
4468.319060	2.999995826767
4468.542481	2.999671327438
4468.765914	2.999345742180
4468.989358	2.999113502649
4469.212813	2.999343451793
4469.436279	3.001207103458
4469.659757	3.008083018485
4469.883245	3.028877834665
4470.106745	3.084880847508
4470.330256	3.221825391677
4470.553778	3.527180887437
4470.777311	4.147930028902
4471.000856	5.296330330701
4471.224411	7.224117469616
4471.447978	10.147902191603
4471.671556	14.128107913551
4471.895145	18.940033343535
4472.118746	24.008443252444
4472.342357	28.476713931811
4472.565980	31.427911410164
4472.789614	32.188069888019
4473.013259	30.576048733162
4473.236915	26.973567511575
4473.460583	22.178798919397
4473.684261	17.120184522169
4473.907951	12.570834371981
4474.131652	8.980861260090
4474.355364	6.463931049006
4474.579088	4.894528844920
4474.802822	4.038810833308
4475.026568	3.657556705633
4475.250325	3.557838061242
4475.474093	3.602286802983
4475.697872	3.697813680021
4475.921663	3.782341137762
4476.145464	3.817719109316
4476.369277	3.787859090638
4476.593101	3.697162423108
4476.816937	3.565443770550
4477.040783	3.419214583779
4477.264641	3.282543913198
4477.488509	3.171003186616
4477.712389	3.090076995821
4477.936281	3.037333536874
4478.160183	3.006237447444
4478.384097	2.989557287716
4478.608022	2.981364069152
4478.831958	2.977641631681
4479.055905	2.976047429118
4479.279863	2.975378372258
4479.503833	2.975079462657
4479.727814	2.974912044849
4479.951805	2.974772283774
4480.175809	2.974609616766
4480.399823	2.974398381507
4480.623849	2.974131279570
4480.847885	2.973817351559
4481.071933	2.973477245166
4481.295993	2.973135201096
4481.520063	2.972810653434
4481.744145	2.972512769447
4481.968237	2.972239639941
4482.192341	2.971981606025
4482.416457	2.971726675090
4482.640583	2.971465619760
4482.864721	2.971195123618
4483.088870	2.970918837760
4483.313030	2.970648096886
4483.537201	2.970405944700
4483.761383	2.970239714943
4483.985577	2.970247741291
4484.209782	2.970622561690
4484.433998	2.971702707528
4484.658225	2.974005930467
4484.882464	2.978195040158
4485.106714	2.984921932049
4485.330975	2.994532477932
4485.555247	3.006701969013
4485.779530	3.020174414221
4486.003825	3.032816307092
4486.228130	3.042097081227
4486.452447	3.045884207675
4486.676776	3.043220831470
4486.901115	3.034704773357
4487.125466	3.022276395063
4487.349828	3.008544214285
4487.574201	2.996013931090
4487.798585	2.986590919949
4488.022981	2.981511598451
4488.247387	2.981582189727
4488.471805	2.987429433902
4488.696235	2.999479244492
4488.920675	3.017564946237
4489.145127	3.040337583388
4489.369589	3.064876098074
4489.594064	3.086914239006
4489.818549	3.101837814937
4490.043045	3.106151578475
4490.267553	3.098751152419
4490.492072	3.081343909463
4490.716602	3.057786987052
4490.941144	3.032692060549
4491.165697	3.009992790421
4491.390260	2.992086120157
4491.614836	2.979752075229
4491.839422	2.972683184467
4492.064020	2.970238191840
4492.288628	2.971923296027
4492.513248	2.977475178917
4492.737880	2.986636594121
4492.962522	2.998734873038
4493.187176	3.012319727620
4493.411841	3.025134273382
4493.636517	3.034551077969
4493.861205	3.038357683698
4494.085903	3.035543162138
4494.310613	3.026683177495
4494.535334	3.013713872498
4494.760067	2.999211073258
4494.984810	2.985539802557
4495.209565	2.974252430390
4495.434331	2.965919684306
4495.659109	2.960332196249
4495.883897	2.956867506462
4496.108697	2.954824074383
4496.333508	2.953620789474
4496.558330	2.952860940244
4496.783164	2.952311555042
4497.008009	2.951852468414
4497.232865	2.951428688353
4497.457732	2.951018090160
4497.682610	2.950613958940
4497.907500	2.950218122920
4498.132401	2.949841350935
4498.357313	2.949509749072
4498.582237	2.949276900352
4498.807172	2.949239902415
4499.032118	2.949552475228
4499.257075	2.950421248700
4499.482043	2.952067216124
4499.707023	2.954641681149
4499.932014	2.958109870444
4500.157016	2.962149658632
4500.382030	2.966134031297
4500.607054	2.969248115509
4500.832090	2.970727614036
4501.057138	2.970127507680
4501.282196	2.967492637227
4501.507266	2.963340894568
4501.732347	2.958467801118
4501.957439	2.953672966752
4502.182543	2.949536405429
4502.407657	2.946324952146
4502.632783	2.944029366713
4502.857921	2.942474451394
4503.083069	2.941433889556
4503.308229	2.940707398501
4503.533400	2.940151931139
4503.758582	2.939680458279
4503.983776	2.939246687615
4504.208981	2.938828710545
4504.434197	2.938417127283
4504.659424	2.938008167962
4504.884663	2.937600344343
4505.109913	2.937193036392
4505.335174	2.936785962180
4505.560446	2.936378984187
4505.785730	2.935972036668
4506.011025	2.935565089212
4506.236331	2.935158144906
4506.461648	2.934751382295
4506.686977	2.934345469587
4506.912317	2.933940904462
4507.137668	2.933537188283
4507.363031	2.933134026844
4507.588405	2.932732259133
4507.813790	2.932334695484
4508.039186	2.931948684440
4508.264594	2.931591454328
4508.490012	2.931299139214
4508.715443	2.931138933411
4508.940884	2.931220037618
4509.166337	2.931693570852
4509.391801	2.932727789674
4509.617276	2.934449076794
4509.842762	2.936855711542
4510.068260	2.939737188533
4510.293769	2.942650222454
4510.519289	2.944993456622
4510.744821	2.946178043464
4510.970364	2.945831733783
4511.195918	2.943940453199
4511.421484	2.940853869000
4511.647060	2.937152085458
4511.872648	2.933442679178
4512.098247	2.930184782378
4512.323858	2.927606515913
4512.549480	2.925723109453
4512.775113	2.924416361905
4513.000757	2.923524809284
4513.226413	2.922912469562
4513.452080	2.922511358913
4513.677758	2.922351312413
4513.903448	2.922592421665
4514.129149	2.923561499058
4514.354861	2.925769176806
4514.580584	2.929859983640
4514.806319	2.936443888718
4515.032065	2.945798784514
4515.257822	2.957521478001
4515.483591	2.970301854466
4515.709370	2.982018607468
4515.935161	2.990244290432
4516.160964	2.993024582819
4516.386778	2.989595833188
4516.612603	2.980682070584
4516.838439	2.968213621798
4517.064286	2.954616879449
4517.290145	2.942031002956
4517.516015	2.931791943398
4517.741897	2.924325461414
4517.967790	2.919366820423
4518.193694	2.916308975118
4518.419609	2.914502079263
4518.645536	2.913422820970
4518.871474	2.912721375373
4519.097423	2.912196177900
4519.323383	2.911745402319
4519.549355	2.911323721197
4519.775338	2.910913501995
4520.001333	2.910508921235
4520.227338	2.910108372040
4520.453355	2.909711196653
4520.679384	2.909316402655
4520.905423	2.908922297021
4521.131474	2.908526666342
4521.357536	2.908127158899
4521.583610	2.907720800917
4521.809695	2.907303725772
4522.035791	2.906876380152
4522.261898	2.906444303516
4522.488017	2.906011678582
4522.714147	2.905580455668
4522.940289	2.905151493411
4523.166441	2.904724891106
4523.392605	2.904300263986
4523.618780	2.903877042333
4523.844967	2.903454693488
4524.071165	2.903032820652
4524.297374	2.902611175100
4524.523595	2.902189619938
4524.749827	2.901768089555
4524.976070	2.901346555079
4525.202324	2.900925008291
4525.428590	2.900503454317
4525.654867	2.900081933921
4525.881155	2.899660606541
4526.107455	2.899240039721
4526.333766	2.898822057746
4526.560088	2.898411990151
4526.786422	2.898023911612
4527.012767	2.897691304064
4527.239123	2.897485492355
4527.465491	2.897541390140
4527.691870	2.898082586016
4527.918260	2.899426059129
4528.144662	2.901937462122
4528.371075	2.905913394228
4528.597499	2.911399644258
4528.823934	2.918008388402
4529.050381	2.924842854154
4529.276839	2.930627615755
4529.503309	2.934055445006
4529.729790	2.934231804084
4529.956282	2.931012062468
4530.182785	2.925058265623
4530.409300	2.917584855796
4530.635826	2.909926805522
4530.862364	2.903139037171
4531.088913	2.897786034174
4531.315473	2.893954897775
4531.542044	2.891415632471
4531.768627	2.889815651465
4531.995221	2.888826288753
4532.221826	2.888214632041
4532.448443	2.887854355866
4532.675071	2.887701868722
4532.901711	2.887757846406
4533.128361	2.888024964482
4533.355024	2.888469562177
4533.581697	2.888997765435
4533.808382	2.889457946870
4534.035078	2.889674582028
4534.261785	2.889503559394
4534.488504	2.888884699301
4534.715234	2.887865085777
4534.941975	2.886580735662
4535.168728	2.885206343458
4535.395492	2.883898370522
4535.622268	2.882756486089
4535.849055	2.881814424110
4536.075853	2.881054989244
4536.302662	2.880435056425
4536.529483	2.879907399991
4536.756315	2.879432845806
4536.983159	2.878984457942
4537.210013	2.878547782364
4537.436880	2.878116334616
4537.663757	2.877687017502
4537.890646	2.877258447198
4538.117546	2.876830100839
4538.344458	2.876401805434
4538.571381	2.875973509609
4538.798315	2.875545207082
4539.025260	2.875116922642
4539.252217	2.874688758381
4539.479186	2.874261043614
4539.706165	2.873834745077
4539.933156	2.873412423179
4540.160159	2.873000195684
4540.387172	2.872611153623
4540.614197	2.872270189399
4540.841234	2.872018803266
4541.068281	2.871916267505
4541.295341	2.872031683870
4541.522411	2.872422341322
4541.749493	2.873099695514
4541.976586	2.873994424419
4542.203690	2.874940864236
4542.430806	2.875699781114
4542.657934	2.876022500550
4542.885072	2.875734924055
4543.112222	2.874802973454
4543.339383	2.873345956227
4543.566556	2.871590666484
4543.793740	2.869790365479
4544.020935	2.868148012764
4544.248142	2.866774606613
4544.475360	2.865689937178
4544.702590	2.864851921196
4544.929830	2.864193054363
4545.157083	2.863648013990
4545.384346	2.863167073311
4545.611621	2.862718120164
4545.838907	2.862282923262
4546.066205	2.861852225824
4546.293514	2.861421888714
4546.520834	2.860990492990
4546.748166	2.860557990530
4546.975509	2.860124930041
4547.202864	2.859691975189
4547.430229	2.859259627043
4547.657607	2.858828115239
4547.884995	2.858397426256
4548.112395	2.857967395477
4548.339806	2.857537811995
4548.567229	2.857108496832
4548.794663	2.856679365518
4549.022109	2.856250492426
4549.249565	2.855822214640
4549.477034	2.855395281909
4549.704513	2.854971034859
4549.932004	2.854551501445
4550.159506	2.854139241245
4550.387020	2.853736737321
4550.614545	2.853345294132
4550.842081	2.852963721652
4551.069629	2.852587470105
4551.297188	2.852209004150
4551.524759	2.851820275734
4551.752341	2.851420275019
4551.979934	2.851025322614
4552.207539	2.850652175975
4552.435155	2.850301437046
4552.662782	2.849983352077
4552.890421	2.849722682858
4553.118071	2.849545003359
4553.345733	2.849465595687
4553.573406	2.849478704229
4553.801090	2.849549169052
4554.028786	2.849612481819
4554.256493	2.849587753541
4554.484212	2.849401830012
4554.711942	2.849015225309
4554.939683	2.848437265878
4555.167436	2.847722324272
4555.395200	2.846948931143
4555.622975	2.846192476594
4555.850762	2.845504199649
4556.078560	2.844903875667
4556.306370	2.844385402496
4556.534191	2.843928889716
4556.762023	2.843512202768
4556.989867	2.843117920040
4557.217722	2.842735320906
4557.445589	2.842359221264
4557.673467	2.841987770411
4557.901356	2.841620566266
4558.129257	2.841257525297
4558.357169	2.840898408038
4558.585093	2.840542726295
4558.813028	2.840189813412
4559.040974	2.839838926061
4559.268932	2.839489369188
4559.496901	2.839140784492
4559.724881	2.838794216894
4559.952873	2.838456082423
4560.180877	2.838151891134
4560.408891	2.837969343929
4560.636918	2.838179940703
4560.864955	2.839544330105
4561.093004	2.843986561587
4561.321064	2.855880847393
4561.549136	2.884104449643
4561.777219	2.944578980663
4562.005314	3.062117252564
4562.233420	3.269276117016
4562.461537	3.599443517513
4562.689666	4.072904269047
4562.917806	4.678691450634
4563.145958	5.360300953116
4563.374121	6.015875037993
4563.602295	6.519511383613
4563.830481	6.759684495241
4564.058678	6.679235405133
4564.286887	6.297415661128
4564.515107	5.702376836437
4564.743338	5.018124692529
4564.971581	4.362810666695
4565.199836	3.817377057258
4565.428101	3.414874198434
4565.656378	3.148647018729
4565.884667	2.989822182093
4566.112967	2.904082392678
4566.341278	2.862185040793
4566.569601	2.843710847429
4566.797935	2.836388602518
4567.026281	2.833704729747
4567.254638	2.832564456079
4567.483006	2.831682158446
4567.711386	2.830651053653
4567.939777	2.829443629992
4568.168180	2.828170409751
4568.396594	2.826961488081
4568.625020	2.825912021542
4568.853457	2.825079091159
4569.081905	2.824529986079
4569.310365	2.824459819902
4569.538836	2.825428608803
4569.767319	2.828800525648
4569.995813	2.837457185336
4570.224318	2.856728924593
4570.452835	2.895186508816
4570.681364	2.964511852801
4570.909903	3.077412248269
4571.138455	3.242915700046
4571.367017	3.459741232908
4571.595591	3.710380854017
4571.824177	3.959831112502
4572.052774	4.161955607026
4572.281382	4.272891735437
4572.510002	4.266424905986
4572.738633	4.144001496880
4572.967276	3.934172871709
4573.195930	3.681756162557
4573.424595	3.432339842645
4573.653272	3.219418024279
4573.881961	3.058861488368
4574.110660	2.950891432479
4574.339372	2.886344385298
4574.568094	2.853312151831
4574.796828	2.841617331569
4575.025574	2.844494838356
4575.254331	2.858118002601
4575.483099	2.880033561554
4575.711879	2.907489900534
4575.940671	2.936416577719
4576.169473	2.961499910832
4576.398288	2.977345748686
4576.627113	2.980186306119
4576.855950	2.969250459263
4577.084799	2.947047297868
4577.313659	2.918391567609
4577.542530	2.888678195601
4577.771413	2.862244226663
4578.000307	2.841476802249
4578.229213	2.826824228429
4578.458130	2.817415961985
4578.687059	2.811835418593
4578.915999	2.808706386237
4579.144951	2.806979845610
4579.373913	2.805979254173
4579.602888	2.805322530857
4579.831874	2.804816648400
4580.060871	2.804372902067
4580.289880	2.803953574948
4580.518900	2.803543472020
4580.747932	2.803136527215
4580.976975	2.802730140800
4581.206029	2.802323053083
4581.435095	2.801914676485
4581.664173	2.801504942435
4581.893262	2.801094345564
4582.122362	2.800685215560
4582.351474	2.800286009995
4582.580597	2.799906793966
4582.809732	2.799545004641
4583.038878	2.799195537304
4583.268036	2.798861266102
4583.497205	2.798548839557
4583.726386	2.798264641251
4583.955578	2.798011330870
4584.184781	2.797784021333
4584.413996	2.797567789949
4584.643223	2.797338738003
4584.872461	2.797069612519
4585.101710	2.796738520796
4585.330971	2.796337007731
4585.560243	2.795873442681
4585.789527	2.795369923111
4586.018822	2.794854320952
4586.248129	2.794351477738
4586.477447	2.793877346786
4586.706776	2.793437658544
4586.936118	2.793030126120
4587.165470	2.792647970923
4587.394834	2.792282892217
4587.624210	2.791926805902
4587.853597	2.791572673030
4588.082995	2.791215031256
4588.312405	2.790850507728
4588.541826	2.790478159395
4588.771259	2.790099309801
4589.000703	2.789716782405
4589.230159	2.789333775314
4589.459626	2.788952842855
4589.689105	2.788575344883
4589.918595	2.788201457774
4590.148097	2.787830560972
4590.377610	2.787461728051
4590.607135	2.787094101138
4590.836671	2.786727074954
4591.066218	2.786360312071
4591.295777	2.785993672686
4591.525348	2.785627121133
4591.754930	2.785260657048
4591.984523	2.784894277382
4592.214128	2.784527967772
4592.443745	2.784161705340
4592.673373	2.783795467650
4592.903012	2.783429236177
4593.132663	2.783062999479
4593.362325	2.782696750289
4593.591999	2.782330485750
4593.821685	2.781964204097
4594.051381	2.781597905146
4594.281090	2.781231588104
4594.510810	2.780865253370
4594.740541	2.780498900251
4594.970284	2.780132529251
4595.200038	2.779766139775
4595.429804	2.779399732312
4595.659581	2.779033306590
4595.889370	2.778666863145
4596.119170	2.778300402165
4596.348981	2.777933925269
4596.578805	2.777567434414
4596.808639	2.777200935337
4597.038486	2.776834436927
4597.268343	2.776467904269
4597.498212	2.776100766722
4597.728093	2.775731119735
4597.957985	2.775357950829
4598.187889	2.774983152630
4598.417804	2.774608326845
4598.647731	2.774233772001
4598.877669	2.773859377999
4599.107618	2.773484909497
4599.337579	2.773110071480
4599.567552	2.772734600465
4599.797536	2.772358355473
4600.027532	2.771981373346
4600.257539	2.771603852773
4600.487558	2.771226081886
4600.717588	2.770848340535
4600.947629	2.770470827090
4601.177683	2.770093628485
4601.407747	2.769716738787
4601.637823	2.769340100123
4601.867911	2.768963657180
4602.098010	2.768587427099
4602.328121	2.768211652214
4602.558243	2.767837182210
4602.788377	2.767466404945
4603.018522	2.767105227455
4603.248678	2.766766706621
4603.478847	2.766476528138
4603.709026	2.766279211632
4603.939218	2.766241564366
4604.169420	2.766447741267
4604.399634	2.766981588627
4604.629860	2.767901624225
4604.860097	2.769236759067
4605.090346	2.771067948953
4605.320606	2.773808708890
4605.550878	2.778840475698
4605.781162	2.789657057283
4606.011456	2.813536799070
4606.241763	2.863373020063
4606.472081	2.958605282959
4606.702410	3.123479129370
4606.932751	3.380807925546
4607.163103	3.740938823397
4607.393467	4.188853423635
4607.623843	4.675883799097
4607.854229	5.123362244422
4608.084628	5.441405956317
4608.315038	5.557790023032
4608.545459	5.444458539255
4608.775892	5.128418856650
4609.006337	4.681231589694
4609.236793	4.192681107604
4609.467261	3.741810138011
4609.697740	3.377892081165
4609.928231	3.116542208336
4610.158733	2.947888671718
4610.389246	2.849460940550
4610.619772	2.797250053415
4610.850308	2.771943312749
4611.080857	2.760635792052
4611.311416	2.755883251376
4611.541988	2.753905224609
4611.772571	2.752992247249
4612.003165	2.752450928147
4612.233771	2.752027719942
4612.464388	2.751638738111
4612.695017	2.751258872023
4612.925658	2.750881779880
4613.156310	2.750506909445
4613.386974	2.750133967888
4613.617649	2.749761727795
4613.848335	2.749389565972
4614.079033	2.749017389759
4614.309743	2.748645195273
4614.540464	2.748272981992
4614.771197	2.747900750240
4615.001942	2.747528499639
4615.232697	2.747156230743
4615.463465	2.746783942949
4615.694244	2.746411636813
4615.925034	2.746039311774
4616.155836	2.745666968366
4616.386650	2.745294606179
4616.617475	2.744922225624
4616.848312	2.744549826599
4617.079160	2.744177410305
4617.310020	2.743804978631
4617.540891	2.743432538273
4617.771774	2.743060103852
4618.002668	2.742687709486
4618.233574	2.742315422056
4618.464491	2.741943365914
4618.695420	2.741571749885
4618.926361	2.741200906000
4619.157313	2.740831336614
4619.388277	2.740463789391
4619.619252	2.740099356037
4619.850239	2.739739567288
4620.081237	2.739386360492
4620.312247	2.739041738349
4620.543268	2.738706957431
4620.774301	2.738381330963
4621.005345	2.738061112165
4621.236402	2.737739232254
4621.467469	2.737406516831
4621.698548	2.737054320149
4621.929639	2.736677581060
4622.160741	2.736276829421
4622.391855	2.735858060205
4622.622980	2.735430531006
4622.854117	2.735003614423
4623.085266	2.734584197687
4623.316426	2.734175568490
4623.547597	2.733777811642
4623.778781	2.733389049568
4624.009975	2.733006749684
4624.241182	2.732628614552
4624.472399	2.732252982410
4624.703629	2.731878913427
4624.934870	2.731506242829
4625.166122	2.731135880420
4625.397386	2.730770686895
4625.628662	2.730417371013
4625.859949	2.730090169321
4626.091248	2.729817785473
4626.322558	2.729656671934
4626.553880	2.729716421786
4626.785214	2.730205382126
4627.016559	2.731501725487
4627.247915	2.734238670336
4627.479284	2.739357472358
4627.710663	2.748038734582
4627.942055	2.761410753071
4628.173458	2.780002456923
4628.404872	2.803077768324
4628.636298	2.828176885804
4628.867736	2.851258147975
4629.099185	2.867641882279
4629.330646	2.873510939587
4629.562118	2.867319898380
4629.793602	2.850409290460
4630.025097	2.826500302384
4630.256604	2.800345213467
4630.488123	2.776237998857
4630.719653	2.757080957009
4630.951195	2.744333111540
4631.182748	2.738713556226
4631.414313	2.741241851272
4631.645890	2.754110100861
4631.877478	2.780903369150
4632.109077	2.825782859773
4632.340689	2.891513581125
4632.572312	2.976780304175
4632.803946	3.073945869812
4633.035592	3.168799990456
4633.267249	3.243335176768
4633.498919	3.281115439739
4633.730599	3.273107862729
4633.962292	3.221148654727
4634.193996	3.137227450599
4634.425711	3.038964565276
4634.657438	2.943610944067
4634.889177	2.863337880503
4635.120927	2.803444062013
4635.352689	2.763351871910
4635.584462	2.739070407196
4635.816247	2.725658523414
4636.048044	2.718824677607
4636.279852	2.715538919086
4636.511672	2.713972008173
4636.743503	2.713156838432
4636.975346	2.712639584309
4637.207201	2.712229733379
4637.439067	2.711855662200
4637.670945	2.711494181217
4637.902834	2.711141699646
4638.134735	2.710806232854
4638.366648	2.710510186218
4638.598572	2.710299685960
4638.830507	2.710256998536
4639.062455	2.710509173632
4639.294414	2.711220879247
4639.526384	2.712557679884
4639.758366	2.714614238111
4639.990360	2.717323242322
4640.222365	2.720386724245
4640.454382	2.723282962199
4640.686411	2.725379661090
4640.918451	2.726129588805
4641.150503	2.725268105382
4641.382566	2.722915410400
4641.614641	2.719529749912
4641.846727	2.715736292259
4642.078826	2.712118941359
4642.310935	2.709068714440
4642.543057	2.706736861840
4642.775190	2.705080322471
4643.007334	2.703950427173
4643.239490	2.703175637306
4643.471658	2.702612561747
4643.703838	2.702167163523
4643.936029	2.701796875383
4644.168231	2.701479768526
4644.400445	2.701186856315
4644.632671	2.700899845733
4644.864909	2.700614017914
4645.097158	2.700328479461
4645.329418	2.700043002904
4645.561691	2.699757525461
4645.793975	2.699472033963
4646.026270	2.699186530434
4646.258577	2.698901026188
4646.490896	2.698615540617
4646.723226	2.698330109743
4646.955568	2.698044797255
4647.187922	2.697759725273
4647.420287	2.697475148483
4647.652664	2.697191693667
4647.885052	2.696911147907
4648.117452	2.696638986826
4648.349864	2.696391852438
4648.582287	2.696217780076
4648.814722	2.696246053657
4649.047169	2.696799004789
4649.279627	2.698619176317
4649.512097	2.703282750880
4649.744578	2.713858332658
4649.977071	2.735779070686
4650.209576	2.777673039468
4650.442092	2.851535047597
4650.674620	2.971289485258
4650.907160	3.148845032615
4651.139711	3.387648755844
4651.372274	3.675527652595
4651.604848	3.980512319668
4651.837434	4.253706015678
4652.070032	4.440860316282
4652.302641	4.499591286475
4652.535262	4.414921245427
4652.767895	4.205383987925
4653.000539	3.916320258251
4653.233195	3.603727077304
4653.465862	3.316582928385
4653.698541	3.085254789253
4653.931232	2.919171102225
4654.163934	2.811909945729
4654.396648	2.749211571129
4654.629374	2.715875292769
4654.862111	2.699667319922
4655.094860	2.692414998817
4655.327621	2.689466643331
4655.560393	2.688733611145
4655.793177	2.690229163547
4656.025972	2.696945842738
4656.258779	2.718388742689
4656.491598	2.779053909824
4656.724429	2.934955668372
4656.957271	3.300266238121
4657.190124	4.080684776036
4657.422990	5.598463014413
4657.655867	8.279292679613
4657.888755	12.564474421021
4658.121656	18.730599819633
4658.354567	26.651359096736
4658.587491	35.605581489832
4658.820426	44.271066418408
4659.053373	50.995220343506
4659.286332	54.295361437044
4659.519302	53.388375194635
4659.752283	48.492221437756
4659.985277	40.740865134275
4660.218282	31.758203715201
4660.451299	23.108902579558
4660.684327	15.878092810935
4660.917367	10.521037698852
4661.150419	6.964091267979
4661.383482	4.833023365677
4661.616557	3.675836871622
4661.849644	3.104664138224
4662.082742	2.847926221331
4662.315852	2.742761286384
4662.548974	2.703535049759
4662.782107	2.690234365365
4663.015252	2.686103479997
4663.248409	2.684835539334
4663.481577	2.684326033070
4663.714757	2.684007112946
4663.947948	2.683824709698
4664.181152	2.683868117875
4664.414366	2.684231214056
4664.647593	2.684957180233
4664.880831	2.686033681344
4665.114081	2.687457756372
4665.347343	2.689421175450
4665.580616	2.692684559205
4665.813901	2.699192021743
4666.047197	2.712885103776
4666.280505	2.740455955130
4666.513825	2.791454157391
4666.747157	2.876901811503
4666.980500	3.005754353704
4667.213855	3.179486955237
4667.447221	3.386688146733
4667.680599	3.600849406100
4667.913989	3.784256048724
4668.147391	3.898285046216
4668.380804	3.916591419267
4668.614229	3.835116571535
4668.847666	3.673759711287
4669.081114	3.468793743296
4669.314574	3.259934269074
4669.548045	3.078285644910
4669.781528	2.939938138352
4670.015023	2.846324171246
4670.248530	2.789150596085
4670.482048	2.756514973415
4670.715578	2.737604076174
4670.949120	2.724977366555
4671.182673	2.714762300753
4671.416238	2.705674289346
4671.649815	2.697750013191
4671.883403	2.691355919873
4672.117003	2.686667140979
4672.350615	2.683549166313
4672.584238	2.681661220388
4672.817873	2.680611230722
4673.051520	2.680065610162
4673.285178	2.679790957974
4673.518848	2.679647154341
4673.752530	2.679560428702
4673.986224	2.679496284694
4674.219929	2.679440268823
4674.453646	2.679386562901
4674.687374	2.679327478805
4674.921114	2.679233810822
4675.154866	2.679070888726
4675.388630	2.678858062912
4675.622405	2.678632365399
4675.856192	2.678405517872
4676.089991	2.678178630286
4676.323801	2.677951731455
4676.557623	2.677724821395
4676.791457	2.677497899897
4677.025302	2.677270967220
4677.259159	2.677044023008
4677.493028	2.676817067582
4677.726909	2.676590100683
4677.960801	2.676363122616
4678.194705	2.676136133056
4678.428620	2.675909132278
4678.662548	2.675682119971
4678.896487	2.675455096490
4679.130437	2.675228061510
4679.364400	2.675001015468
4679.598374	2.674773958189
4679.832359	2.674546890375
4680.066357	2.674319812298
4680.300366	2.674092725826
4680.534387	2.673865632700
4680.768420	2.673638536219
4681.002464	2.673411439210
4681.236520	2.673184344366
4681.470587	2.672957251194
4681.704667	2.672730155693
4681.938758	2.672503049318
4682.172861	2.672275923403
4682.406975	2.672048780021
4682.641101	2.671821675617
4682.875239	2.671594876341
4683.109389	2.671369414344
4683.343550	2.671148890928
4683.577723	2.670944743833
4683.811908	2.670789947982
4684.046105	2.670770465868
4684.280313	2.671088012357
4684.514533	2.672166050364
4684.748764	2.674792915251
4684.983007	2.680251426095
4685.217262	2.690319962990
4685.451529	2.706984519261
4685.685808	2.731749415113
4685.920098	2.764628933630
4686.154400	2.803206429676
4686.388713	2.842365299581
4686.623038	2.875188736107
4686.857375	2.894990189171
4687.091724	2.897721231680
4687.326085	2.883592221042
4687.560457	2.857010258542
4687.794841	2.824808056795
4688.029236	2.793652606633
4688.263644	2.767898866601
4688.498063	2.748780380983
4688.732493	2.735025035188
4688.966936	2.724280588491
4689.201390	2.714502777789
4689.435856	2.704710956447
4689.670334	2.694991364683
4689.904823	2.686017242389
4690.139324	2.678482581252
4690.373837	2.672717448459
4690.608362	2.668578445095
4690.842898	2.665696185915
4691.077446	2.663741460965
4691.312006	2.662401960648
4691.546577	2.661409906255
4691.781160	2.660590629602
4692.015755	2.659848681954
4692.250362	2.659138065509
4692.484980	2.658438968443
4692.719610	2.657743715079
4692.954252	2.657049622337
4693.188906	2.656355844402
4693.423571	2.655662152108
4693.658248	2.654968509085
4693.892937	2.654274944565
4694.127637	2.653581508960
4694.362350	2.652888253271
4694.597074	2.652195198178
4694.831809	2.651502307480
4695.066557	2.650809466897
4695.301316	2.650116496100
4695.536087	2.649423189063
4695.770870	2.648729382731
4696.005664	2.648035013720
4696.240470	2.647340145233
4696.475288	2.646644939977
4696.710118	2.645949604087
4696.944959	2.645254317573
4697.179812	2.644559195233
4697.414677	2.643864274882
4697.649554	2.643169546411
4697.884442	2.642475019461
4698.119342	2.641780966385
4698.354254	2.641088935488
4698.589178	2.640406001866
4698.824113	2.639761036018
4699.059060	2.639261061707
4699.294019	2.639266821629
4699.528989	2.640882117482
4699.763972	2.647165243383
4699.998966	2.665761928564
4700.233972	2.713838001765
4700.468989	2.825762238812
4700.704018	3.062254547532
4700.939060	3.516282990596
4701.174112	4.307044422147
4701.409177	5.552231899498
4701.644253	7.315303134836
4701.879341	9.539989649829
4702.114441	12.002963326221
4702.349553	14.322544316267
4702.584676	16.044013839679
4702.819811	16.781935276337
4703.054958	16.360015456539
4703.290117	14.879408311711
4703.525287	12.679320800094
4703.760469	10.210928663857
4703.995663	7.888425590831
4704.230869	5.983667899332
4704.466086	4.596559281828
4704.701316	3.690315095698
4704.936556	3.155730233685
4705.171809	2.869683645654
4705.407074	2.730159445860
4705.642350	2.667531715114
4705.877638	2.641016890465
4706.112938	2.629761458353
4706.348249	2.624425075756
4706.583572	2.621323750573
4706.818908	2.619163001774
4707.054254	2.617535395441
4707.289613	2.616291960394
4707.524983	2.615332048455
4707.760365	2.614564964453
4707.995759	2.613915659472
4708.231165	2.613331033515
4708.466582	2.612779286515
4708.702012	2.612246332249
4708.937453	2.611736038698
4709.172905	2.611283618968
4709.408370	2.610998827364
4709.643846	2.611168735035
4709.879334	2.612462527025
4710.114834	2.616273525382
4710.350346	2.625172424776
4710.585869	2.643303444034
4710.821404	2.676357098159
4711.056951	2.730643443413
4711.292510	2.810995849211
4711.528081	2.917935977696
4711.763663	3.045521179734
4711.999257	3.181919981013
4712.234863	3.314107417589
4712.470480	3.435842561040
4712.706110	3.555148717070
4712.941751	3.695875125594
4713.177404	3.889438571308
4713.413069	4.157771408059
4713.648745	4.494585625174
4713.884434	4.855511249685
4714.120134	5.165236437723
4714.355846	5.341589650378
4714.591569	5.326689793206
4714.827305	5.110164046924
4715.063052	4.732966701338
4715.298811	4.270682943797
4715.534582	3.805833478328
4715.770365	3.402827834305
4716.006159	3.095297579610
4716.241965	2.887325878168
4716.477783	2.763412701040
4716.713613	2.700120432753
4716.949455	2.674582843802
4717.185308	2.668622273496
4717.421173	2.669634884270
4717.657050	2.669987089545
4717.892939	2.666050442750
4718.128839	2.657214191092
4718.364752	2.644836048696
4718.600676	2.631139177323
4718.836612	2.618240282256
4719.072560	2.607535472488
4719.308519	2.599535312231
4719.544490	2.594050276021
4719.780474	2.590523091748
4720.016468	2.588326176212
4720.252475	2.586936720083
4720.488494	2.585992307836
4720.724524	2.585273638295
4720.960566	2.584661610990
4721.196620	2.584096986216
4721.432686	2.583552783603
4721.668763	2.583023870662
4721.904853	2.582536711772
4722.140954	2.582123478900
4722.377067	2.581760176614
4722.613192	2.581409035812
4722.849328	2.581058918237
4723.085476	2.580708818370
4723.321637	2.580358706725
4723.557809	2.580008584459
4723.793992	2.579658453990
4724.030188	2.579308319035
4724.266395	2.578958181199
4724.502615	2.578608041369
4724.738846	2.578257902624
4724.975089	2.577907796765
4725.211343	2.577557884803
4725.447610	2.577208825095
4725.683888	2.576862970070
4725.920178	2.576527897945
4726.156480	2.576225703665
4726.392794	2.576014627360
4726.629119	2.576032906262
4726.865457	2.576574305464
4727.101806	2.578193043790
4727.338167	2.581804774217
4727.574540	2.588702829602
4727.810924	2.600370959595
4728.047321	2.617999297501
4728.283729	2.641742829103
4728.520149	2.669984508439
4728.756581	2.699043554057
4728.993025	2.723724684987
4729.229480	2.738740770223
4729.465948	2.740516117492
4729.702427	2.728536720886
4729.938918	2.705551543048
4730.175421	2.676518361628
4730.411935	2.646844408552
4730.648462	2.620772712885
4730.885000	2.600548272835
4731.121550	2.586489841248
4731.358112	2.577656512875
4731.594686	2.572668103805
4731.831272	2.570398284444
4732.067869	2.570543476806
4732.304479	2.574323254680
4732.541100	2.585692541718
4732.777733	2.613353890182
4733.014378	2.673394043981
4733.251034	2.791418399699
4733.487703	3.001813817230
4733.724383	3.341130432171
4733.961075	3.833863082900
4734.197779	4.473060725358
4734.434495	5.203832508700
4734.671223	5.921222990175
4734.907962	6.490515272955
4735.144713	6.787208592987
4735.381477	6.741085975466
4735.618252	6.363141620437
4735.855038	5.741307339885
4736.091837	5.007218983562
4736.328648	4.291178146339
4736.565470	3.686193772983
4736.802304	3.233737043023
4737.039150	2.930656118708
4737.276008	2.747497060118
4737.512878	2.647139961794
4737.749759	2.597078604231
4737.986653	2.574249255568
4738.223558	2.564721632642
4738.460475	2.561254449078
4738.697404	2.560787835257
4738.934345	2.562757984842
4739.171297	2.568294807595
4739.408262	2.579962152672
4739.645238	2.601541983362
4739.882226	2.637345047547
4740.119227	2.690701516717
4740.356238	2.761753943923
4740.593262	2.845349515387
4740.830298	2.930338099613
4741.067345	3.001376896241
4741.304404	3.043231728674
4741.541476	3.046028922213
4741.778559	3.008999470949
4742.015653	2.940781626905
4742.252760	2.856116803286
4742.489879	2.770665062477
4742.727009	2.696417281339
4742.964151	2.639463553184
4743.201306	2.600361616056
4743.438472	2.576116695522
4743.675649	2.562438971690
4743.912839	2.555365184884
4744.150041	2.551997171231
4744.387254	2.550573392664
4744.624479	2.550224202770
4744.861717	2.550669770407
4745.098966	2.551968081269
4745.336227	2.554312018031
4745.573499	2.557841228286
4745.810784	2.562460869884
4746.048080	2.567711012011
4746.285389	2.572761520577
4746.522709	2.576582453834
4746.760041	2.578256732378
4746.997385	2.577308433188
4747.234741	2.573886452904
4747.472108	2.568706508472
4747.709488	2.562782181618
4747.946879	2.557082397375
4748.184283	2.552272299697
4748.421698	2.548624195660
4748.659125	2.546085367621
4748.896564	2.544424551219
4749.134014	2.543374409399
4749.371477	2.542723960853
4749.608952	2.542356065826
4749.846438	2.542247005934
4750.083936	2.542445144065
4750.321446	2.543035540763
4750.558968	2.544090700329
4750.796502	2.545612010864
4751.034048	2.547479117263
4751.271606	2.549434639727
4751.509175	2.551126067008
4751.746757	2.552203102031
4751.984350	2.552442166549
4752.221955	2.551869889431
4752.459572	2.550912952983
4752.697201	2.550727372229
4752.934842	2.554050536322
4753.172494	2.567124737983
4753.410159	2.603300741224
4753.647835	2.688494756814
4753.885524	2.867279348816
4754.123224	3.205955855920
4754.360936	3.786383073124
4754.598660	4.684311633303
4754.836396	5.931396116974
4755.074144	7.471485510363
4755.311903	9.133613988620
4755.549675	10.646576250044
4755.787458	11.704929934534
4756.025254	12.067953439152
4756.263061	11.648429861599
4756.500880	10.546586348651
4756.738711	9.011230702931
4756.976554	7.348570493942
4757.214409	5.824319674638
4757.452275	4.601050957803
4757.690154	3.727214878354
4757.928044	3.166280655625
4758.165947	2.840758611373
4758.403861	2.669262808866
4758.641787	2.586958950714
4758.879725	2.550839108988
4759.117675	2.536243910424
4759.355637	2.530718858373
4759.593611	2.528660408290
4759.831596	2.527806563012
4760.069594	2.527333959823
4760.307603	2.526971401901
4760.545624	2.526637839376
4760.783658	2.526311249623
4761.021703	2.525986183781
4761.259760	2.525661412035
4761.497829	2.525336681565
4761.735910	2.525011944325
4761.974002	2.524687192636
4762.212107	2.524362424630
4762.450224	2.524037640643
4762.688352	2.523712840223
4762.926492	2.523388023761
4763.164645	2.523063190900
4763.402809	2.522738341938
4763.640985	2.522413476555
4763.879173	2.522088595093
4764.117373	2.521763697214
4764.355585	2.521438783309
4764.593809	2.521113852937
4764.832044	2.520788906629
4765.070292	2.520463943895
4765.308551	2.520138966262
4765.546823	2.519813979201
4765.785106	2.519489016429
4766.023401	2.519164251622
4766.261708	2.518840512642
4766.500027	2.518521392416
4766.738358	2.518221121420
4766.976701	2.517991025060
4767.215056	2.517999412980
4767.453423	2.518747034884
4767.691801	2.521581643484
4767.930192	2.529772604531
4768.168594	2.550429403812
4768.407009	2.597304989229
4768.645435	2.693775625607
4768.883873	2.874023666773
4769.122323	3.179231049195
4769.360785	3.645816790546
4769.599259	4.285803923194
4769.837745	5.065317703398
4770.076243	5.892843232426
4770.314753	6.629285925412
4770.553275	7.123411366508
4770.791808	7.261812741061
4771.030354	7.011128123593
4771.268911	6.431071326958
4771.507481	5.651370419216
4771.746062	4.824733279680
4771.984655	4.079105208990
4772.223261	3.489120584286
4772.461878	3.073278087420
4772.700507	2.809922721748
4772.939148	2.659295314377
4773.177801	2.581342867408
4773.416465	2.545190032973
4773.655142	2.531398328304
4773.893831	2.530223591956
4774.132532	2.538643375180
4774.371244	2.557510467247
4774.609969	2.589049231594
4774.848705	2.634510113456
4775.087454	2.692062638174
4775.326214	2.755520861272
4775.564986	2.814745245210
4775.803770	2.858153598073
4776.042567	2.876796845577
4776.281375	2.868511506720
4776.520195	2.840475699259
4776.759027	2.809254107990
4776.997871	2.798482608178
4777.236727	2.834822469833
4777.475594	2.942444606510
4777.714474	3.135901465508
4777.953366	3.412017122852
4778.192269	3.743497414731
4778.431185	4.078795989228
4778.670113	4.351862301612
4778.909052	4.500903830216
4779.148003	4.489356661981
4779.386967	4.319238318335
4779.625942	4.029954333860
4779.864929	3.683111944449
4780.103929	3.341132709155
4780.342940	3.049624118527
4780.581963	2.829866198139
4780.820998	2.681533247218
4781.060045	2.591196433493
4781.299104	2.541278801745
4781.538175	2.516116558856
4781.777258	2.504453862104
4782.016353	2.499398356048
4782.255459	2.497261123545
4782.494578	2.496291860230
4782.733709	2.495747937422
4782.972852	2.495345849045
4783.212006	2.494987659017
4783.451173	2.494642478436
4783.690351	2.494301229078
4783.929542	2.493961310351
4784.168744	2.493621959690
4784.407959	2.493283019111
4784.647185	2.492944706087
4784.886423	2.492607705085
4785.125674	2.492273212461
4785.364936	2.491942978029
4785.604210	2.491620723028
4785.843496	2.491312678055
4786.082795	2.491024780550
4786.322105	2.490759964613
4786.561427	2.490515693526
4786.800761	2.490282042481
4787.040107	2.490042318020
4787.279465	2.489777468835
4787.518835	2.489473962122
4787.758217	2.489133557588
4787.997611	2.488783549433
4788.237017	2.488487527897
4788.476434	2.488357349200
4788.715864	2.488563812166
4788.955306	2.489335637416
4789.194760	2.490928192723
4789.434225	2.493545202865
4789.673703	2.497217267310
4789.913193	2.501678484213
4790.152694	2.506314288122
4790.392208	2.510248759055
4790.631734	2.512580470542
4790.871271	2.512687185659
4791.110821	2.510459507418
4791.350382	2.506343267420
4791.589956	2.501168065120
4791.829541	2.495851473158
4792.069139	2.491122551859
4792.308748	2.487374551366
4792.548370	2.484671225934
4792.788003	2.482855099695
4793.027648	2.481679804490
4793.267306	2.480909431760
4793.506975	2.480366258302
4793.746657	2.479937309831
4793.986350	2.479560116926
4794.226055	2.479204140748
4794.465772	2.478856052791
4794.705502	2.478510625263
4794.945243	2.478166009394
4795.184996	2.477821617802
4795.424762	2.477477305425
4795.664539	2.477133131292
4795.904328	2.476789453309
4796.144129	2.476447440967
4796.383942	2.476110472500
4796.623768	2.475787341543
4796.863605	2.475498648884
4797.103454	2.475287569724
4797.343315	2.475234355681
4797.583188	2.475469452566
4797.823073	2.476173623956
4798.062971	2.477549102163
4798.302880	2.479750543471
4798.542801	2.482784263045
4798.782734	2.486413771393
4799.022679	2.490131006504
4799.262636	2.493240918548
4799.502605	2.495055313614
4799.742587	2.495123958307
4799.982580	2.493394417020
4800.222585	2.490220375701
4800.462602	2.486217959581
4800.702631	2.482048620548
4800.942672	2.478232719588
4801.182725	2.475062302224
4801.422790	2.472614316197
4801.662868	2.470817043574
4801.902957	2.469530651185
4802.143058	2.468610379654
4802.383171	2.467935118074
4802.623296	2.467414253155
4802.863433	2.466985129534
4803.103583	2.466607218527
4803.343744	2.466256015272
4803.583917	2.465917781761
4803.824102	2.465585469937
4804.064299	2.465255866741
4804.304509	2.464927795432
4804.544730	2.464601087397
4804.784963	2.464275997088
4805.025208	2.463952811316
4805.265466	2.463631517554
4805.505735	2.463311546993
4805.746016	2.462991689725
4805.986309	2.462670290759
4806.226615	2.462345713542
4806.466932	2.462016906127
4806.707261	2.461683798968
4806.947603	2.461347333898
4807.187956	2.461009102633
4807.428322	2.460670789506
4807.668699	2.460333678205
4807.909088	2.459998416698
4808.149490	2.459665058288
4808.389903	2.459333277564
4808.630329	2.459002610947
4808.870766	2.458672631761
4809.111216	2.458343025186
4809.351678	2.458013595415
4809.592151	2.457684235418
4809.832637	2.457354894171
4810.073134	2.457025549158
4810.313644	2.456696192375
4810.554166	2.456366821155
4810.794700	2.456037439450
4811.035245	2.455708070578
4811.275803	2.455378830155
4811.516373	2.455050227914
4811.756955	2.454724326320
4811.997549	2.454408733814
4812.238154	2.454129022020
4812.478772	2.453963299928
4812.719402	2.454127790872
4812.960044	2.455163008812
4813.200698	2.458283045340
4813.441364	2.465921434081
4813.682042	2.482384358789
4813.922733	2.514280860236
4814.163435	2.570113165386
4814.404149	2.658328985170
4814.644875	2.783579492584
4814.885613	2.942040252737
4815.126364	3.117971837248
4815.367126	3.284244895476
4815.607900	3.408333962313
4815.848687	3.462450360651
4816.089485	3.433604811660
4816.330296	3.328633257202
4816.571118	3.171539630080
4816.811953	2.994557745413
4817.052800	2.827475897990
4817.293658	2.689992846397
4817.534529	2.589493870186
4817.775412	2.523519111578
4818.016306	2.484336104879
4818.257213	2.463142456577
4818.498132	2.452609544359
4818.739063	2.447716533718
4818.980006	2.445506150991
4819.220961	2.444448561291
4819.461928	2.443840035384
4819.702907	2.443390479181
4819.943898	2.442992153967
4820.184902	2.442608873879
4820.425917	2.442229617580
4820.666944	2.441851333490
4820.907984	2.441473253329
4821.149035	2.441095200708
4821.390099	2.440717141226
4821.631174	2.440339075737
4821.872262	2.439961030817
4822.113361	2.439583088979
4822.354473	2.439205477034
4822.595597	2.438828753041
4822.836733	2.438454159085
4823.077880	2.438084172674
4823.319040	2.437723217637
4823.560212	2.437378324541
4823.801396	2.437059416371
4824.042592	2.436778957843
4824.283801	2.436551119252
4824.525021	2.436391144953
4824.766253	2.436315650972
4825.007497	2.436343425210
4825.248754	2.436494179388
4825.490022	2.436781435108
4825.731303	2.437197733349
4825.972595	2.437696396913
4826.213900	2.438180771758
4826.455217	2.438513320010
4826.696546	2.438549019615
4826.937887	2.438183174598
4827.179239	2.437392247568
4827.420604	2.436246708614
4827.661981	2.434888570724
4827.903371	2.433484495572
4828.144772	2.432176695535
4828.386185	2.431051680885
4828.627610	2.430134783699
4828.869048	2.429405059186
4829.110497	2.428818322292
4829.351959	2.428327238221
4829.593433	2.427893074630
4829.834918	2.427489318767
4830.076416	2.427100229138
4830.317926	2.426717546979
4830.559448	2.426337403690
4830.800982	2.425958168949
4831.042528	2.425579223256
4831.284086	2.425200352725
4831.525656	2.424821492673
4831.767239	2.424442627895
4832.008833	2.424063763474
4832.250440	2.423684915080
4832.492058	2.423306111201
4832.733689	2.422927358619
4832.975331	2.422547553061
4833.216986	2.422154915755
4833.458653	2.421713188110
4833.700332	2.421204707785
4833.942023	2.420663402755
4834.183726	2.420116226390
4834.425442	2.419568393651
4834.667169	2.419020140103
4834.908908	2.418471472184
4835.150660	2.417922481071
4835.392423	2.417373314906
4835.634199	2.416824124904
4835.875987	2.416275024621
4836.117787	2.415726068187
4836.359599	2.415177258135
4836.601423	2.414628563008
4836.843259	2.414079941450
4837.085107	2.413531354557
4837.326967	2.412982775116
4837.568840	2.412434185210
4837.810724	2.411885576218
4838.052621	2.411336943263
4838.294529	2.410788286221
4838.536450	2.410239606303
4838.778383	2.409690909680
4839.020328	2.409142206288
4839.262285	2.408593514634
4839.504254	2.408044858638
4839.746235	2.407496267278
4839.988229	2.406947761757
4840.230234	2.406399344634
4840.472252	2.405850982890
4840.714282	2.405302606021
4840.956323	2.404754114342
4841.198377	2.404205410195
4841.440443	2.403656430659
4841.682521	2.403107179125
4841.924611	2.402557733983
4842.166714	2.402008247161
4842.408828	2.401458934595
4842.650955	2.400910082116
4842.893093	2.400362052193
4843.135244	2.399815275142
4843.377407	2.399270169971
4843.619582	2.398726981364
4843.861769	2.398185550013
4844.103968	2.397645131026
4844.346179	2.397104388522
4844.588402	2.396561669921
4844.830638	2.396015501127
4845.072885	2.395465113865
4845.315145	2.394910737356
4845.557417	2.394353511053
4845.799701	2.393795053685
4846.041997	2.393236920114
4846.284305	2.392680182308
4846.526625	2.392125286946
4846.768958	2.391572155240
4847.011302	2.391020413878
4847.253659	2.390469613189
4847.496028	2.389919369723
4847.738408	2.389369413754
4847.980801	2.388819583702
4848.223207	2.388269791322
4848.465624	2.387719993066
4848.708053	2.387170164284
4848.950495	2.386619956146
4849.192948	2.386062016776
4849.435414	2.385447736816
4849.677892	2.384688886199
4849.920382	2.383796167734
4850.162884	2.382858954327
4850.405398	2.381917131466
4850.647924	2.380977044144
4850.890463	2.380042688218
4851.133013	2.379123709886
4851.375576	2.378242089173
4851.618151	2.377442531662
4851.860738	2.376805409922
4852.103337	2.376456332456
4852.345948	2.376560692592
4852.588572	2.377289098108
4852.831207	2.378746927373
4853.073855	2.380881994878
4853.316514	2.383410849638
4853.559186	2.385818001112
4853.801870	2.387462510254
4854.044567	2.387772751407
4854.287275	2.386451017391
4854.529995	2.383588178560
4854.772728	2.379628291895
4855.015473	2.375201840946
4855.258229	2.370913118680
4855.500998	2.367178757225
4855.743779	2.364171301890
4855.986573	2.361859568952
4856.229378	2.360097435802
4856.472196	2.358709856946
4856.715025	2.357547290489
4856.957867	2.356505605434
4857.200721	2.355523471475
4857.443587	2.354572045026
4857.686466	2.353649906637
4857.929356	2.352802627662
4858.172258	2.352230721961
4858.415173	2.352721703037
4858.658100	2.357200025633
4858.901039	2.375766025123
4859.143990	2.440430270600
4859.386953	2.643548613666
4859.629929	3.226326424158
4859.872916	4.756114453128
4860.115916	8.427120319428
4860.358928	16.468912404218
4860.601952	32.521191509900
4860.844988	61.649118868127
4861.088036	109.538753034036
4861.331097	180.540591241121
4861.574170	274.774871425220
4861.817254	385.378002448412
4862.060351	497.607607363861
4862.303460	591.253886437434
4862.546582	646.320513616367
4862.789715	649.926188494565
4863.032861	601.194822566921
4863.276018	511.599513472478
4863.519188	400.579846849731
4863.762370	288.712449320291
4864.005564	191.701036653444
4864.248771	117.476071259015
4864.491989	66.708622508754
4864.735220	35.425836720268
4864.978463	17.972512624042
4865.221718	9.125978339251
4865.464985	5.042539244603
4865.708264	3.323569120586
4865.951556	2.663735971373
4866.194859	2.433761534654
4866.438175	2.362455723962
4866.681503	2.344765637565
4866.924843	2.343883342173
4867.168196	2.348191011391
4867.411560	2.354713157783
4867.654937	2.363476417510
4867.898326	2.375603496309
4868.141727	2.392314485027
4868.385140	2.414012880771
4868.628565	2.439530882047
4868.872003	2.465914004739
4869.115452	2.489003783337
4869.358914	2.504673455555
4869.602388	2.510172096101
4869.845875	2.504935228849
4870.089373	2.490521438455
4870.332884	2.469831463846
4870.576406	2.446102041896
4870.819941	2.422145945686
4871.063488	2.400019011600
4871.307048	2.381010165880
4871.550619	2.365754596312
4871.794203	2.354350846209
4872.037798	2.346475648929
4872.281406	2.341532053241
4872.525027	2.338840467667
4872.768659	2.337851159121
4873.012303	2.338362475069
4873.255960	2.340755022999
4873.499629	2.346250955023
4873.743310	2.357137515943
4873.987003	2.376764135287
4874.230709	2.409011086332
4874.474426	2.456987451298
4874.718156	2.521063273329
4874.961898	2.596928363601
4875.205652	2.674837927751
4875.449419	2.741081345865
4875.693197	2.781747228012
4875.936988	2.787474338137
4876.180791	2.756988599967
4876.424606	2.697602105909
4876.668433	2.622410215867
4876.912273	2.545649124489
4877.156125	2.478456332438
4877.399989	2.426693482794
4877.643865	2.391145590857
4877.887753	2.369255390619
4878.131654	2.357188864064
4878.375566	2.351393708288
4878.619491	2.349456502761
4878.863428	2.350609703120
4879.107377	2.356581477173
4879.351339	2.373708358368
4879.595313	2.417327719921
4879.839298	2.519086921583
4880.083296	2.736238900443
4880.327307	3.158751210035
4880.571329	3.905870212428
4880.815364	5.101888961701
4881.059411	6.825864509064
4881.303470	9.044811571909
4881.547541	11.559161605347
4881.791625	13.999831798667
4882.035720	15.902841356934
4882.279828	16.849340532292
4882.523948	16.615035048589
4882.768081	15.256280759820
4883.012225	13.088147594444
4883.256382	10.565886942529
4883.500551	8.130644951813
4883.744732	6.090249325700
4883.988925	4.575597748428
4884.233131	3.568053376233
4884.477348	2.963317492669
4884.721578	2.634323294701
4884.965821	2.471558917699
4885.210075	2.398120025633
4885.454342	2.367783426091
4885.698620	2.356212948308
4885.942911	2.352040679025
4886.187215	2.350521517513
4886.431530	2.349879564110
4886.675858	2.349520330409
4886.920198	2.349272802924
4887.164550	2.349116186573
4887.408914	2.349114523210
4887.653291	2.349449890888
4887.897680	2.350531721734
4888.142081	2.353198567922
4888.386494	2.359030288877
4888.630919	2.370740254873
4888.875357	2.392496092351
4889.119807	2.429840579282
4889.364269	2.488751903517
4889.608743	2.573511561106
4889.853230	2.683607584177
4890.097729	2.810814105618
4890.342240	2.938288253051
4890.586763	3.043271689386
4890.831298	3.103395482035
4891.075846	3.104367640448
4891.320406	3.045459736195
4891.564978	2.939920868546
4891.809562	2.810053627147
4892.054159	2.679472127300
4892.298768	2.566235153829
4892.543389	2.479491562608
4892.788022	2.420029712408
4893.032668	2.383260862517
4893.277325	2.362628156904
4893.521995	2.352058089641
4893.766677	2.347068397484
4894.011372	2.344854215313
4894.256079	2.343884994658
4894.500798	2.343421385013
4894.745529	2.343144253035
4894.990272	2.342929786412
4895.235028	2.342734656863
4895.479796	2.342545173306
4895.724576	2.342357435404
4895.969368	2.342170438487
4896.214173	2.341983978388
4896.458989	2.341798260874
4896.703819	2.341614331413
4896.948660	2.341435348648
4897.193513	2.341269138977
4897.438379	2.341132584812
4897.683257	2.341058080725
4897.928148	2.341100171718
4898.173050	2.341336997751
4898.417965	2.341885978002
4898.662892	2.342957282685
4898.907831	2.344876848568
4899.152783	2.348102423481
4899.397746	2.353260932693
4899.642722	2.361111644419
4899.887711	2.372348391386
4900.132711	2.387211777618
4900.377724	2.405009676296
4900.622749	2.423798622691
4900.867786	2.440531217164
4901.112836	2.451810935725
4901.357898	2.455055482861
4901.602972	2.449561678154
4901.848058	2.436933618768
4902.093156	2.420648574902
4902.338267	2.404987485014
4902.583390	2.393839232844
4902.828525	2.389825143432
4903.073673	2.393894109936
4903.318833	2.405282453199
4903.564005	2.421707509009
4903.809189	2.439827955723
4904.054386	2.456120590194
4904.299595	2.468199288022
4904.544816	2.476248915598
4904.790049	2.483909374601
4905.035295	2.497906500321
4905.280553	2.526116822277
4905.525823	2.574459896108
4905.771105	2.643740855575
4906.016400	2.727917811295
4906.261707	2.814921781942
4906.507026	2.890044865474
4906.752358	2.940535720205
4906.997701	2.959263829490
4907.243057	2.945818700706
4907.488426	2.904968303484
4907.733806	2.843895014319
4907.979199	2.769973820447
4908.224604	2.689920528762
4908.470022	2.609880925489
4908.715451	2.535492582346
4908.960893	2.471393772270
4909.206347	2.420431815653
4909.451814	2.383194333627
4909.697292	2.358239447530
4909.942783	2.342898479535
4910.188287	2.334219008820
4910.433802	2.329658525237
4910.679330	2.327384083546
4910.924870	2.326253422097
4911.170423	2.325640405858
4911.415987	2.325239801555
4911.661564	2.324918274847
4911.907153	2.324623324347
4912.152755	2.324336238425
4912.398369	2.324051001890
4912.643995	2.323765944431
4912.889633	2.323480767472
4913.135284	2.323195558331
4913.380947	2.322910474878
4913.626622	2.322625653636
4913.872309	2.322341212415
4914.118009	2.322057272681
4914.363721	2.321773796048
4914.609445	2.321490089008
4914.855182	2.321205635420
4915.100931	2.320921534457
4915.346692	2.320639103053
4915.592466	2.320359714153
4915.838251	2.320087780534
4916.084049	2.319837415797
4916.329860	2.319646691282
4916.575682	2.319604717450
4916.821517	2.319894999944
4917.067365	2.320849910663
4917.313224	2.322992411773
4917.559096	2.327017097391
4917.804980	2.333650676177
4918.050876	2.343361038212
4918.296785	2.355968177831
4918.542706	2.370324422863
4918.788639	2.384293514628
4919.034585	2.395186552883
4919.280543	2.400598279725
4919.526513	2.399356959080
4919.772495	2.392252191348
4920.018490	2.382458846381
4920.264497	2.376051471527
4920.510517	2.383402246804
4920.756548	2.422173797285
4921.002592	2.521691397608
4921.248649	2.726602722749
4921.494717	3.095509342160
4921.740798	3.689261104881
4921.986891	4.546250736131
4922.232997	5.649387509899
4922.479115	6.899200993294
4922.725245	8.112646232897
4922.971387	9.060671770529
4923.217542	9.538488093135
4923.463709	9.440920955533
4923.709888	8.806593388503
4923.956080	7.807549562744
4924.202284	6.688745607687
4924.448500	5.686194703130
4924.694729	4.958977032385
4924.940970	4.557765493076
4925.187223	4.432812461165
4925.433488	4.469768405721
4925.679766	4.536569188177
4925.926056	4.526063700950
4926.172359	4.383035917675
4926.418673	4.109869199257
4926.665001	3.752358767325
4926.911340	3.374194992363
4927.157692	3.031931920848
4927.404056	2.759727742002
4927.650432	2.566707766879
4927.896821	2.443593815090
4928.143222	2.372562483179
4928.389635	2.335410273970
4928.636061	2.318004390447
4928.882499	2.311502111820
4929.128949	2.311892091771
4929.375412	2.319265972204
4929.621887	2.337501180027
4929.868374	2.374230319846
4930.114873	2.440318492167
4930.361385	2.547785068753
4930.607909	2.705478355122
4930.854446	2.913060180287
4931.100995	3.155576058593
4931.347556	3.402015663558
4931.594130	3.610483358523
4931.840716	3.739607674382
4932.087314	3.762036502886
4932.333924	3.673928821541
4932.580547	3.495901266203
4932.827182	3.265174144851
4933.073830	3.023004820996
4933.320490	2.803143209505
4933.567162	2.625471044051
4933.813846	2.495692683581
4934.060543	2.409201517137
4934.307253	2.356276560406
4934.553974	2.326398995503
4934.800708	2.310765446929
4935.047454	2.303130483678
4935.294213	2.299600728262
4935.540984	2.298005909488
4935.787767	2.297255120892
4936.034562	2.296852357918
4936.281370	2.296593316442
4936.528190	2.296399800846
4936.775023	2.296238969005
4937.021868	2.296088543728
4937.268725	2.295925613562
4937.515595	2.295727429117
4937.762477	2.295477318062
4938.009371	2.295170439145
4938.256278	2.294815554229
4938.503197	2.294431616592
4938.750128	2.294040893638
4938.997072	2.293662012175
4939.244028	2.293305814213
4939.490996	2.292974968267
4939.737977	2.292666310387
4939.984970	2.292374055564
4940.231975	2.292092371105
4940.478993	2.291816721254
4940.726023	2.291544150862
4940.973066	2.291272991837
4941.220121	2.291002412691
4941.467188	2.290732044614
4941.714267	2.290461740010
4941.961359	2.290191446212
4942.208463	2.289921145601
4942.455580	2.289650833515
4942.702709	2.289380508105
4942.949850	2.289110169600
4943.197004	2.288839817926
4943.444170	2.288569455844
4943.691348	2.288299096221
4943.938539	2.288028806337
4944.185742	2.287758894972
4944.432958	2.287490668782
4944.680186	2.287229154540
4944.927426	2.286991967391
4945.174678	2.286835188996
4945.421943	2.286920678676
4945.669220	2.287670628444
4945.916510	2.290076069639
4946.163812	2.296218295520
4946.411126	2.309973038119
4946.658453	2.337649598061
4946.905792	2.387996650485
4947.153144	2.470788827955
4947.400508	2.593436353662
4947.647884	2.755987358810
4947.895272	2.946367228216
4948.142673	3.138952969189
4948.390087	3.298885809676
4948.637512	3.391920931017
4948.884950	3.396286760834
4949.132401	3.310998238391
4949.379864	3.156339236391
4949.627339	2.966281159237
4949.874826	2.776822706103
4950.122326	2.615795465812
4950.369839	2.497928228867
4950.617363	2.425508819477
4950.864900	2.392315788893
4951.112450	2.387952648746
4951.360012	2.400910165301
4951.607586	2.420266551580
4951.855172	2.436759591883
4952.102771	2.443800831043
4952.350383	2.438348981356
4952.598006	2.421132202669
4952.845642	2.395860020070
4953.093291	2.367613348324
4953.340952	2.341077247317
4953.588625	2.319320889973
4953.836311	2.303460580944
4954.084009	2.293064974206
4954.331719	2.286887478966
4954.579442	2.283530002204
4954.827177	2.281837866579
4955.074925	2.281026835764
4955.322684	2.280650825349
4955.570457	2.280547206738
4955.818242	2.280940518524
4956.066039	2.283135630257
4956.313848	2.292091501024
4956.561670	2.324488110959
4956.809504	2.431115873184
4957.057351	2.751962742764
4957.305210	3.635088227370
4957.553082	5.857449638143
4957.800965	10.965033385791
4958.048862	21.670396002103
4958.296770	42.093052989716
4958.544691	77.458249003646
4958.792625	132.832441449685
4959.040571	210.778525420488
4959.288529	308.506474592767
4959.536499	415.899875180488
4959.784482	516.057503772643
4960.032478	589.174151221304
4960.280486	618.805793654248
4960.528506	597.866199851581
4960.776539	531.376876693546
4961.024584	434.512474718350
4961.272641	326.982598142711
4961.520711	226.582426383916
4961.768793	144.760409808470
4962.016888	85.502597162002
4962.264995	46.977281600075
4962.513114	24.352827359828
4962.761246	12.301580210763
4963.009390	6.462454440523
4963.257547	3.883588163907
4963.505716	2.843790107809
4963.753898	2.460545735013
4964.002091	2.331190996140
4964.250298	2.290996550518
4964.498516	2.279314838935
4964.746748	2.275973281696
4964.994991	2.274875427616
4965.243247	2.274352859799
4965.491515	2.274000076387
4965.739796	2.273734277318
4965.988089	2.273538692257
4966.236395	2.273394628718
4966.484713	2.273264554379
4966.733044	2.273094269817
4966.981386	2.272826719547
4967.229742	2.272421057334
4967.478109	2.271867938590
4967.726489	2.271193179515
4967.974882	2.270447803196
4968.223287	2.269689722511
4968.471704	2.268965998107
4968.720134	2.268302904210
4968.968576	2.267705715329
4969.217031	2.267165225380
4969.465498	2.266666101581
4969.713978	2.266193343275
4969.962469	2.265735514916
4970.210974	2.265285370810
4970.459491	2.264839288117
4970.708020	2.264397091068
4970.956561	2.263964285674
4971.205115	2.263560629769
4971.453682	2.263243282195
4971.702261	2.263159605277
4971.950852	2.263650720218
4972.199456	2.265422218145
4972.448072	2.269766384313
4972.696701	2.278746795561
4972.945342	2.295156794798
4973.193995	2.322004629072
4973.442661	2.361377022870
4973.691339	2.412857756009
4973.940030	2.472145902872
4974.188733	2.530807233340
4974.437449	2.577850581007
4974.686177	2.602950787060
4974.934918	2.600082628977
4975.183671	2.569827115634
4975.432436	2.519144894801
4975.681214	2.458739305035
4975.930004	2.399369271689
4976.178807	2.348838419812
4976.427622	2.310738553880
4976.676450	2.284950816393
4976.925290	2.269125793675
4977.174142	2.260224660465
4977.423007	2.255554004838
4977.671885	2.253185308337
4977.920774	2.251941070880
4978.169677	2.251192525135
4978.418591	2.250641908224
4978.667518	2.250163064889
4978.916458	2.249707898771
4979.165410	2.249259841948
4979.414375	2.248813720992
4979.663352	2.248368069511
4979.912341	2.247922555266
4980.161343	2.247478537787
4980.410357	2.247049026978
4980.659384	2.246668353184
4980.908423	2.246346668124
4981.157475	2.246050708093
4981.406539	2.245758690190
4981.655615	2.245466878236
4981.904704	2.245175174897
4982.153806	2.244884139220
4982.402920	2.244596592395
4982.652046	2.244325513858
4982.901185	2.244125389666
4983.150336	2.244204721225
4983.399500	2.245289773058
4983.648676	2.249678862431
4983.897865	2.263964587667
4984.147066	2.305232848539
4984.396280	2.413325752333
4984.645506	2.671325018411
4984.894744	3.232776619064
4985.143995	4.345492355662
4985.393258	6.349599036577
4985.642534	9.619545762490
4985.891823	14.430237880629
4986.141124	20.765477252077
4986.390437	28.143977217010
4986.639763	35.576172964103
4986.889101	41.740144810969
4987.138452	45.362102993196
4987.387815	45.657046679128
4987.637190	42.618911501935
4987.886578	37.009423769018
4988.135979	30.054937517119
4988.385392	23.013036016910
4988.634818	16.817097433322
4988.884255	11.927882012698
4989.133706	8.389791856957
4989.383169	5.996254181008
4989.632644	4.456516736296
4989.882132	3.502596503823
4990.131632	2.930296689943
4990.381145	2.598711120005
4990.630671	2.414784843203
4990.880208	2.318157999163
4991.129759	2.270523369686
4991.379321	2.248608314495
4991.628897	2.239187623368
4991.878484	2.235345744438
4992.128084	2.233784815834
4992.377697	2.233076436778
4992.627322	2.232659344555
4992.876960	2.232333504172
4993.126610	2.232034264728
4993.376272	2.231742678797
4993.625947	2.231453610105
4993.875635	2.231165506598
4994.125335	2.230877470055
4994.375048	2.230588610027
4994.624773	2.230298108277
4994.874510	2.230005462434
4995.124260	2.229710672182
4995.374022	2.229414237882
4995.623797	2.229116971189
4995.873585	2.228819711056
4996.123385	2.228523084151
4996.373197	2.228227392057
4996.623022	2.227932425339
4996.872859	2.227633572242
4997.122709	2.227303159109
4997.372572	2.226895366522
4997.622447	2.226419826574
4997.872334	2.225923013658
4998.122234	2.225423888536
4998.372146	2.224924675715
4998.622071	2.224425444138
4998.872008	2.223926189686
4999.121958	2.223426913374
4999.371921	2.222927617900
4999.621895	2.222428310811
4999.871883	2.221929003074
5000.121883	2.221429710727
5000.371895	2.220930449998
5000.621920	2.220431233852
5000.871957	2.219932060578
5001.122007	2.219432908646
5001.372069	2.218933732764
5001.622144	2.218434476428
5001.872232	2.217935098646
5002.122331	2.217435657572
5002.372444	2.216936614264
5002.622569	2.216440188030
5002.872706	2.215956369911
5003.122856	2.215528906345
5003.373018	2.215343124038
5003.623193	2.216151276216
5003.873381	2.220846369368
5004.123581	2.239851316583
5004.373793	2.307999129963
5004.624018	2.532369164304
5004.874255	3.213670808286
5005.124505	5.118495455224
5005.374768	10.009766651637
5005.625043	21.517016493514
5005.875330	46.262576900558
5006.125630	94.783497874388
5006.375943	181.285391093553
5006.626268	320.975653224000
5006.876606	524.245172682963
5007.126956	788.635392629469
5007.377318	1091.902264066388
5007.627693	1390.916056411350
5007.878081	1629.845945292429
5008.128481	1756.617147013319
5008.378894	1741.285484834111
5008.629319	1587.514298567557
5008.879757	1331.148635419070
5009.130207	1026.654853861749
5009.380670	728.412336244108
5009.631145	475.590900118726
5009.881633	285.979588904822
5010.132133	158.678836144609
5010.382646	81.659326657639
5010.633172	39.547841499790
5010.883710	18.807124027695
5011.134260	9.793472479713
5011.384823	6.630770325527
5011.635398	6.146273258134
5011.885986	6.749345351963
5012.136587	7.635502601207
5012.387200	8.358215381105
5012.637826	8.662098391068
5012.888464	8.445801710319
5013.139115	7.753320632379
5013.389778	6.741457946688
5013.640454	5.618134270771
5013.891142	4.575545182778
5014.141843	3.746847288279
5014.392556	3.200580249606
5014.643282	2.967266335794
5014.894020	3.078455291280
5015.144771	3.595274215843
5015.395535	4.608124885068
5015.646311	6.198625649965
5015.897100	8.370635714062
5016.147901	10.977313736272
5016.398714	13.686921340558
5016.649540	16.025547171371
5016.900379	17.502456250381
5017.151231	17.775100903726
5017.402094	16.777562148989
5017.652971	14.746267105816
5017.903860	12.128994182399
5018.154761	9.424941184275
5018.405675	7.033530811372
5018.656602	5.172635672591
5018.907541	3.880463907488
5019.158492	3.073717258245
5019.409457	2.619715062919
5019.660433	2.390969089172
5019.911423	2.291586158268
5020.162425	2.260798853839
5020.413439	2.264682027213
5020.664466	2.285278663480
5020.915505	2.312092708138
5021.166557	2.337390601030
5021.417622	2.354811267896
5021.668699	2.359951067188
5021.919789	2.351417553488
5022.170891	2.331175559907
5022.422006	2.303725287042
5022.673133	2.274446804740
5022.924273	2.247899010755
5023.175426	2.226782063540
5023.426591	2.211808899939
5023.677768	2.202253590636
5023.928959	2.196727541624
5024.180161	2.193812015503
5024.431377	2.192394898553
5024.682605	2.191747304722
5024.933845	2.191455568790
5025.185098	2.191312660518
5025.436363	2.191226230754
5025.687642	2.191159325834
5025.938932	2.191098677629
5026.190235	2.191040150352
5026.441551	2.190982978500
5026.692880	2.190927898682
5026.944220	2.190876791879
5027.195574	2.190832739500
5027.446940	2.190799866885
5027.698319	2.190782511302
5027.949710	2.190783500287
5028.201114	2.190801854042
5028.452530	2.190830918326
5028.703959	2.190858321772
5028.955400	2.190868722633
5029.206854	2.190848977451
5029.458321	2.190793814600
5029.709800	2.190709475875
5029.961292	2.190613876538
5030.212796	2.190532975544
5030.464313	2.190488792640
5030.715843	2.190508638820
5030.967385	2.190748435909
5031.218940	2.191626700466
5031.470507	2.193936225255
5031.722087	2.199074632593
5031.973679	2.209242621653
5032.225284	2.227369054599
5032.476902	2.256533144959
5032.728532	2.298769390167
5032.980174	2.353484930419
5033.231830	2.416160459006
5033.483498	2.478238375497
5033.735178	2.528783352877
5033.986871	2.557634318802
5034.238577	2.558807055106
5034.490295	2.532550131837
5034.742026	2.485062331507
5034.993769	2.426096950288
5035.245525	2.365714408911
5035.497294	2.311642902768
5035.749075	2.268099001514
5036.000869	2.236034622460
5036.252675	2.214199315491
5036.504494	2.200332860367
5036.756325	2.192063471028
5037.008170	2.187400314589
5037.260026	2.184901623604
5037.511896	2.183657652331
5037.763777	2.183205605430
5038.015672	2.183447420236
5038.267579	2.184592812130
5038.519499	2.187106327143
5038.771431	2.191604903430
5039.023376	2.198650845707
5039.275333	2.208432710763
5039.527303	2.220421796529
5039.779286	2.233183458880
5040.031281	2.244531551791
5040.283289	2.252083186955
5040.535310	2.254044803701
5040.787343	2.249879864160
5041.039388	2.240520433767
5041.291447	2.228013728613
5041.543517	2.214797235144
5041.795601	2.202977321429
5042.047697	2.193938829939
5042.299806	2.188400762445
5042.551927	2.186801937836
5042.804061	2.189763584263
5043.056207	2.198352454477
5043.308367	2.213927384510
5043.560538	2.237490449627
5043.812723	2.268691206193
5044.064920	2.304913661343
5044.317129	2.341041460313
5044.569351	2.370348051753
5044.821586	2.386429078422
5045.073833	2.385440547293
5045.326093	2.367578459042
5045.578366	2.337044334385
5045.830651	2.300560420985
5046.082949	2.265293409444
5046.335260	2.237313053967
5046.587583	2.221309888378
5046.839918	2.221521800298
5047.092267	2.243093334154
5047.344628	2.292713193482
5047.597001	2.377505121649
5047.849387	2.501862728632
5048.101786	2.663182434817
5048.354197	2.848727243506
5048.606621	3.036227025780
5048.859058	3.199389841022
5049.111507	3.316580376329
5049.363969	3.378278810130
5049.616444	3.388861252221
5049.868931	3.361448969765
5050.121431	3.309096236577
5050.373943	3.238051067584
5050.626468	3.147173753746
5050.879006	3.033092882736
5051.131556	2.896790095301
5051.384119	2.746878301075
5051.636694	2.597725679459
5051.889282	2.464221328297
5052.141883	2.356686629229
5052.394497	2.278546020549
5052.647123	2.227156743584
5052.899761	2.196460753057
5053.152413	2.179733714388
5053.405077	2.171358840225
5053.657753	2.167448644214
5053.910442	2.165685506991
5054.163144	2.164855380759
5054.415859	2.164392798430
5054.668586	2.164061790721
5054.921326	2.163773662641
5055.174078	2.163498270951
5055.426843	2.163226326851
5055.679621	2.162955228195
5055.932411	2.162684312062
5056.185214	2.162413423867
5056.438029	2.162142531322
5056.690858	2.161871627952
5056.943699	2.161600713826
5057.196552	2.161329793147
5057.449418	2.161058885838
5057.702297	2.160788060247
5057.955188	2.160517530925
5058.208093	2.160247897731
5058.461009	2.159980678266
5058.713939	2.159719324138
5058.966881	2.159470862032
5059.219835	2.159247971469
5059.472803	2.159070623680
5059.725783	2.158965500451
5059.978775	2.158960948454
5060.231780	2.159076211823
5060.484798	2.159306717016
5060.737829	2.159611394156
5060.990872	2.159910543213
5061.243928	2.160100468884
5061.496997	2.160083264413
5061.750078	2.159800615220
5062.003172	2.159255902441
5062.256278	2.158513463619
5062.509397	2.157675658219
5062.762529	2.156849582531
5063.015673	2.156118854420
5063.268831	2.155530219072
5063.522000	2.155095006578
5063.775183	2.154798484039
5064.028378	2.154609879014
5064.281586	2.154489958433
5064.534806	2.154393300647
5064.788039	2.154270485316
5065.041285	2.154080813494
5065.294543	2.153803707660
5065.547814	2.153442134886
5065.801098	2.153019312493
5066.054394	2.152569274566
5066.307703	2.152125169759
5066.561025	2.151710323642
5066.814360	2.151334920353
5067.067707	2.150997940508
5067.321066	2.150691823902
5067.574439	2.150407124126
5067.827824	2.150135553771
5068.081221	2.149871185478
5068.334632	2.149610382468
5068.588055	2.149351199551
5068.841491	2.149092795010
5069.094939	2.148835253368
5069.348400	2.148580517341
5069.601874	2.148336676541
5069.855360	2.148132423455
5070.108859	2.148059701519
5070.362371	2.148385505618
5070.615896	2.149810619774
5070.869433	2.153990945156
5071.122983	2.164428339003
5071.376545	2.187694369921
5071.630120	2.234580439863
5071.883708	2.320215034980
5072.137309	2.461765888876
5072.390922	2.672686016950
5072.644548	2.954052345441
5072.898186	3.286144672632
5073.151838	3.625407929273
5073.405502	3.911273226482
5073.659178	4.082969480846
5073.912867	4.100379557437
5074.166569	3.959234905523
5074.420284	3.692800398675
5074.674011	3.359169883506
5074.927751	3.020808104224
5075.181504	2.726204055623
5075.435270	2.500757119974
5075.689048	2.348044600630
5075.942839	2.257590044127
5076.196642	2.213723812301
5076.450458	2.201738799976
5076.704287	2.210263028173
5076.958129	2.230844547559
5077.211983	2.256505903565
5077.465850	2.280749172926
5077.719729	2.297679312054
5077.973622	2.303036114331
5078.227527	2.295338102530
5078.481445	2.276288143542
5078.735375	2.250061237956
5078.989318	2.221766485183
5079.243274	2.195817210571
5079.497242	2.174896933239
5079.751224	2.159789489850
5080.005218	2.149875997639
5080.259224	2.143873109006
5080.513243	2.140446457343
5080.767275	2.138541093172
5081.021320	2.137458204625
5081.275378	2.136790878202
5081.529448	2.136326193435
5081.783531	2.135963216661
5082.037626	2.135658900646
5082.291734	2.135410429231
5082.545855	2.135273957706
5082.799989	2.135436539862
5083.054135	2.136386214979
5083.308294	2.139243978892
5083.562466	2.146302852073
5083.816651	2.161711068752
5084.070848	2.192002923820
5084.325058	2.245873962568
5084.579280	2.332450192929
5084.833516	2.457649544290
5085.087764	2.619299392814
5085.342024	2.803086720428
5085.596298	2.982223986279
5085.850584	3.122777340126
5086.104883	3.193834828897
5086.359194	3.178498274147
5086.613519	3.080377235777
5086.867856	2.922187127103
5087.122206	2.737187820679
5087.376568	2.557870628743
5087.630943	2.407106012123
5087.885331	2.294801307641
5088.139732	2.219807153336
5088.394145	2.174570971058
5088.648571	2.149774962691
5088.903010	2.137340167135
5089.157461	2.131569467088
5089.411926	2.129026671673
5089.666403	2.127896343060
5089.920892	2.127326732719
5090.175395	2.126959843569
5090.429910	2.126659982356
5090.684438	2.126380500225
5090.938978	2.126106759012
5091.193532	2.125834529812
5091.448098	2.125562674451
5091.702676	2.125290901586
5091.957268	2.125019139044
5092.211872	2.124747368831
5092.466489	2.124475586619
5092.721119	2.124203791017
5092.975761	2.123931982136
5093.230416	2.123660159474
5093.485084	2.123388323413
5093.739765	2.123116473615
5093.994458	2.122844610384
5094.249164	2.122572733376
5094.503883	2.122300842954
5094.758615	2.122028938729
5095.013359	2.121757021161
5095.268116	2.121485089745
5095.522886	2.121213144954
5095.777668	2.120941186389
5096.032464	2.120669214372
5096.287272	2.120397228581
5096.542092	2.120125229388
5096.796926	2.119853216404
5097.051772	2.119581189988
5097.306631	2.119309150268
5097.561503	2.119037137200
5097.816387	2.118765862504
5098.071284	2.118499246426
5098.326194	2.118242852899
5098.581117	2.117994549603
5098.836052	2.117748534625
5099.091001	2.117502734228
5099.345962	2.117256930561
5099.600935	2.117011120134
5099.855922	2.116765307066
5100.110921	2.116519498135
5100.365933	2.116273700486
5100.620957	2.116027920812
5100.875995	2.115782159826
5101.131045	2.115536410300
5101.386108	2.115290653863
5101.641184	2.115044864758
5101.896272	2.114799015540
5102.151373	2.114553087708
5102.406487	2.114307077104
5102.661614	2.114060997157
5102.916753	2.113814872258
5103.171906	2.113568730379
5103.427071	2.113322593588
5103.682248	2.113076474915
5103.937439	2.112830378299
5104.192642	2.112584305255
5104.447858	2.112338263445
5104.703087	2.112092284382
5104.958328	2.111846459014
5105.213583	2.111601033139
5105.468850	2.111356671163
5105.724129	2.111115176401
5105.979422	2.110881292313
5106.234727	2.110666725585
5106.490046	2.110497926547
5106.745376	2.110428692516
5107.000720	2.110556058437
5107.256077	2.111032365951
5107.511446	2.112059327640
5107.766828	2.113846613229
5108.022222	2.116526377391
5108.277630	2.120040125516
5108.533050	2.124047661259
5108.788483	2.127925620367
5109.043929	2.130902382762
5109.299388	2.132316054182
5109.554859	2.131921012702
5109.810343	2.130160732686
5110.065840	2.128393703065
5110.321350	2.129158183313
5110.576872	2.136578738873
5110.832407	2.156847185737
5111.087955	2.198356604900
5111.343516	2.270721886734
5111.599090	2.381970856570
5111.854676	2.533961632997
5112.110275	2.717521232853
5112.365887	2.910081920636
5112.621512	3.078539012027
5112.877149	3.187914612986
5113.132799	3.213021457379
5113.388463	3.147843615717
5113.644138	3.007845662909
5113.899827	2.823994830855
5114.155528	2.631634151910
5114.411242	2.459656188039
5114.666969	2.324374175080
5114.922709	2.229300965536
5115.178462	2.169044254857
5115.434227	2.134366469315
5115.690005	2.116130950293
5115.945796	2.107295428366
5116.201600	2.103287719557
5116.457416	2.101523411877
5116.713245	2.100707490509
5116.969087	2.100257954843
5117.224942	2.099938284710
5117.480810	2.099660986571
5117.736690	2.099396432459
5117.992584	2.099135392336
5118.248490	2.098875216313
5118.504409	2.098615219849
5118.760340	2.098355271970
5119.016285	2.098095395917
5119.272242	2.097835656434
5119.528212	2.097576125211
5119.784195	2.097316859323
5120.040190	2.097057879917
5120.296199	2.096799144444
5120.552220	2.096540525882
5120.808254	2.096281811895
5121.064301	2.096022744611
5121.320360	2.095763092473
5121.576433	2.095502733656
5121.832518	2.095241704327
5122.088616	2.094980190715
5122.344727	2.094718461521
5122.600850	2.094456780190
5122.856987	2.094195332107
5123.113136	2.093934198003
5123.369298	2.093673367319
5123.625473	2.093412776981
5123.881661	2.093152348180
5124.137861	2.092892012859
5124.394074	2.092631722066
5124.650301	2.092371446649
5124.906540	2.092111170490
5125.162791	2.091850886435
5125.419056	2.091590591009
5125.675333	2.091330283303
5125.931623	2.091069962573
5126.187926	2.090809629116
5126.444242	2.090549282399
5126.700571	2.090288922884
5126.956912	2.090028550180
5127.213266	2.089768164626
5127.469634	2.089507765884
5127.726013	2.089247354360
5127.982406	2.088986929596
5128.238812	2.088726492012
5128.495230	2.088466041265
5128.751661	2.088205577647
5129.008105	2.087945100893
5129.264562	2.087684611339
5129.521032	2.087424108551
5129.777514	2.087163592911
5130.034009	2.086903064175
5130.290517	2.086642523099
5130.547038	2.086381970494
5130.803572	2.086121409780
5131.060119	2.085860847842
5131.316678	2.085600300618
5131.573250	2.085339798416
5131.829836	2.085079419760
5132.086433	2.084819478722
5132.343044	2.084560665426
5132.599668	2.084303207690
5132.856304	2.084046613862
5133.112953	2.083790665629
5133.369615	2.083535653947
5133.626290	2.083282498378
5133.882978	2.083033283864
5134.139679	2.082791940427
5134.396392	2.082564651105
5134.653118	2.082359364209
5134.909857	2.082183802601
5135.166609	2.082041861940
5135.423374	2.081929357744
5135.680152	2.081831220282
5135.936942	2.081722546859
5136.193745	2.081574634769
5136.450561	2.081364500350
5136.707390	2.081083900496
5136.964232	2.080743395126
5137.221087	2.080369111871
5137.477954	2.079993492511
5137.734835	2.079644098476
5137.991728	2.079335099291
5138.248634	2.079064390249
5138.505553	2.078816714662
5138.762484	2.078570926899
5139.019429	2.078308312294
5139.276386	2.078018822396
5139.533356	2.077703180743
5139.790340	2.077370661335
5140.047336	2.077034195249
5140.304344	2.076705320256
5140.561366	2.076391032500
5140.818400	2.076093226143
5141.075448	2.075810110185
5141.332508	2.075538430541
5141.589581	2.075275590334
5141.846667	2.075021368249
5142.103766	2.074779385880
5142.360877	2.074558403383
5142.618002	2.074372963405
5142.875139	2.074242136455
5143.132289	2.074184847945
5143.389452	2.074211252984
5143.646628	2.074312128887
5143.903817	2.074451257275
5144.161019	2.074566894327
5144.418233	2.074585610019
5144.675460	2.074445294210
5144.932701	2.074117702220
5145.189954	2.073619400742
5145.447220	2.073005321786
5145.704498	2.072348379687
5145.961790	2.071715496094
5146.219095	2.071150818183
5146.476412	2.070671403763
5146.733742	2.070273796566
5146.991085	2.069945896298
5147.248441	2.069678534356
5147.505810	2.069473322723
5147.763192	2.069345194625
5148.020587	2.069318645726
5148.277994	2.069417034962
5148.535414	2.069646200968
5148.792848	2.069977511254
5149.050294	2.070338996152
5149.307753	2.070622455001
5149.565224	2.070711675580
5149.822709	2.070525651926
5150.080207	2.070047562934
5150.337717	2.069328427641
5150.595240	2.068469310278
5150.852777	2.067586570802
5151.110326	2.066776714679
5151.367888	2.066095988570
5151.625463	2.065558824977
5151.883050	2.065149323028
5152.140651	2.064836217854
5152.398264	2.064584345315
5152.655891	2.064360751074
5152.913530	2.064137364721
5153.171182	2.063892863321
5153.428847	2.063614753317
5153.686525	2.063300779740
5153.944216	2.062958188423
5154.201919	2.062600348985
5154.459636	2.062241885036
5154.717365	2.061894365195
5154.975108	2.061564354924
5155.232863	2.061254844234
5155.490631	2.060971544669
5155.748412	2.060739933221
5156.006206	2.060652072916
5156.264012	2.060993427257
5156.521832	2.062564179308
5156.779665	2.067421811837
5157.037510	2.080420012717
5157.295368	2.112012319606
5157.553240	2.182584192883
5157.811124	2.327709616185
5158.069021	2.601924131555
5158.326931	3.076334462395
5158.584853	3.824265279024
5158.842789	4.891935738586
5159.100738	6.259285408620
5159.358699	7.807348239963
5159.616674	9.315059746520
5159.874661	10.501709736468
5160.132661	11.109356138397
5160.390674	10.993554477833
5160.648700	10.179025924453
5160.906739	8.850985134790
5161.164791	7.286368738794
5161.422855	5.759911693116
5161.680933	4.468577003042
5161.939024	3.501007545019
5162.197127	2.851445184186
5162.455243	2.458026082566
5162.713372	2.242148317758
5162.971515	2.134680984080
5163.229670	2.086430905854
5163.487838	2.067594517839
5163.746018	2.062436937265
5164.004212	2.063574897672
5164.262419	2.067737507805
5164.520638	2.073244985497
5164.778871	2.078809389033
5165.037116	2.083193658047
5165.295375	2.085347147154
5165.553646	2.084700091381
5165.811930	2.081360514071
5166.070227	2.076069573987
5166.328537	2.069929684000
5166.586860	2.064043912015
5166.845196	2.059217359834
5167.103544	2.055831166673
5167.361906	2.053908358375
5167.620281	2.053256860775
5167.878668	2.053610823317
5168.137068	2.054745031648
5168.395482	2.056552165054
5168.653908	2.059072966556
5168.912347	2.062453953796
5169.170799	2.066812267835
5169.429264	2.072034560896
5169.687742	2.077605971386
5169.946233	2.082596500358
5170.204737	2.085877519209
5170.463254	2.086511435163
5170.721783	2.084134880377
5170.980326	2.079134627987
5171.238881	2.072522586933
5171.497450	2.065583670661
5171.756031	2.059481582715
5172.014625	2.054996921196
5172.273232	2.052462942735
5172.531853	2.051845508989
5172.790486	2.052860832447
5173.049132	2.055053756159
5173.307790	2.057831373604
5173.566462	2.060502198284
5173.825147	2.062372900826
5174.083845	2.062904451030
5174.342556	2.061867758474
5174.601279	2.059414632652
5174.860016	2.056015228675
5175.118765	2.052285793548
5175.377528	2.048788207888
5175.636303	2.045888612723
5175.895091	2.043718142112
5176.153892	2.042221486748
5176.412707	2.041244917688
5176.671534	2.040616465822
5176.930374	2.040193912188
5177.189227	2.039880140170
5177.448093	2.039618058957
5177.706971	2.039378170402
5177.965863	2.039146917176
5178.224768	2.038918716372
5178.483686	2.038691502583
5178.742616	2.038464609466
5179.001560	2.038237928271
5179.260517	2.038011751796
5179.519486	2.037787184349
5179.778469	2.037567522508
5180.037464	2.037361657014
5180.296472	2.037191310231
5180.555494	2.037104234189
5180.814528	2.037194073857
5181.073575	2.037622756345
5181.332635	2.038632537709
5181.591708	2.040526125361
5181.850794	2.043593684976
5182.109893	2.047986379530
5182.369005	2.053577435903
5182.628130	2.059894391780
5182.887268	2.066211428458
5183.146419	2.071832957240
5183.405583	2.076493755022
5183.664760	2.080711117926
5183.923949	2.085920470060
5184.183152	2.094308173337
5184.442368	2.108322444934
5184.701596	2.129918146468
5184.960838	2.159655078922
5185.220092	2.195844656907
5185.479360	2.234115365939
5185.738640	2.267859749148
5185.997934	2.289787113975
5186.257240	2.294227329208
5186.516559	2.279237959585
5186.775892	2.247449706338
5187.035237	2.205158843453
5187.294595	2.160101920537
5187.553966	2.119011273234
5187.813351	2.086013815482
5188.072748	2.062323013316
5188.332158	2.046962328204
5188.591581	2.037888449682
5188.851017	2.032950694684
5189.110466	2.030428885720
5189.369928	2.029180570453
5189.629403	2.028564567522
5189.888891	2.028307377746
5190.148392	2.028417737874
5190.407906	2.029194629282
5190.667433	2.031329021328
5190.926973	2.036052428943
5191.186525	2.045218523895
5191.446091	2.061136692692
5191.705670	2.085973782916
5191.965262	2.120692074999
5192.224867	2.163807657780
5192.484484	2.210597617794
5192.744115	2.253462331414
5193.003759	2.283746979838
5193.263415	2.294527826467
5193.523085	2.283157845387
5193.782768	2.252296783600
5194.042463	2.208878048177
5194.302172	2.161561534402
5194.561894	2.117948069273
5194.821628	2.082767170007
5195.081376	2.057544698820
5195.341136	2.041487798470
5195.600910	2.032981667386
5195.860696	2.031297326369
5196.120496	2.038637068802
5196.380308	2.063115864870
5196.640134	2.123284684040
5196.899972	2.253901772129
5197.159824	2.510609680959
5197.419688	2.968449786160
5197.679566	3.707730498594
5197.939456	4.783576036736
5198.199360	6.184589907073
5198.459276	7.798534263860
5198.719206	9.410612559231
5198.979148	10.752559112255
5199.239104	11.596426083616
5199.499072	11.856743286151
5199.759054	11.648940531681
5200.019048	11.264862583271
5200.279056	11.064037346387
5200.539076	11.322163541727
5200.799109	12.102818654257
5201.059156	13.212250408217
5201.319215	14.262657037475
5201.579288	14.820670368240
5201.839373	14.576920011424
5202.099472	13.460966560209
5202.359583	11.652943136174
5202.619708	9.496045221324
5202.879845	7.361241729577
5203.139996	5.530372226015
5203.400159	4.141074955565
5203.660336	3.197369642682
5203.920525	2.619406111293
5204.180728	2.298731707034
5204.440943	2.136988340469
5204.701172	2.062608875818
5204.961413	2.031318752091
5205.221668	2.019200981500
5205.481936	2.014808449574
5205.742216	2.013242551823
5206.002510	2.012617812073
5206.262816	2.012278678544
5206.523136	2.012018635143
5206.783469	2.011778592557
5207.043814	2.011543167004
5207.304173	2.011308709421
5207.564545	2.011074429455
5207.824930	2.010840171318
5208.085327	2.010605906457
5208.345738	2.010371630558
5208.606162	2.010137342714
5208.866599	2.009903043314
5209.127049	2.009668732061
5209.387511	2.009434409479
5209.647987	2.009200075087
5209.908476	2.008965729391
5210.168978	2.008731371842
5210.429493	2.008497002865
5210.690021	2.008262621961
5210.950562	2.008028229628
5211.211116	2.007793825331
5211.471683	2.007559409552
5211.732263	2.007324981840
5211.992856	2.007090542637
5212.253463	2.006856091512
5212.514082	2.006621628770
5212.774714	2.006387154193
5213.035359	2.006152668089
5213.296018	2.005918170006
5213.556689	2.005683660425
5213.817373	2.005449138964
5214.078071	2.005214605921
5214.338781	2.004980060976
5214.599504	2.004745504495
5214.860241	2.004510936086
5215.120991	2.004276356163
5215.381753	2.004041764315
5215.642529	2.003807160996
5215.903317	2.003572546215
5216.164119	2.003337922490
5216.424934	2.003103300378
5216.685762	2.002868730628
5216.946602	2.002634426412
5217.207456	2.002401211855
5217.468323	2.002171979619
5217.729203	2.001955963766
5217.990096	2.001779890277
5218.251002	2.001713734639
5218.511921	2.001922326270
5218.772853	2.002752271453
5219.033798	2.004850327765
5219.294757	2.009273385246
5219.555728	2.017494115637
5219.816712	2.031168385199
5220.077710	2.051567712187
5220.338720	2.078737455073
5220.599743	2.110693448885
5220.860780	2.143156637864
5221.121829	2.170248559143
5221.382892	2.186140486277
5221.643968	2.187063248004
5221.905056	2.172737105948
5222.166158	2.146481309114
5222.427273	2.113945820374
5222.688401	2.081124948499
5222.949542	2.052603796372
5223.210696	2.030707228567
5223.471863	2.015643594836
5223.733043	2.006263374680
5223.994236	2.000921763375
5224.255443	1.998096437507
5224.516662	1.996665244007
5224.777894	1.995926839693
5225.039140	1.995498961791
5225.300398	1.995197127108
5225.561670	1.994941753490
5225.822954	1.994701963910
5226.084252	1.994466935440
5226.345563	1.994233229096
5226.606887	1.993999852235
5226.868223	1.993766543379
5227.129573	1.993533240208
5227.390936	1.993299928571
5227.652312	1.993066606097
5227.913702	1.992833271897
5228.175104	1.992599926203
5228.436519	1.992366568696
5228.697947	1.992133199635
5228.959389	1.991899818811
5229.220843	1.991666426480
5229.482311	1.991433022486
5229.743792	1.991199607853
5230.005285	1.990966186197
5230.266792	1.990732776373
5230.528312	1.990499459164
5230.789845	1.990266556984
5231.051391	1.990035236455
5231.312950	1.989809341105
5231.574522	1.989600354827
5231.836108	1.989439328001
5232.097706	1.989401938642
5232.359317	1.989653581782
5232.620942	1.990515948089
5232.882579	1.992539181665
5233.144230	1.996533702812
5233.405894	2.003485888813
5233.667571	2.014284878511
5233.929261	2.029257562923
5234.190964	2.047649086901
5234.452680	2.067324356873
5234.714409	2.084983895501
5234.976151	2.096993237347
5235.237907	2.100581004388
5235.499675	2.094876886819
5235.761457	2.081264863272
5236.023251	2.062864593148
5236.285059	2.043413454873
5236.546880	2.026104273603
5236.808714	2.012865939191
5237.070561	2.004254497970
5237.332421	1.999792999225
5237.594294	1.998454577586
5237.856180	1.999051005234
5238.118079	2.000454238829
5238.379992	2.001707193854
5238.641917	2.002104708859
5238.903856	2.001271761019
5239.165808	1.999203672469
5239.427773	1.996220096442
5239.689751	1.992826959130
5239.951742	1.989536786691
5240.213746	1.986722018243
5240.475763	1.984551835963
5240.737793	1.983014415664
5240.999837	1.981988257139
5241.261893	1.981317920597
5241.523963	1.980865587662
5241.786046	1.980532281737
5242.048142	1.980257332814
5242.310250	1.980008206155
5242.572373	1.979769426086
5242.834508	1.979534407254
5243.096656	1.979300627371
5243.358817	1.979067214004
5243.620992	1.978833893159
5243.883179	1.978600587128
5244.145380	1.978367275329
5244.407594	1.978133953687
5244.669821	1.977900621357
5244.932061	1.977667280903
5245.194314	1.977433939151
5245.456580	1.977200616037
5245.718860	1.976967359603
5245.981152	1.976734277371
5246.243458	1.976501580436
5246.505777	1.976269636554
5246.768109	1.976038997034
5247.030453	1.975810351172
5247.292812	1.975584349260
5247.555183	1.975361288557
5247.817567	1.975140740752
5248.079965	1.974921311838
5248.342375	1.974700742101
5248.604799	1.974476444587
5248.867236	1.974246334029
5249.129685	1.974009593452
5249.392149	1.973766990824
5249.654625	1.973520581840
5249.917114	1.973272951969
5250.179616	1.973026383125
5250.442132	1.972782300991
5250.704661	1.972541161731
5250.967202	1.972302684429
5251.229757	1.972066223421
5251.492325	1.971831086224
5251.754907	1.971596715716
5252.017501	1.971362738523
5252.280108	1.971128939696
5252.542729	1.970895209254
5252.805363	1.970661485622
5253.068009	1.970427547729
5253.330669	1.970192387981
5253.593342	1.969954772572
5253.856029	1.969715365867
5254.118728	1.969475483176
5254.381441	1.969235547107
5254.644166	1.968995598000
5254.906905	1.968755637438
5255.169657	1.968515665830
5255.432422	1.968275684961
5255.695200	1.968035697641
5255.957992	1.967795709581
5256.220796	1.967555729009
5256.483614	1.967315767241
5256.746444	1.967075835379
5257.009288	1.966835940699
5257.272145	1.966596081565
5257.535015	1.966356254830
5257.797899	1.966116511753
5258.060795	1.965877231212
5258.323705	1.965640248840
5258.586628	1.965413148813
5258.849564	1.965224046600
5259.112513	1.965167507144
5259.375475	1.965532207289
5259.638450	1.967116079398
5259.901439	1.971909319709
5260.164440	1.984368976417
5260.427455	2.013395598644
5260.690483	2.074666674673
5260.953524	2.192104041877
5261.216578	2.396235305144
5261.479646	2.716974306574
5261.742726	3.170023377099
5262.005820	3.740162770707
5262.268927	4.369370113645
5262.532047	4.959462164060
5262.795180	5.394295336914
5263.058326	5.576286012866
5263.321486	5.461901971942
5263.584659	5.078527632315
5263.847844	4.513812684414
5264.111043	3.883130144893
5264.374256	3.291640518042
5264.637481	2.807774365388
5264.900719	2.456119401349
5265.163971	2.226711068802
5265.427236	2.091494784962
5265.690514	2.019154892526
5265.953805	1.983885373989
5266.217109	1.968136646349
5266.480426	1.961640430640
5266.743757	1.959132869200
5267.007101	1.958260947538
5267.270458	1.958211069182
5267.533828	1.959072138804
5267.797211	1.961843740801
5268.060608	1.969192708361
5268.324017	1.987484419949
5268.587440	2.031232957157
5268.850876	2.131692806596
5269.114325	2.351039135104
5269.377787	2.801007424870
5269.641263	3.658622941624
5269.904751	5.162944220577
5270.168253	7.571280849775
5270.431768	11.061521448405
5270.695296	15.595291019916
5270.958838	20.797714942025
5271.222392	25.935309951194
5271.485960	30.052932714970
5271.749541	32.254850470156
5272.013135	32.022386630650
5272.276742	29.416223029512
5272.540363	25.057581779312
5272.803996	19.897974851083
5273.067643	14.894929444730
5273.331303	10.743319124729
5273.594976	7.756851012373
5273.858663	5.903082553119
5274.122362	4.929370422059
5274.386075	4.504492401679
5274.649801	4.326842180001
5274.913540	4.183526405826
5275.177292	3.965839063636
5275.441058	3.653869930615
5275.704836	3.284074223915
5275.968628	2.913243575530
5276.232433	2.590167829764
5276.496251	2.341245755462
5276.760083	2.169704363460
5277.023927	2.063185095456
5277.287785	2.003289772169
5277.551656	1.972696943683
5277.815540	1.958499171033
5278.079438	1.952564068886
5278.343348	1.950425641047
5278.607272	1.949898914059
5278.871209	1.950003708390
5279.135159	1.950318236618
5279.399122	1.950667524496
5279.663099	1.951005589308
5279.927089	1.951376147319
5280.191092	1.951878772038
5280.455108	1.952609882684
5280.719137	1.953586905544
5280.983180	1.954691559469
5281.247235	1.955672042490
5281.511304	1.956219158921
5281.775387	1.956090005195
5282.039482	1.955221092066
5282.303591	1.953773587889
5282.567712	1.952087602923
5282.831847	1.950567910111
5283.095996	1.949551372113
5283.360157	1.949205181738
5283.624332	1.949484293570
5283.888519	1.950153800803
5284.152720	1.950866024967
5284.416935	1.951269664502
5284.681162	1.951117316094
5284.945403	1.950333890459
5285.209657	1.949020918456
5285.473924	1.947399423247
5285.738204	1.945721570987
5286.002498	1.944191701138
5286.266804	1.942924968298
5286.531124	1.941947949984
5286.795457	1.941226190938
5287.059804	1.940698140838
5287.324163	1.940301105648
5287.588536	1.939984651125
5287.852922	1.939713867502
5288.117321	1.939467232131
5288.381734	1.939233257110
5288.646160	1.939007210319
5288.910599	1.938786172075
5289.175051	1.938567098651
5289.439516	1.938348503926
5289.703995	1.938130025255
5289.968486	1.937911574897
5290.232992	1.937693127124
5290.497510	1.937474674560
5290.762041	1.937256215864
5291.026586	1.937037749857
5291.291144	1.936819275086
5291.555715	1.936600788495
5291.820300	1.936382287215
5292.084897	1.936163768724
5292.349508	1.935945232684
5292.614132	1.935726680784
5292.878769	1.935508118425
5293.143420	1.935289558022
5293.408084	1.935071041669
5293.672761	1.934852720854
5293.937451	1.934635134722
5294.202155	1.934420065511
5294.466871	1.934212956144
5294.731601	1.934029041995
5294.996344	1.933907190306
5295.261101	1.933937169632
5295.525871	1.934305207854
5295.790653	1.935354767705
5296.055450	1.937640252749
5296.320259	1.941923965042
5296.585082	1.949047894248
5296.849917	1.959633761840
5297.114767	1.973648898058
5297.379629	1.990005060746
5297.644505	2.006447560224
5297.909393	2.019942765824
5298.174296	2.027543565951
5298.439211	2.027413791839
5298.704139	2.019528040645
5298.969081	2.005682915672
5299.234036	1.988813837414
5299.499005	1.971971535598
5299.763986	1.957444362062
5300.028981	1.946354205601
5300.293989	1.938755578061
5300.559010	1.934033870997
5300.824045	1.931342487703
5301.089093	1.929908053982
5301.354154	1.929162917406
5301.619228	1.928751846616
5301.884316	1.928482199216
5302.149417	1.928267659859
5302.414531	1.928086365849
5302.679658	1.927953922532
5302.944799	1.927903911778
5303.209953	1.927969226902
5303.475120	1.928162341653
5303.740300	1.928458325355
5304.005494	1.928788269431
5304.270701	1.929050051208
5304.535921	1.929136659021
5304.801154	1.928972443670
5305.066401	1.928541039317
5305.331661	1.927891019198
5305.596934	1.927116489526
5305.862221	1.926322006551
5306.127520	1.925586964743
5306.392833	1.924951085988
5306.658160	1.924426187214
5306.923499	1.924001730311
5307.188852	1.923651709332
5307.454218	1.923349016978
5307.719597	1.923072962988
5307.984990	1.922810337560
5308.250396	1.922553812910
5308.515815	1.922299797601
5308.781248	1.922046723478
5309.046693	1.921793975709
5309.312152	1.921541336483
5309.577624	1.921288730315
5309.843110	1.921036124989
5310.108609	1.920783496669
5310.374121	1.920530824694
5310.639646	1.920278093690
5310.905185	1.920025299754
5311.170737	1.919772450344
5311.436302	1.919519562553
5311.701880	1.919266655855
5311.967472	1.919013747282
5312.233077	1.918760846094
5312.498695	1.918507954965
5312.764327	1.918255070919
5313.029972	1.918002189203
5313.295630	1.917749304961
5313.561301	1.917496417494
5313.826986	1.917243534472
5314.092684	1.916990690602
5314.358395	1.916737993612
5314.624120	1.916485743447
5314.889858	1.916234684005
5315.155609	1.915986475368
5315.421373	1.915744415156
5315.687151	1.915514280526
5315.952942	1.915304828585
5316.218746	1.915127138662
5316.484564	1.914991907592
5316.750395	1.914904459968
5317.016239	1.914858719971
5317.282096	1.914833074661
5317.547967	1.914791604343
5317.813851	1.914692379670
5318.079749	1.914500756872
5318.345659	1.914202029027
5318.611583	1.913807130603
5318.877520	1.913348389007
5319.143471	1.912867562259
5319.409435	1.912402213030
5319.675412	1.911976404256
5319.941402	1.911598438242
5320.207406	1.911264418075
5320.473423	1.910964274475
5320.739453	1.910687141729
5321.005497	1.910424611439
5321.271554	1.910172030416
5321.537624	1.909928904494
5321.803708	1.909699566730
5322.069804	1.909494831129
5322.335915	1.909334440120
5322.602038	1.909248734991
5322.868175	1.909276497603
5323.134325	1.909455525307
5323.400488	1.909805007531
5323.666665	1.910305776181
5323.932855	1.910889266236
5324.199058	1.911432085374
5324.465275	1.911774339400
5324.731505	1.911782626297
5324.997748	1.911402292551
5325.264004	1.910673657235
5325.530274	1.909714826366
5325.796557	1.908677890446
5326.062854	1.907699183272
5326.329164	1.906865442147
5326.595487	1.906205711330
5326.861823	1.905704495466
5327.128173	1.905323779161
5327.394536	1.905022402688
5327.660913	1.904767206206
5327.927302	1.904536188669
5328.193705	1.904316850645
5328.460122	1.904102965168
5328.726551	1.903891723433
5328.992994	1.903681898864
5329.259451	1.903472906997
5329.525920	1.903264424007
5329.792403	1.903056286692
5330.058899	1.902848603166
5330.325409	1.902642368768
5330.591932	1.902441870537
5330.858468	1.902262954781
5331.125018	1.902158499652
5331.391581	1.902288497100
5331.658157	1.903091053115
5331.924747	1.905648183212
5332.191349	1.912357948460
5332.457966	1.927955648207
5332.724595	1.960678033298
5332.991238	2.022907645952
5333.257894	2.130136254126
5333.524564	2.297036179644
5333.791247	2.530383271347
5334.057943	2.820700525090
5334.324653	3.136784326564
5334.591376	3.427908156653
5334.858112	3.635838708423
5335.124861	3.713493233154
5335.391624	3.642214928395
5335.658400	3.439022080112
5335.925190	3.150000166901
5336.191993	2.833323766015
5336.458809	2.540446784801
5336.725639	2.303633321797
5336.992482	2.133299096318
5337.259338	2.023227076918
5337.526208	1.958911376050
5337.793091	1.924766050900
5338.059987	1.908213453455
5338.326897	1.900829743813
5338.593820	1.897746216113
5338.860756	1.896487002487
5339.127706	1.895932779174
5339.394669	1.895633067536
5339.661645	1.895430452664
5339.928635	1.895284459003
5340.195638	1.895197970705
5340.462655	1.895186545170
5340.729684	1.895261429042
5340.996728	1.895416136628
5341.263784	1.895617176421
5341.530854	1.895804215512
5341.797937	1.895902754744
5342.065034	1.895845506782
5342.332144	1.895596460560
5342.599267	1.895165954426
5342.866404	1.894606369695
5343.133554	1.893992048673
5343.400717	1.893394169187
5343.667894	1.892861745191
5343.935084	1.892415022845
5344.202287	1.892050275925
5344.469504	1.891750318782
5344.736734	1.891494768015
5345.003978	1.891266878078
5345.271235	1.891057140537
5345.538505	1.890866248740
5345.805788	1.890711335712
5346.073085	1.890639880581
5346.340396	1.890754636542
5346.607719	1.891248107657
5346.875057	1.892434121919
5347.142407	1.894748094770
5347.409771	1.898676622954
5347.677148	1.904588127319
5347.944538	1.912484337189
5348.211942	1.921765780646
5348.479360	1.931159414875
5348.746790	1.938930324021
5349.014234	1.943371949316
5349.281692	1.943396554782
5349.549163	1.938948418156
5349.816647	1.931025944534
5350.084144	1.921300425377
5350.351655	1.911530328898
5350.619179	1.903049919308
5350.886717	1.896526364451
5351.154268	1.892008051290
5351.421832	1.889150242478
5351.689410	1.887468111522
5351.957001	1.886516087500
5352.224606	1.885967308256
5352.492224	1.885618285375
5352.759855	1.885358517951
5353.027500	1.885134889014
5353.295158	1.884924655134
5353.562829	1.884719299116
5353.830514	1.884516611399
5354.098212	1.884317818296
5354.365924	1.884127621782
5354.633649	1.883956013715
5354.901387	1.883820934507
5355.169139	1.883750197076
5355.436904	1.883780011490
5355.704683	1.883947040790
5355.972475	1.884272719167
5356.240280	1.884743161078
5356.508099	1.885293787307
5356.775931	1.885810374430
5357.043776	1.886153531506
5357.311635	1.886201624332
5357.579508	1.885894574103
5357.847393	1.885257065280
5358.115292	1.884388916843
5358.383205	1.883427765613
5358.651131	1.882503056031
5358.919070	1.881702137953
5359.187022	1.881058931261
5359.454989	1.880561896771
5359.722968	1.880174981076
5359.990961	1.879862086113
5360.258967	1.879595143250
5360.526987	1.879353541939
5360.795020	1.879124749881
5361.063066	1.878902755857
5361.331126	1.878685680317
5361.599199	1.878473936102
5361.867286	1.878268893571
5362.135386	1.878071721770
5362.403500	1.877882263523
5362.671626	1.877698154336
5362.939767	1.877514616888
5363.207920	1.877325274341
5363.476087	1.877123879308
5363.744268	1.876906325488
5364.012462	1.876672041964
5364.280669	1.876424130439
5364.548890	1.876168225755
5364.817124	1.875910679388
5365.085372	1.875656879682
5365.353633	1.875410318049
5365.621907	1.875172549661
5365.890195	1.874943797855
5366.158496	1.874723727435
5366.426811	1.874511925846
5366.695139	1.874307809189
5366.963480	1.874110011453
5367.231835	1.873915669352
5367.500203	1.873720215990
5367.768585	1.873518118437
5368.036980	1.873304471032
5368.305389	1.873076751851
5368.573811	1.872835830391
5368.842246	1.872585653011
5369.110695	1.872331767759
5369.379157	1.872079445673
5369.647633	1.871832271675
5369.916122	1.871591668692
5370.184625	1.871357278523
5370.453141	1.871127755441
5370.721670	1.870901525962
5370.990213	1.870677259640
5371.258769	1.870454034864
5371.527339	1.870231303133
5371.795922	1.870008778808
5372.064518	1.869786329784
5372.333128	1.869563906111
5372.601751	1.869341511754
5372.870388	1.869119259595
5373.139038	1.868897668254
5373.407702	1.868678811089
5373.676379	1.868470204468
5373.945070	1.868296622799
5374.213774	1.868232156750
5374.482491	1.868477290512
5374.751222	1.869521080414
5375.019966	1.872433326197
5375.288724	1.879296811988
5375.557495	1.893677353620
5375.826280	1.920834701259
5376.095078	1.967182060857
5376.363889	2.038519218541
5376.632714	2.137013990767
5376.901553	2.257816510855
5377.170404	2.387092420469
5377.439270	2.503386197010
5377.708148	2.582971412596
5377.977040	2.607616666299
5378.245946	2.571344583375
5378.514865	2.482761829851
5378.783797	2.361726402757
5379.052743	2.232108499018
5379.321703	2.114245612952
5379.590676	2.020280632333
5379.859662	1.953526722669
5380.128662	1.910860526688
5380.397675	1.886159647928
5380.666701	1.873126675480
5380.935741	1.866805456393
5381.204795	1.863938150487
5381.473862	1.862671124543
5381.742942	1.862074606954
5382.012036	1.861732939566
5382.281143	1.861479345590
5382.550264	1.861253471581
5382.819398	1.861035549995
5383.088546	1.860819706048
5383.357707	1.860604351628
5383.626882	1.860389096312
5383.896070	1.860173852154
5384.165272	1.859958601373
5384.434487	1.859743340370
5384.703715	1.859528068853
5384.972957	1.859312786455
5385.242212	1.859097493438
5385.511481	1.858882189465
5385.780763	1.858666874969
5386.050059	1.858451549487
5386.319368	1.858236213414
5386.588691	1.858020866395
5386.858027	1.857805508791
5387.127377	1.857590140254
5387.396740	1.857374761121
5387.666117	1.857159371005
5387.935507	1.856943970317
5388.204910	1.856728558707
5388.474327	1.856513136460
5388.743758	1.856297703354
5389.013202	1.856082259559
5389.282659	1.855866804845
5389.552130	1.855651339586
5389.821614	1.855435863411
5390.091112	1.855220376680
5390.360623	1.855004879289
5390.630148	1.854789371723
5390.899686	1.854573854130
5391.169238	1.854358327737
5391.438803	1.854142793347
5391.708382	1.853927252578
5391.977974	1.853711706290
5392.247580	1.853496155080
5392.517199	1.853280597161
5392.786831	1.853065029612
5393.056477	1.852849447487
5393.326137	1.852633846249
5393.595810	1.852418222402
5393.865497	1.852202576522
5394.135197	1.851986913288
5394.404910	1.851771244827
5394.674637	1.851555595607
5394.944378	1.851340006332
5395.214132	1.851124497644
5395.483899	1.850909116213
5395.753680	1.850694266595
5396.023474	1.850480726634
5396.293282	1.850269344541
5396.563104	1.850060884844
5396.832939	1.849855750239
5397.102787	1.849653580648
5397.372649	1.849452969657
5397.642524	1.849251556434
5397.912413	1.849046613698
5398.182316	1.848835989951
5398.452231	1.848618987210
5398.722161	1.848396704558
5398.992104	1.848171601743
5399.262060	1.847946462154
5399.532030	1.847723260294
5399.802013	1.847502490862
5400.072010	1.847283239055
5400.342020	1.847063878493
5400.612044	1.846842974665
5400.882082	1.846619939422
5401.152132	1.846395172291
5401.422197	1.846169736957
5401.692275	1.845944826092
5401.962366	1.845721315265
5402.232471	1.845499567559
5402.502589	1.845279491689
5402.772721	1.845060732191
5403.042867	1.844842867255
5403.313025	1.844625535866
5403.583198	1.844408485968
5403.853384	1.844191565958
5404.123583	1.843974696628
5404.393796	1.843757840431
5404.664023	1.843540982337
5404.934262	1.843324116029
5405.204516	1.843107239975
5405.474783	1.842890353160
5405.745063	1.842673455722
5406.015357	1.842456547285
5406.285665	1.842239628136
5406.555986	1.842022697821
5406.826321	1.841805756743
5407.096669	1.841588804809
5407.367030	1.841371843193
5407.637405	1.841154877666
5407.907794	1.840937940333
5408.178196	1.840721190638
5408.448612	1.840505359362
5408.719041	1.840293504154
5408.989484	1.840097316962
5409.259940	1.839957556281
5409.530410	1.840003516097
5409.800893	1.840607497636
5410.071390	1.842739462593
5410.341900	1.848676353285
5410.612424	1.863205296044
5410.882961	1.895262768960
5411.153512	1.959454197861
5411.424077	2.076166225292
5411.694655	2.268438598737
5411.965246	2.554245404169
5412.235851	2.934966375240
5412.506470	3.384262344751
5412.777102	3.844150805141
5413.047747	4.234118872440
5413.318407	4.473336965562
5413.589079	4.508076215826
5413.859766	4.331607323364
5414.130465	3.986413130820
5414.401179	3.547681234702
5414.671905	3.096765481642
5414.942646	2.697375491090
5415.213400	2.383600793532
5415.484167	2.161187729653
5415.754948	2.017146484170
5416.025743	1.930964463090
5416.296551	1.882806191158
5416.567372	1.857395987990
5416.838207	1.844598843253
5417.109056	1.838380198361
5417.379918	1.835424603888
5417.650794	1.834016631170
5417.921683	1.833310096199
5418.192586	1.832905711186
5418.463503	1.832624061171
5418.734433	1.832389050476
5419.005376	1.832170506368
5419.276333	1.831957333610
5419.547304	1.831745770077
5419.818288	1.831534644586
5420.089286	1.831323622403
5420.360297	1.831112616781
5420.631322	1.830901607966
5420.902360	1.830690597075
5421.173412	1.830479601704
5421.444477	1.830268682539
5421.715556	1.830058014652
5421.986649	1.829848058549
5422.257755	1.829639900329
5422.528875	1.829435836024
5422.800008	1.829240169825
5423.071155	1.829059965657
5423.342315	1.828905120290
5423.613489	1.828786866323
5423.884676	1.828714029679
5424.155877	1.828687418218
5424.427092	1.828694393544
5424.698320	1.828706968343
5424.969562	1.828686301961
5425.240817	1.828593640357
5425.512086	1.828403816228
5425.783368	1.828115043234
5426.054664	1.827749954478
5426.325974	1.827347294649
5426.597297	1.826948407056
5426.868633	1.826584709557
5427.139984	1.826270775816
5427.411347	1.826004218605
5427.682725	1.825770658333
5427.954116	1.825550923417
5428.225520	1.825327881540
5428.496938	1.825091098364
5428.768370	1.824838405229
5429.039815	1.824574465016
5429.311274	1.824307419279
5429.582746	1.824045326496
5429.854232	1.823794035507
5430.125732	1.823557783700
5430.397245	1.823344230498
5430.668771	1.823178521401
5430.940312	1.823138136195
5431.211865	1.823432725428
5431.483433	1.824565483364
5431.755014	1.827607288944
5432.026608	1.834582036879
5432.298216	1.848851995913
5432.569838	1.875197501075
5432.841473	1.919149853318
5433.113122	1.985224232674
5433.384785	2.074175208617
5433.656461	2.180223550894
5433.928150	2.289885099814
5434.199853	2.383902871887
5434.471570	2.442463512554
5434.743301	2.451922591108
5435.015045	2.409945939494
5435.286802	2.326423331295
5435.558573	2.219670421511
5435.830358	2.109904165031
5436.102156	2.013159574858
5436.373968	1.938061966479
5436.645794	1.885982482919
5436.917633	1.853431898623
5437.189485	1.834976270119
5437.461352	1.825421043214
5437.733232	1.820857149725
5438.005125	1.818802276445
5438.277032	1.817886160771
5438.548953	1.817442624357
5438.820887	1.817187919918
5439.092835	1.817023749066
5439.364796	1.816936946903
5439.636771	1.816954699840
5439.908760	1.817122975062
5440.180762	1.817488531013
5440.452778	1.818076068157
5440.724808	1.818862195506
5440.996851	1.819756342996
5441.268907	1.820602413908
5441.540977	1.821209702746
5441.813061	1.821407820257
5442.085159	1.821104923629
5442.357270	1.820322239070
5442.629394	1.819187215119
5442.901533	1.817888201832
5443.173685	1.816612784453
5443.445850	1.815497371866
5443.718029	1.814605714099
5443.990222	1.813936825315
5444.262428	1.813449894395
5444.534648	1.813090932082
5444.806882	1.812811229786
5445.079129	1.812575303951
5445.351390	1.812361103332
5445.623664	1.812156637660
5445.895952	1.811956122813
5446.168254	1.811757060620
5446.440569	1.811558480595
5446.712898	1.811360041339
5446.985240	1.811161634547
5447.257596	1.810963228511
5447.529966	1.810764815184
5447.802349	1.810566392413
5448.074746	1.810367960049
5448.347157	1.810169517827
5448.619581	1.809971066864
5448.892019	1.809772607098
5449.164470	1.809574093638
5449.436935	1.809375164544
5449.709414	1.809175087848
5449.981906	1.808973975527
5450.254412	1.808772863561
5450.526931	1.808572607046
5450.799465	1.808374017152
5451.072011	1.808178149869
5451.344572	1.807986201398
5451.617146	1.807799126075
5451.889734	1.807617079148
5452.162335	1.807438930834
5452.434950	1.807262295191
5452.707578	1.807084540734
5452.980220	1.806905042302
5453.252876	1.806728465287
5453.525546	1.806568269166
5453.798229	1.806448932199
5454.070926	1.806404768759
5454.343636	1.806473080572
5454.616360	1.806680618615
5454.889098	1.807025697355
5455.161849	1.807462945471
5455.434614	1.807900651901
5455.707392	1.808218023770
5455.980185	1.808300477792
5456.252990	1.808079659383
5456.525810	1.807559252667
5456.798643	1.806813272711
5457.071490	1.805957760840
5457.344350	1.805110559539
5457.617224	1.804357996733
5457.890112	1.803740572327
5458.163013	1.803257962003
5458.435928	1.802884995669
5458.708857	1.802588554868
5458.981799	1.802339052194
5459.254755	1.802115184377
5459.527724	1.801903882539
5459.800708	1.801698136802
5460.073705	1.801494613451
5460.346715	1.801291893286
5460.619739	1.801089433028
5460.892777	1.800887044210
5461.165828	1.800684668014
5461.438894	1.800482287264
5461.711972	1.800279897845
5461.985065	1.800077498380
5462.258171	1.799875089075
5462.531291	1.799672669464
5462.804424	1.799470239897
5463.077571	1.799267800075
5463.350732	1.799065350268
5463.623906	1.798862890175
5463.897094	1.798660420141
5464.170296	1.798457939828
5464.443511	1.798255449524
5464.716740	1.798052948930
5464.989983	1.797850438385
5465.263239	1.797647917550
5465.536509	1.797445386754
5465.809793	1.797242845635
5466.083090	1.797040294622
5466.356401	1.796837733270
5466.629726	1.796635161975
5466.903064	1.796432580330
5467.176416	1.796229988968
5467.449782	1.796027390122
5467.723161	1.795824796086
5467.996554	1.795622219572
5468.269961	1.795419651927
5468.543381	1.795217078537
5468.816815	1.795014495557
5469.090263	1.794811902318
5469.363724	1.794609299052
5469.637199	1.794406685572
5469.910688	1.794204062111
5470.184190	1.794001428340
5470.457706	1.793798784601
5470.731236	1.793596130570
5471.004779	1.793393466537
5471.278336	1.793190792263
5471.551907	1.792988107977
5471.825492	1.792785413432
5472.099090	1.792582708871
5472.372702	1.792379994064
5472.646327	1.792177269200
5472.919966	1.791974534159
5473.193619	1.791771789167
5473.467286	1.791569034349
5473.740966	1.791366271902
5474.014660	1.791163508811
5474.288367	1.790960773444
5474.562088	1.790758161959
5474.835823	1.790555976279
5475.109572	1.790355070231
5475.383334	1.790157629473
5475.657110	1.789968679895
5475.930900	1.789798549891
5476.204703	1.789666017929
5476.478521	1.789600820167
5476.752351	1.789642780372
5477.026196	1.789834085126
5477.300054	1.790202783248
5477.573926	1.790740348383
5477.847811	1.791382739007
5478.121711	1.792008165986
5478.395624	1.792460836335
5478.669550	1.792597303564
5478.943490	1.792337292723
5479.217445	1.791694512294
5479.491412	1.790771301677
5479.765394	1.789719996435
5480.039389	1.788690866893
5480.313398	1.787790797833
5480.587420	1.787067105553
5480.861456	1.786515732477
5481.135506	1.786102478592
5481.409570	1.785784476086
5481.683647	1.785524275572
5481.957738	1.785295328630
5482.231843	1.785081554225
5482.505961	1.784874425839
5482.780094	1.784669930778
5483.054239	1.784466379486
5483.328399	1.784263131219
5483.602572	1.784059966671
5483.876759	1.783856817492
5484.150960	1.783653664701
5484.425174	1.783450503262
5484.699402	1.783247332530
5484.973644	1.783044152781
5485.247900	1.782840966985
5485.522169	1.782637795881
5485.796452	1.782434820085
5486.070749	1.782232599917
5486.345059	1.782031461107
5486.619383	1.781830954276
5486.893721	1.781630718650
5487.168073	1.781430718203
5487.442438	1.781230959651
5487.716817	1.781031386411
5487.991210	1.780831861130
5488.265616	1.780632183103
5488.540036	1.780432143062
5488.814470	1.780231590608
5489.088918	1.780030489484
5489.363379	1.779828926126
5489.637854	1.779627075097
5489.912343	1.779425134298
5490.186845	1.779223268602
5490.461361	1.779021580351
5490.735891	1.778820116089
5491.010435	1.778618895838
5491.284992	1.778417953062
5491.559563	1.778217368402
5491.834148	1.778017289261
5492.108747	1.777817916986
5492.383359	1.777619458485
5492.657985	1.777422054432
5492.932625	1.777225779332
5493.207278	1.777030941606
5493.481946	1.776839182116
5493.756627	1.776656289854
5494.031321	1.776498237099
5494.306030	1.776402277043
5494.580752	1.776444064491
5494.855488	1.776758051349
5495.130238	1.777550951421
5495.405001	1.779089228620
5495.679778	1.781638654387
5495.954569	1.785347800579
5496.229373	1.790101466885
5496.504192	1.795412066253
5496.779024	1.800434004690
5497.053870	1.804149333567
5497.328729	1.805684084515
5497.603603	1.804624298549
5497.878490	1.801176146396
5498.153390	1.796085526607
5498.428305	1.790360061695
5498.703233	1.784934570344
5498.978175	1.780430266990
5499.253131	1.777082879035
5499.528101	1.774818098550
5499.803084	1.773394807614
5500.078081	1.772537336468
5500.353092	1.772015624183
5500.628116	1.771671753735
5500.903155	1.771412569594
5501.178207	1.771189814231
5501.453272	1.770981261255
5501.728352	1.770777737558
5502.003445	1.770575831321
5502.278552	1.770374395338
5502.553673	1.770173078810
5502.828808	1.769971784647
5503.103956	1.769770487685
5503.379118	1.769569182454
5503.654294	1.769367872545
5503.929483	1.769166685968
5504.204687	1.768966576840
5504.479904	1.768769557729
5504.755135	1.768575709990
5505.030379	1.768383029598
5505.305638	1.768190491635
5505.580910	1.767997950540
5505.856196	1.767805399740
5506.131496	1.767612839424
5506.406809	1.767420269282
5506.682136	1.767227689723
5506.957477	1.767035100421
5507.232832	1.766842501587
5507.508201	1.766649892993
5507.783583	1.766457274917
5508.058979	1.766264647033
5508.334389	1.766072009705
5508.609812	1.765879362640
5508.885250	1.765686706181
5509.160701	1.765494040408
5509.436166	1.765301366266
5509.711644	1.765108685395
5509.987137	1.764916002386
5510.262643	1.764723325699
5510.538163	1.764530671395
5510.813697	1.764338063979
5511.089245	1.764145536752
5511.364806	1.763953123883
5511.640381	1.763760847972
5511.915970	1.763568700152
5512.191573	1.763376626094
5512.467189	1.763184523661
5512.742819	1.762992264604
5513.018463	1.762799733115
5513.294121	1.762606874532
5513.569793	1.762413750498
5513.845478	1.762220690147
5514.121177	1.762028945620
5514.396890	1.761843417463
5514.672617	1.761682668404
5514.948358	1.761611792622
5515.224112	1.761838956115
5515.499880	1.762968039003
5515.775662	1.766582670203
5516.051458	1.776421066179
5516.327267	1.800380905701
5516.603090	1.853265238772
5516.878927	1.959352476854
5517.154778	2.152620978731
5517.430643	2.471541881239
5517.706521	2.946102594210
5517.982413	3.578371149628
5518.258319	4.323664780350
5518.534239	5.083920511908
5518.810173	5.723194251126
5519.086120	6.105503248387
5519.362082	6.141554359612
5519.638057	5.822562618185
5519.914045	5.223711450481
5520.190048	4.475372547776
5520.466064	3.717136898370
5520.742095	3.056682565199
5521.018139	2.549384558986
5521.294196	2.201138210270
5521.570268	1.985770569004
5521.846353	1.865149763017
5522.122453	1.803729753962
5522.398566	1.775190866781
5522.674692	1.763026629908
5522.950833	1.758215735223
5523.226988	1.756394307257
5523.503156	1.755676399751
5523.779338	1.755329284826
5524.055534	1.755096222656
5524.331743	1.754897161021
5524.607967	1.754714794593
5524.884204	1.754563385679
5525.160455	1.754500730476
5525.436720	1.754680847575
5525.712999	1.755464793410
5525.989292	1.757608146509
5526.265598	1.762512541130
5526.541918	1.772449636539
5526.818252	1.790552771566
5527.094600	1.820293838446
5527.370962	1.864252369237
5527.647337	1.922329766506
5527.923726	1.990094623433
5528.200129	2.058317140796
5528.476546	2.114550055726
5528.752977	2.146676299391
5529.029422	2.147117303080
5529.305880	2.115717021584
5529.582352	2.059803510742
5529.858838	1.991397206549
5530.135338	1.923013794193
5530.411852	1.864056214087
5530.688379	1.819145431831
5530.964921	1.788518035440
5531.241476	1.769658268098
5531.518045	1.759096740526
5531.794628	1.753670762254
5532.071224	1.751072303890
5532.347835	1.749870378744
5532.624459	1.749290532033
5532.901097	1.748961495900
5533.177749	1.748724209578
5533.454415	1.748517461820
5533.731095	1.748320077600
5534.007788	1.748125640347
5534.284495	1.747933196668
5534.561216	1.747746026155
5534.837951	1.747578379525
5535.114700	1.747480463906
5535.391463	1.747612019208
5535.668239	1.748433563064
5535.945030	1.751144677720
5536.221834	1.758557247468
5536.498652	1.776566921016
5536.775484	1.816133686715
5537.052329	1.895061892038
5537.329189	2.037978149827
5537.606062	2.272281101487
5537.882950	2.618515590861
5538.159851	3.076322122956
5538.436766	3.611311458927
5538.713694	4.151193819037
5538.990637	4.597995501948
5539.267593	4.855871926234
5539.544564	4.864339068097
5539.821548	4.621278507125
5540.098546	4.183772185385
5540.375558	3.646336632427
5540.652583	3.107855072124
5540.929623	2.642955672012
5541.206676	2.288604058933
5541.483744	2.047051978499
5541.760825	1.898641579925
5542.037920	1.816027002258
5542.315029	1.774191661871
5542.592151	1.754838170387
5542.869288	1.746602832091
5543.146438	1.743326953901
5543.423602	1.742054280410
5543.700781	1.741516347887
5543.977973	1.741223767787
5544.255178	1.741006189688
5544.532398	1.740810284655
5544.809632	1.740621621660
5545.086879	1.740437837025
5545.364140	1.740260309122
5545.641415	1.740091498927
5545.918704	1.739933521133
5546.196007	1.739786732510
5546.473324	1.739648440066
5546.750655	1.739512372151
5547.027999	1.739369544726
5547.305357	1.739210578103
5547.582730	1.739028702094
5547.860116	1.738822146276
5548.137516	1.738594856664
5548.414929	1.738355478638
5548.692357	1.738115927037
5548.969799	1.737892164611
5549.247254	1.737711002969
5549.524723	1.737627829296
5549.802207	1.737760233068
5550.079704	1.738338619396
5550.357215	1.739762643484
5550.634739	1.742630398394
5550.912278	1.747684100242
5551.189831	1.755615367360
5551.467397	1.766721417678
5551.744977	1.780506836192
5552.022571	1.795433581817
5552.300180	1.809046346330
5552.577802	1.818566031915
5552.855437	1.821787664239
5553.133087	1.817892805382
5553.410751	1.807768674601
5553.688428	1.793666325146
5553.966119	1.778381096436
5554.243825	1.764372564009
5554.521544	1.753214782338
5554.799277	1.745538648097
5555.077024	1.741367680188
5555.354785	1.740603307137
5555.632559	1.743411128717
5555.910348	1.750333499300
5556.188150	1.762051591895
5556.465967	1.778836186527
5556.743797	1.799879604804
5557.021641	1.822845416744
5557.299499	1.843997145963
5557.577371	1.859060593670
5557.855257	1.864582423814
5558.133157	1.859192905814
5558.411070	1.844136601201
5558.688998	1.822788644248
5558.966939	1.799411106151
5559.244894	1.777774697922
5559.522864	1.760244818927
5559.800847	1.747586241567
5560.078844	1.739344228540
5560.356854	1.734455852040
5560.634879	1.731778965659
5560.912918	1.730391893565
5561.190971	1.729677324973
5561.469037	1.729278434858
5561.747117	1.729013646567
5562.025212	1.728800584453
5562.303320	1.728605570753
5562.581442	1.728416040029
5562.859578	1.728227690475
5563.137728	1.728039309298
5563.415892	1.727850925806
5563.694070	1.727663128064
5563.972261	1.727476646691
5564.250467	1.727291970742
5564.528686	1.727109083339
5564.806920	1.726927604785
5565.085167	1.726747807614
5565.363428	1.726573303093
5565.641703	1.726416785420
5565.919992	1.726310969054
5566.198295	1.726326864267
5566.476612	1.726598974198
5566.754943	1.727349802926
5567.033288	1.728894497045
5567.311646	1.731596988771
5567.590019	1.735754007652
5567.868405	1.741415204876
5568.146806	1.748201101287
5568.425220	1.755226301875
5568.703648	1.761226092247
5568.982090	1.764898851392
5569.260547	1.765347700945
5569.539017	1.762418254922
5569.817500	1.756759150064
5570.095998	1.749572745961
5570.374510	1.742186897642
5570.653036	1.735655171497
5570.931575	1.730544657794
5571.210129	1.726945920637
5571.488696	1.724630078111
5571.767278	1.723240331279
5572.045873	1.722435451609
5572.324482	1.721958589954
5572.603106	1.721646572678
5572.881743	1.721409223434
5573.160394	1.721202482131
5573.439059	1.721007134972
5573.717738	1.720815688043
5573.996430	1.720625650988
5574.275137	1.720436850666
5574.553858	1.720251425647
5574.832593	1.720076914732
5575.111341	1.719935257199
5575.390104	1.719883737158
5575.668880	1.720056884782
5575.947671	1.720737333995
5576.226475	1.722451662556
5576.505293	1.726057471397
5576.784126	1.732744762942
5577.062972	1.743843763292
5577.341832	1.760362709529
5577.620706	1.782308323511
5577.899594	1.808044974531
5578.178496	1.834095704291
5578.457412	1.855722228804
5578.736342	1.868269484902
5579.015285	1.868787993597
5579.294243	1.857181070280
5579.573215	1.836292414785
5579.852200	1.810895683968
5580.131200	1.786109920878
5580.410214	1.765976422860
5580.689241	1.752695854657
5580.968282	1.746581989898
5581.247338	1.746466769096
5581.526407	1.750250477999
5581.805491	1.755442435456
5582.084588	1.759676069233
5582.363699	1.761190487398
5582.642824	1.759186584888
5582.921963	1.753920599269
5583.201116	1.746472638554
5583.480283	1.738279977749
5583.759464	1.730640531943
5584.038659	1.724383820378
5584.317868	1.719793097466
5584.597091	1.716729411365
5584.876328	1.714838384952
5585.155579	1.713732001993
5585.434843	1.713094357873
5585.714122	1.712714572920
5585.993415	1.712476067290
5586.272722	1.712331320255
5586.552042	1.712279105389
5586.831377	1.712349407349
5587.110725	1.712594377296
5587.390088	1.713080981183
5587.669464	1.713879929077
5587.948855	1.715045408240
5588.228259	1.716582769611
5588.507678	1.718409498077
5588.787110	1.720326793407
5589.066556	1.722027060793
5589.346017	1.723154769419
5589.625491	1.723411742267
5589.904979	1.722666067106
5590.184481	1.721010469470
5590.463998	1.718736446817
5590.743528	1.716234396482
5591.023072	1.713868747392
5591.302630	1.711884415702
5591.582202	1.710376036725
5591.861788	1.709314759022
5592.141388	1.708603446040
5592.421002	1.708129424097
5592.700631	1.707797478994
5592.980273	1.707541487102
5593.259929	1.707322000701
5593.539599	1.707118361294
5593.819283	1.706920954387
5594.098980	1.706725771693
5594.378692	1.706531309291
5594.658418	1.706337056712
5594.938158	1.706142856743
5595.217912	1.705948664694
5595.497680	1.705754468716
5595.777462	1.705560264987
5596.057258	1.705366055508
5596.337068	1.705171943084
5596.616892	1.704979010758
5596.896729	1.704790637855
5597.176581	1.704608540338
5597.456447	1.704429559895
5597.736327	1.704251121599
5598.016221	1.704072708652
5598.296128	1.703894293388
5598.576050	1.703715886530
5598.855986	1.703537516910
5599.135936	1.703359248056
5599.415900	1.703181207477
5599.695877	1.703003618775
5599.975869	1.702826823462
5600.255875	1.702651255804
5600.535895	1.702477340548
5600.815929	1.702305297961
5601.095976	1.702134907019
5601.376038	1.701965336896
5601.656114	1.701795187756
5601.936204	1.701622807759
5602.216308	1.701446814344
5602.496425	1.701266596536
5602.776557	1.701082552865
5603.056703	1.700895934970
5603.336863	1.700708384832
5603.617037	1.700521394039
5603.897225	1.700335930594
5604.177427	1.700152338691
5604.457642	1.699970473829
5604.737872	1.699789935992
5605.018116	1.699610281215
5605.298374	1.699431144598
5605.578646	1.699252280079
5605.858932	1.699073544872
5606.139232	1.698894867698
5606.419546	1.698716216390
5606.699874	1.698537577187
5606.980216	1.698358941083
5607.260572	1.698180299389
5607.540942	1.698001641311
5607.821326	1.697822956572
5608.101724	1.697644237194
5608.382136	1.697465480463
5608.662562	1.697286688859
5608.943002	1.697107870072
5609.223457	1.696929035261
5609.503925	1.696750202146
5609.784407	1.696571414059
5610.064903	1.696392819222
5610.345413	1.696214940796
5610.625938	1.696039500679
5610.906476	1.695871653307
5611.187028	1.695725362189
5611.467595	1.695634722311
5611.748175	1.695674386831
5612.028770	1.695989840408
5612.309378	1.696830434343
5612.590001	1.698564458311
5612.870637	1.701641778070
5613.151288	1.706470578990
5613.431952	1.713206045308
5613.712631	1.721512482327
5613.993323	1.730423858316
5614.274030	1.738437212521
5614.554751	1.743886283256
5614.835486	1.745486229176
5615.116234	1.742809440413
5615.396997	1.736451784182
5615.677774	1.727801757770
5615.958565	1.718535001464
5616.239370	1.710083545516
5616.520189	1.703305214358
5616.801022	1.698437094855
5617.081869	1.695262617892
5617.362730	1.693352833761
5617.643605	1.692265267627
5617.924495	1.691651101669
5618.205398	1.691280756333
5618.486315	1.691023467050
5618.767246	1.690813580075
5619.048192	1.690621718895
5619.329151	1.690436086187
5619.610125	1.690252409789
5619.891112	1.690069288867
5620.172114	1.689886307198
5620.453129	1.689703351783
5620.734159	1.689520395192
5621.015203	1.689337430845
5621.296261	1.689154457810
5621.577332	1.688971475534
5621.858418	1.688788484246
5622.139518	1.688605483670
5622.420632	1.688422474035
5622.701760	1.688239455165
5622.982902	1.688056427386
5623.264059	1.687873390571
5623.545229	1.687690346207
5623.826413	1.687507298644
5624.107612	1.687324265488
5624.388824	1.687141305418
5624.670050	1.686958600677
5624.951291	1.686776660513
5625.232546	1.686596772237
5625.513814	1.686421859508
5625.795097	1.686257853745
5626.076394	1.686115392255
5626.357705	1.686011064538
5626.639029	1.685966675875
5626.920368	1.686004684009
5627.201722	1.686138947289
5627.483089	1.686362619403
5627.764470	1.686638546421
5628.045865	1.686899322216
5628.327274	1.687061751439
5628.608698	1.687053702794
5628.890135	1.686843999801
5629.171587	1.686463504984
5629.453052	1.686010307997
5629.734532	1.685640410698
5630.016026	1.685549912357
5630.297534	1.685950937368
5630.579056	1.687035134232
5630.860592	1.688916269668
5631.142142	1.691556455651
5631.423706	1.694704725748
5631.705284	1.697893949568
5631.986876	1.700529634115
5632.268483	1.702058677065
5632.550103	1.702151976439
5632.831738	1.700813034136
5633.113386	1.698358095657
5633.395049	1.695282846438
5633.676726	1.692089040476
5633.958417	1.689152411918
5634.240122	1.686673833069
5634.521841	1.684703106129
5634.803574	1.683195967718
5635.085321	1.682068330606
5635.367082	1.681230901626
5635.648858	1.680605140791
5635.930647	1.680128287116
5636.212451	1.679753395936
5636.494269	1.679447166673
5636.776100	1.679186803393
5637.057946	1.678956840985
5637.339806	1.678746648299
5637.621680	1.678548835070
5637.903568	1.678358344201
5638.185471	1.678171883389
5638.467387	1.677987464740
5638.749317	1.677803992178
5639.031262	1.677620916827
5639.313220	1.677437990408
5639.595193	1.677255110956
5639.877180	1.677072241611
5640.159181	1.676889372841
5640.441196	1.676706515256
5640.723225	1.676523720095
5641.005268	1.676341167242
5641.287325	1.676159417612
5641.569397	1.675980074494
5641.851482	1.675807308746
5642.133582	1.675650974211
5642.415696	1.675532088010
5642.697824	1.675490808393
5642.979966	1.675595059486
5643.262122	1.675944500983
5643.544292	1.676661076823
5643.826476	1.677857298706
5644.108674	1.679581072219
5644.390887	1.681751636265
5644.673114	1.684118452569
5644.955354	1.686279117638
5645.237609	1.687772702622
5645.519878	1.688224712264
5645.802161	1.687482675383
5646.084458	1.685675541761
5646.366769	1.683165286558
5646.649095	1.680415688074
5646.931434	1.677843376831
5647.213788	1.675716317652
5647.496156	1.674129638565
5647.778538	1.673046608566
5648.060934	1.672369048202
5648.343344	1.672003323727
5648.625768	1.671904057109
5648.908206	1.672092110406
5649.190659	1.672648750596
5649.473125	1.673686882858
5649.755606	1.675301386395
5650.038101	1.677508893735
5650.320610	1.680199661602
5650.603133	1.683128258997
5650.885670	1.685956244614
5651.168222	1.688331710993
5651.450787	1.689967885376
5651.733367	1.690685820110
5652.015960	1.690415174498
5652.298568	1.689177644815
5652.581190	1.687082097521
5652.863826	1.684337121927
5653.146477	1.681260163272
5653.429141	1.678260079803
5653.711820	1.675794550663
5653.994512	1.674324335029
5654.277219	1.674275861617
5654.559940	1.675997362170
5654.842675	1.679675323105
5655.125424	1.685197966617
5655.408188	1.692012887467
5655.690965	1.699082165442
5655.973757	1.705034717116
5656.256562	1.708525407955
5656.539382	1.708677662262
5656.822216	1.705402587128
5657.105065	1.699426658342
5657.387927	1.692010447631
5657.670803	1.684502750622
5657.953694	1.677943088071
5658.236599	1.672865135102
5658.519518	1.669324647136
5658.802451	1.667068094287
5659.085398	1.665726987976
5659.368359	1.664958276893
5659.651335	1.664508205441
5659.934324	1.664217703528
5660.217328	1.663999617357
5660.500346	1.663811230822
5660.783378	1.663633237337
5661.066424	1.663457219261
5661.349485	1.663279565014
5661.632559	1.663099017052
5661.915648	1.662915745274
5662.198751	1.662730782831
5662.481868	1.662545437867
5662.764999	1.662360743013
5663.048144	1.662177163345
5663.331304	1.661994691719
5663.614478	1.661813281604
5663.897665	1.661633402110
5664.180867	1.661456450464
5664.464083	1.661284777844
5664.747314	1.661121176858
5665.030558	1.660967815811
5665.313817	1.660824850448
5665.597090	1.660689238992
5665.880376	1.660554478926
5666.163678	1.660411797258
5666.446993	1.660252683904
5666.730322	1.660071833046
5667.013666	1.659869123705
5667.297024	1.659649624911
5667.580396	1.659421635141
5667.863782	1.659193768343
5668.147182	1.658972470138
5668.430596	1.658760881503
5668.714025	1.658559129426
5668.997468	1.658365458766
5669.280925	1.658177472639
5669.564396	1.657992995251
5669.847881	1.657810447006
5670.131381	1.657628863115
5670.414894	1.657447767147
5670.698422	1.657267069888
5670.981964	1.657087129672
5671.265520	1.656909128397
5671.549091	1.656736425137
5671.832675	1.656578754238
5672.116274	1.656453770447
5672.399887	1.656376947562
5672.683514	1.656362967990
5672.967155	1.656432124163
5673.250811	1.656599899919
5673.534480	1.656862065726
5673.818164	1.657183639894
5674.101862	1.657497382467
5674.385574	1.657716710023
5674.669301	1.657761325729
5674.953041	1.657585608079
5675.236796	1.657196096660
5675.520565	1.656648951546
5675.804348	1.656028712111
5676.088145	1.655419332986
5676.371957	1.654880943689
5676.655783	1.654440540704
5676.939622	1.654096328718
5677.223477	1.653829472849
5677.507345	1.653616107713
5677.791227	1.653435278742
5678.075124	1.653272079128
5678.359035	1.653117454542
5678.642960	1.652966592072
5678.926899	1.652817222176
5679.210853	1.652668386893
5679.494820	1.652519722609
5679.778802	1.652371104272
5680.062798	1.652222493536
5680.346808	1.652073879492
5680.630833	1.651925261344
5680.914871	1.651776643642
5681.198924	1.651628042411
5681.482991	1.651479500088
5681.767073	1.651331120756
5682.051168	1.651183131014
5682.335278	1.651035976179
5682.619402	1.650890437588
5682.903540	1.650747741273
5683.187692	1.650609628504
5683.471858	1.650478442755
5683.756039	1.650357485227
5684.040234	1.650252140746
5684.324443	1.650172296260
5684.608666	1.650135950996
5684.892904	1.650172405011
5685.177156	1.650321514396
5685.461422	1.650624779940
5685.745702	1.651106436215
5686.029996	1.651748926814
5686.314305	1.652474432233
5686.598628	1.653146997948
5686.882965	1.653603140184
5687.167316	1.653703773782
5687.451681	1.653385446497
5687.736061	1.652685357842
5688.020455	1.651727022303
5688.304863	1.650674288800
5688.589286	1.649677198280
5688.873722	1.648833819724
5689.158173	1.648179714778
5689.442638	1.647700938822
5689.727117	1.647357472914
5690.011611	1.647104461587
5690.296118	1.646904828419
5690.580640	1.646733037115
5690.865176	1.646573137360
5691.149727	1.646416527337
5691.434291	1.646260681895
5691.718870	1.646105322065
5692.003463	1.645950206734
5692.288071	1.645795174510
5692.572692	1.645640166015
5692.857328	1.645485161353
5693.141978	1.645330153635
5693.426642	1.645175139985
5693.711320	1.645020119455
5693.996013	1.644865091356
5694.280720	1.644710055645
5694.565441	1.644555012194
5694.850177	1.644399961124
5695.134926	1.644244902177
5695.419690	1.644089835578
5695.704468	1.643934761133
5695.989261	1.643779679030
5696.274067	1.643624589086
5696.558888	1.643469491541
5696.843723	1.643314386075
5697.128572	1.643159272965
5697.413436	1.643004152029
5697.698314	1.642849023433
5697.983206	1.642693886914
5698.268112	1.642538742856
5698.553032	1.642383590913
5698.837967	1.642228431360
5699.122916	1.642073264155
5699.407880	1.641918089563
5699.692857	1.641762907560
5699.977849	1.641607718680
5700.262855	1.641452522749
5700.547875	1.641297319988
5700.832910	1.641142109867
5701.117958	1.640986892113
5701.403021	1.640831665818
5701.688099	1.640676430469
5701.973190	1.640521185369
5702.258296	1.640365930755
5702.543416	1.640210666861
5702.828550	1.640055394576
5703.113699	1.639900114437
5703.398862	1.639744827188
5703.684039	1.639589532885
5703.969230	1.639434231715
5704.254436	1.639278923453
5704.539656	1.639123607963
5704.824890	1.638968284877
5705.110138	1.638812954355
5705.395401	1.638657615992
5705.680678	1.638502270008
5705.965969	1.638346916167
5706.251274	1.638191554715
5706.536594	1.638036185340
5706.821928	1.637880808349
5707.107276	1.637725423493
5707.392639	1.637570031137
5707.678015	1.637414631778
5707.963406	1.637259228306
5708.248812	1.637103830698
5708.534231	1.636948473896
5708.819665	1.636793265790
5709.105113	1.636638508981
5709.390576	1.636484871534
5709.676052	1.636333123405
5709.961543	1.636184271281
5710.247048	1.636044428276
5710.532568	1.635927463722
5710.818102	1.635850601792
5711.103650	1.635831445296
5711.389212	1.635883275310
5711.674789	1.636006676764
5711.960380	1.636181257544
5712.245985	1.636362758499
5712.531604	1.636489897664
5712.817238	1.636501080474
5713.102886	1.636355184716
5713.388548	1.636046905696
5713.674225	1.635608859238
5713.959916	1.635099287551
5714.245621	1.634581703660
5714.531340	1.634106155772
5714.817074	1.633699440012
5715.102822	1.633365793765
5715.388584	1.633094615018
5715.674361	1.632870177507
5715.960152	1.632680048625
5716.245957	1.632521996918
5716.531776	1.632411571919
5716.817610	1.632392910015
5717.103458	1.632552853665
5717.389320	1.633032873389
5717.675197	1.634025875455
5717.961088	1.635740736687
5718.246993	1.638323819857
5718.532913	1.641749421260
5718.818846	1.645723171080
5719.104794	1.649663387035
5719.390757	1.652808718903
5719.676733	1.654440980195
5719.962724	1.654138281089
5720.248730	1.651937652522
5720.534749	1.648322568106
5720.820783	1.644041581012
5721.106831	1.639851353493
5721.392894	1.636303275596
5721.678971	1.633650119677
5721.965062	1.631875516074
5722.251167	1.630795239431
5722.537287	1.630168490170
5722.823421	1.629778984569
5723.109569	1.629474768511
5723.395732	1.629174467207
5723.681909	1.628853690274
5723.968100	1.628524015961
5724.254306	1.628213710685
5724.540526	1.627955803123
5724.826760	1.627785071791
5725.113008	1.627741094029
5725.399271	1.627870841146
5725.685548	1.628223074565
5725.971840	1.628829701504
5726.258145	1.629676736500
5726.544465	1.630677453316
5726.830800	1.631666430156
5727.117148	1.632428776684
5727.403511	1.632761927853
5727.689889	1.632546451010
5727.976280	1.631791861271
5728.262686	1.630633262900
5728.549107	1.629280440236
5728.835541	1.627945585518
5729.121990	1.626783637496
5729.408454	1.625866879434
5729.694931	1.625194330953
5729.981423	1.624720921786
5730.267929	1.624388444450
5730.554450	1.624146914841
5730.840985	1.623963855337
5731.127534	1.623824522256
5731.414097	1.623727095772
5731.700675	1.623675468010
5731.987268	1.623671043850
5732.273874	1.623705150735
5732.560495	1.623754667755
5732.847130	1.623783711540
5733.133780	1.623752327656
5733.420443	1.623629531424
5733.707122	1.623404943396
5733.993814	1.623093174017
5734.280521	1.622728664019
5734.567242	1.622353648287
5734.853978	1.622005075351
5735.140728	1.621705775788
5735.427492	1.621462003606
5735.714270	1.621266177675
5736.001063	1.621102205513
5736.287871	1.620951179199
5736.574692	1.620796270326
5736.861528	1.620626247396
5737.148378	1.620437141146
5737.435243	1.620231743819
5737.722122	1.620017227834
5738.009015	1.619801893884
5738.295923	1.619592372570
5738.582845	1.619392208819
5738.869781	1.619201974593
5739.156732	1.619020388281
5739.443697	1.618845734252
5739.730676	1.618677080047
5740.017670	1.618515106028
5740.304678	1.618362490281
5740.591700	1.618223704410
5740.878737	1.618103922275
5741.165788	1.618006842515
5741.452853	1.617931748734
5741.739933	1.617870949460
5742.027027	1.617809274407
5742.314136	1.617726887198
5742.601259	1.617605142933
5742.888396	1.617433360660
5743.175548	1.617213568728
5743.462714	1.616961490441
5743.749894	1.616704776859
5744.037089	1.616482100522
5744.324298	1.616347152033
5744.611521	1.616378817374
5744.898759	1.616693258465
5745.186011	1.617447445411
5745.473277	1.618821035344
5745.760558	1.620968885668
5746.047854	1.623951948793
5746.335163	1.627673013052
5746.622487	1.631852488332
5746.909825	1.636065105089
5747.197178	1.639826085141
5747.484545	1.642687039675
5747.771926	1.644303044151
5748.059322	1.644462452704
5748.346732	1.643100827861
5748.634157	1.640320779212
5748.921596	1.636410303242
5749.209049	1.631824506344
5749.496517	1.627105848706
5749.783999	1.622760484562
5750.071495	1.619142846046
5750.359006	1.616399654897
5750.646531	1.614489613008
5750.934071	1.613256701851
5751.221624	1.612522099343
5751.509193	1.612182611181
5751.796775	1.612362100863
5752.084372	1.613765150628
5752.371984	1.618551126485
5752.659610	1.632276614060
5752.947250	1.667620511637
5753.234904	1.750345831861
5753.522573	1.926707784094
5753.810257	2.268898332570
5754.097954	2.871870362089
5754.385666	3.833468947574
5754.673393	5.214113618108
5754.961134	6.983972282097
5755.248889	8.980884817269
5755.536659	10.909833758523
5755.824443	12.403689692170
5756.112241	13.134276337050
5756.400054	12.929242419411
5756.687881	11.838065475102
5756.975723	10.112655053218
5757.263579	8.112987171308
5757.551449	6.185903304265
5757.839334	4.572403795099
5758.127233	3.374346303876
5758.415146	2.576464111954
5758.703074	2.096547141537
5758.991017	1.834620527348
5759.278974	1.704464716175
5759.566945	1.645402303776
5759.854930	1.620840612692
5760.142930	1.611418351221
5760.430945	1.608027470352
5760.718973	1.606825476639
5761.007016	1.606349807191
5761.295074	1.606095671718
5761.583146	1.605904288440
5761.871232	1.605729795048
5762.159333	1.605559842734
5762.447448	1.605391221268
5762.735578	1.605223061126
5763.023722	1.605055088840
5763.311880	1.604887199861
5763.600053	1.604719356580
5763.888240	1.604551574935
5764.176442	1.604383981996
5764.464658	1.604217012836
5764.752888	1.604051945619
5765.041133	1.603892145432
5765.329392	1.603745581869
5765.617666	1.603629146816
5765.905954	1.603574617249
5766.194257	1.603634330688
5766.482574	1.603881931695
5766.770905	1.604401565274
5767.059251	1.605260799224
5767.347611	1.606469162906
5767.635985	1.607933560907
5767.924374	1.609441227429
5768.212778	1.610695546529
5768.501196	1.611397742411
5768.789628	1.611347872481
5769.078075	1.610520047546
5769.366536	1.609072539488
5769.655011	1.607287124074
5769.943501	1.605469409674
5770.232006	1.603858067528
5770.520524	1.602578456747
5770.809058	1.601647100538
5771.097605	1.601008872946
5771.386167	1.600580973713
5771.674744	1.600285263801
5771.963335	1.600063394279
5772.251940	1.599878508505
5772.540560	1.599710327102
5772.829194	1.599548975358
5773.117843	1.599390156377
5773.406506	1.599232189010
5773.695184	1.599074478727
5773.983876	1.598916835343
5774.272582	1.598759203159
5774.561303	1.598601567795
5774.850038	1.598443925549
5775.138788	1.598286276270
5775.427552	1.598128621102
5775.716331	1.597970965134
5776.005124	1.597813322201
5776.293931	1.597655729724
5776.582753	1.597498276117
5776.871590	1.597341149903
5777.160440	1.597184706178
5777.449306	1.597029533270
5777.738185	1.596876462333
5778.027079	1.596726449249
5778.315988	1.596580263201
5778.604911	1.596438011001
5778.893848	1.596298660413
5779.182800	1.596159850810
5779.471767	1.596018241176
5779.760748	1.595870424504
5780.049743	1.595714088629
5780.338753	1.595548892419
5780.627777	1.595376602933
5780.916815	1.595200427245
5781.205868	1.595023884024
5781.494936	1.594849763987
5781.784018	1.594679579586
5782.073114	1.594513586686
5782.362225	1.594351173378
5782.651350	1.594191334217
5782.940490	1.594033032378
5783.229645	1.593875403911
5783.518813	1.593717845638
5783.807996	1.593560056570
5784.097194	1.593402066190
5784.386406	1.593244268748
5784.675633	1.593087463656
5784.964874	1.592932907714
5785.254129	1.592782376790
5785.543399	1.592638277700
5785.832684	1.592503972104
5786.121982	1.592384697792
5786.411296	1.592289591903
5786.700624	1.592234819257
5786.989966	1.592246555292
5787.279323	1.592361213621
5787.568694	1.592618729721
5787.858079	1.593046085039
5788.147480	1.593634086207
5788.436894	1.594317549934
5788.726323	1.594973079875
5789.015767	1.595443979193
5789.305225	1.595588219861
5789.594697	1.595330019412
5789.884184	1.594689673761
5790.173686	1.593775946616
5790.463202	1.592745136218
5790.752732	1.591748032366
5791.042277	1.590889189560
5791.331836	1.590212326868
5791.621410	1.589710064572
5791.910998	1.589346005151
5792.200601	1.589076290566
5792.490218	1.588863318686
5792.779850	1.588680777049
5793.069496	1.588512896246
5793.359157	1.588351393529
5793.648832	1.588192410814
5793.938522	1.588034351818
5794.228226	1.587876653025
5794.517945	1.587719198185
5794.807678	1.587562090831
5795.097426	1.587405585129
5795.387188	1.587250072303
5795.676964	1.587096087269
5795.966755	1.586944426242
5796.256561	1.586796688028
5796.546381	1.586656954159
5796.836216	1.586535823543
5797.126065	1.586458322274
5797.415928	1.586476563055
5797.705806	1.586685409644
5797.995699	1.587234327530
5798.285606	1.588322689439
5798.575527	1.590164266736
5798.865463	1.592915925865
5799.155414	1.596588173174
5799.445379	1.600980394722
5799.735359	1.605690778015
5800.025353	1.610220980169
5800.315361	1.614137620821
5800.605384	1.617204384450
5800.895422	1.619404820430
5801.185474	1.620842991919
5801.475540	1.621591564445
5801.765621	1.621590752258
5802.055717	1.620661050777
5802.345827	1.618613395850
5802.635951	1.615383067542
5802.926090	1.611112458318
5803.216244	1.606147720572
5803.506412	1.600960410817
5803.796595	1.596032000688
5804.086792	1.591745129020
5804.377003	1.588315773147
5804.667229	1.585781870557
5804.957470	1.584041546174
5805.247725	1.582917246850
5805.537995	1.582217979156
5805.828279	1.581780675640
5806.118578	1.581487987150
5806.408891	1.581268058451
5806.699218	1.581081822699
5806.989561	1.580909731466
5807.279917	1.580743012980
5807.570289	1.580578161731
5807.860674	1.580413930100
5808.151075	1.580249949547
5808.441490	1.580086182216
5808.731919	1.579922740101
5809.022363	1.579759858796
5809.312821	1.579597994941
5809.603294	1.579438163586
5809.893781	1.579282822222
5810.184283	1.579137780829
5810.474800	1.579015620491
5810.765331	1.578940557826
5811.055876	1.578953270060
5811.346436	1.579112001800
5811.637011	1.579484500257
5811.927600	1.580126388904
5812.218204	1.581047510231
5812.508822	1.582177887483
5812.799455	1.583353276692
5813.090102	1.584338674962
5813.380764	1.584892013394
5813.671440	1.584846348959
5813.962131	1.584172771741
5814.252836	1.582991696947
5814.543556	1.581526584635
5814.834291	1.580024287631
5815.125040	1.578680722012
5815.415803	1.577601369038
5815.706581	1.576803104645
5815.997374	1.576243395131
5816.288181	1.575855903728
5816.579003	1.575577180608
5816.869839	1.575359459849
5817.160690	1.575172394384
5817.451555	1.574999212314
5817.742435	1.574831718500
5818.033329	1.574666339462
5818.324238	1.574501676812
5818.615161	1.574337241221
5818.906100	1.574172882842
5819.197052	1.574008567198
5819.488019	1.573844291898
5819.779001	1.573680057640
5820.069997	1.573515854186
5820.361008	1.573351656249
5820.652033	1.573187424740
5820.943073	1.573023117787
5821.234128	1.572858703343
5821.525197	1.572694172249
5821.816280	1.572529540781
5822.107378	1.572364845177
5822.398491	1.572200127874
5822.689618	1.572035424846
5822.980760	1.571870756714
5823.271916	1.571706129047
5823.563087	1.571541535547
5823.854272	1.571376965517
5824.145472	1.571212407406
5824.436687	1.571047850688
5824.727916	1.570883223543
5825.019160	1.570717947219
5825.310418	1.570550550075
5825.601691	1.570380652786
5825.892978	1.570209685703
5826.184280	1.570038551270
5826.475597	1.569867400264
5826.766928	1.569696240834
5827.058273	1.569525072710
5827.349633	1.569353896124
5827.641008	1.569182710883
5827.932398	1.569011517185
5828.223801	1.568840314878
5828.515220	1.568669104118
5828.806653	1.568497884761
5829.098101	1.568326657179
5829.389563	1.568155421231
5829.681040	1.567984177418
5829.972531	1.567812925659
5830.264037	1.567641666484
5830.555557	1.567470399566
5830.847092	1.567299124874
5831.138642	1.567127841651
5831.430206	1.566956549332
5831.721785	1.566785247454
5832.013378	1.566613938198
5832.304986	1.566442630675
5832.596609	1.566271357770
5832.888246	1.566100220787
5833.179898	1.565929505795
5833.471564	1.565759942827
5833.763245	1.565593210066
5834.054940	1.565432754648
5834.346650	1.565284844690
5834.638375	1.565159405397
5834.930114	1.565069728626
5835.221868	1.565029895457
5835.513636	1.565049266138
5835.805419	1.565124994199
5836.097217	1.565235702386
5836.389029	1.565340743415
5836.680856	1.565388128724
5836.972697	1.565330006435
5837.264553	1.565139637993
5837.556424	1.564821681357
5837.848309	1.564410409913
5838.140208	1.563956787028
5838.432123	1.563511053600
5838.724052	1.563108871789
5839.015995	1.562765874350
5839.307953	1.562480387024
5839.599926	1.562240572819
5839.891913	1.562031719852
5840.183915	1.561841083823
5840.475932	1.561659810570
5840.767963	1.561482792654
5841.060008	1.561307607605
5841.352069	1.561133387431
5841.644144	1.560960027601
5841.936233	1.560787845895
5842.228337	1.560617649002
5842.520456	1.560451124390
5842.812589	1.560291403763
5843.104737	1.560143514623
5843.396900	1.560014220818
5843.689077	1.559910665247
5843.981269	1.559837508085
5844.273475	1.559793170543
5844.565696	1.559767095191
5844.857932	1.559739388693
5845.150182	1.559683242267
5845.442447	1.559573402018
5845.734726	1.559396548281
5846.027020	1.559156384702
5846.319329	1.558872424176
5846.611652	1.558573347442
5846.903990	1.558287883005
5847.196342	1.558037029656
5847.488710	1.557829964941
5847.781091	1.557663834092
5848.073488	1.557526307289
5848.365899	1.557399705586
5848.658324	1.557265842903
5848.950765	1.557110738451
5849.243219	1.556928014490
5849.535689	1.556719813789
5849.828173	1.556494868160
5850.120672	1.556264634296
5850.413185	1.556039262456
5850.705713	1.555825024353
5850.998256	1.555623821491
5851.290813	1.555434307910
5851.583385	1.555253605253
5851.875971	1.555078731102
5852.168572	1.554907354206
5852.461188	1.554737954390
5852.753818	1.554569656699
5853.046463	1.554401992531
5853.339123	1.554234710749
5853.631797	1.554067669062
5853.924486	1.553900777631
5854.217190	1.553733972942
5854.509908	1.553567201820
5854.802641	1.553400416448
5855.095388	1.553233574897
5855.388150	1.553066649318
5855.680927	1.552899631479
5855.973718	1.552732537051
5856.266524	1.552565400477
5856.559345	1.552398269829
5856.852180	1.552231202077
5857.145030	1.552064266017
5857.437895	1.551897547041
5857.730774	1.551731148225
5858.023668	1.551565171585
5858.316576	1.551399677071
5858.609500	1.551234623931
5858.902437	1.551069823609
5859.195390	1.550904938255
5859.488357	1.550739549916
5859.781339	1.550573285857
5860.074335	1.550405952271
5860.367346	1.550237607636
5860.660372	1.550068540802
5860.953412	1.549899161655
5861.246467	1.549729863587
5861.539537	1.549560917440
5861.832621	1.549392435893
5862.125720	1.549224398559
5862.418834	1.549056710661
5862.711962	1.548889258092
5863.005105	1.548721944009
5863.298262	1.548554697257
5863.591435	1.548387334442
5863.884622	1.548218096114
5864.177823	1.548040591536
5864.471039	1.547850151667
5864.764270	1.547652389368
5865.057516	1.547453148451
5865.350776	1.547253798453
5865.644051	1.547054434524
5865.937340	1.546855055816
5866.230645	1.546655660588
5866.523963	1.546456252016
5866.817297	1.546256844333
5867.110645	1.546057485715
5867.404008	1.545858321770
5867.697386	1.545659762440
5867.990778	1.545462859321
5868.284185	1.545270050236
5868.577606	1.545086389680
5868.871042	1.544921163351
5869.164493	1.544789251592
5869.457959	1.544710886535
5869.751439	1.544708006828
5870.044934	1.544796087783
5870.338444	1.544972674140
5870.631968	1.545207218186
5870.925507	1.545439079199
5871.219060	1.545589057119
5871.512629	1.545584576971
5871.806212	1.545394777185
5872.099809	1.545081992991
5872.393422	1.544925209300
5872.687049	1.545808886917
5872.980690	1.550393207564
5873.274347	1.566227540793
5873.568018	1.613000365907
5873.861704	1.737191840087
5874.155404	2.037198822533
5874.449119	2.698086915366
5874.742849	4.024882133724
5875.036593	6.447813118578
5875.330353	10.460598216608
5875.624126	16.461333130906
5875.917915	24.508669415209
5876.211718	34.078444066004
5876.505536	43.964065136409
5876.799369	52.450520421604
5877.093216	57.775405337216
5877.387078	58.720534067096
5877.680955	55.064650703578
5877.974846	47.667397137486
5878.268752	38.141380552569
5878.562673	28.282581426844
5878.856609	19.533262902380
5879.150559	12.689269204309
5879.444524	7.902532938175
5879.738503	4.883851685086
5880.032497	3.158062435236
5880.326506	2.260313638496
5880.620530	1.834231004253
5880.914568	1.649328900567
5881.208622	1.575804129871
5881.502689	1.548927959984
5881.796772	1.539825825204
5882.090869	1.536898887355
5882.384981	1.535931656373
5882.679107	1.535533311007
5882.973249	1.535286210042
5883.267405	1.535076726965
5883.561576	1.534883321726
5883.855761	1.534718953561
5884.149961	1.534589100383
5884.444176	1.534474765162
5884.738406	1.534362975880
5885.032650	1.534251653143
5885.326909	1.534141647060
5885.621182	1.534036308289
5885.915471	1.533946056062
5886.209774	1.533900232287
5886.504092	1.533973463731
5886.798424	1.534336434557
5887.092772	1.535338026957
5887.387134	1.537609793808
5887.681510	1.542149232392
5887.975902	1.550294866426
5888.270308	1.563486043946
5888.564729	1.582755091596
5888.859165	1.608049770413
5889.153615	1.637678541083
5889.448080	1.668258791623
5889.742560	1.695394902558
5890.037054	1.714923375952
5890.331563	1.724176572352
5890.626087	1.722639806160
5890.920626	1.711722163197
5891.215179	1.693898172979
5891.509747	1.671794569345
5891.804330	1.647679492749
5892.098928	1.623406491355
5892.393540	1.600544243299
5892.688167	1.580406514391
5892.982809	1.563916140313
5893.277466	1.551440889205
5893.572137	1.542767824078
5893.866823	1.537265008523
5894.161523	1.534152695846
5894.456239	1.532766296361
5894.750969	1.532733187453
5895.045714	1.534041971499
5895.340474	1.537005889351
5895.635248	1.542114588486
5895.930037	1.549767461189
5896.224841	1.559925453210
5896.519660	1.571799907740
5896.814493	1.583760934292
5897.109341	1.593611610640
5897.404204	1.599212261992
5897.699082	1.599223051642
5897.993974	1.593613610808
5898.288881	1.583675293857
5898.583803	1.571528848781
5898.878739	1.559383994417
5899.173691	1.548902114064
5899.468657	1.540901639797
5899.763637	1.535428764613
5900.058633	1.532046744359
5900.353643	1.530154865369
5900.648668	1.529211230043
5900.943708	1.528827251591
5901.238763	1.528765449260
5901.533832	1.528891112207
5901.828916	1.529118182630
5902.124015	1.529371840129
5902.419129	1.529575288360
5902.714257	1.529657581800
5903.009400	1.529571262225
5903.304558	1.529304236708
5903.599730	1.528883132989
5903.894918	1.528373496784
5904.190120	1.527853662512
5904.485337	1.527384025814
5904.780568	1.527001585300
5905.075815	1.526728950658
5905.371076	1.526591966519
5905.666352	1.526640939904
5905.961643	1.526966634295
5906.256948	1.527699758972
5906.552268	1.528982349819
5906.847603	1.530906224384
5907.142953	1.533430881521
5907.438318	1.536316227360
5907.733697	1.539117620542
5908.029091	1.541274950905
5908.324500	1.542281113098
5908.619923	1.541863032266
5908.915362	1.540087864519
5909.210815	1.537339362322
5909.506283	1.534178279488
5909.801766	1.531159640204
5910.097263	1.528691466792
5910.392775	1.526981180341
5910.688302	1.526060415561
5910.983844	1.525843696135
5911.279401	1.526177694246
5911.574972	1.526864958554
5911.870558	1.527674542968
5912.166159	1.528362782124
5912.461775	1.528715807012
5912.757405	1.528602736563
5913.053051	1.528012694669
5913.348711	1.527052365038
5913.644386	1.525901737444
5913.940075	1.524748743518
5914.235780	1.523733099023
5914.531499	1.522920635788
5914.827233	1.522310519244
5915.122981	1.521862108355
5915.418745	1.521523907269
5915.714523	1.521252775785
5916.010316	1.521020661091
5916.306124	1.520812588785
5916.601947	1.520621423990
5916.897785	1.520443325363
5917.193637	1.520275303099
5917.489504	1.520114531597
5917.785386	1.519958493427
5918.081282	1.519805235848
5918.377194	1.519653447325
5918.673120	1.519502357056
5918.969061	1.519351565421
5919.265017	1.519200887796
5919.560988	1.519050249456
5919.856973	1.518899624244
5920.152973	1.518749006196
5920.448988	1.518598395718
5920.745018	1.518447794155
5921.041063	1.518297199240
5921.337122	1.518146605318
5921.633197	1.517996003268
5921.929286	1.517845385791
5922.225390	1.517694753472
5922.521508	1.517544121233
5922.817642	1.517393510822
5923.113790	1.517242923552
5923.409953	1.517092360308
5923.706131	1.516941872150
5924.002324	1.516791477096
5924.298531	1.516641109645
5924.594754	1.516490654884
5924.890991	1.516339992471
5925.187243	1.516189038312
5925.483509	1.516037776619
5925.779791	1.515886264349
5926.076087	1.515734609493
5926.372399	1.515582930755
5926.668725	1.515431322649
5926.965066	1.515279835466
5927.261421	1.515128477125
5927.557792	1.514977226620
5927.854177	1.514826052426
5928.150577	1.514674925166
5928.446992	1.514523826431
5928.743422	1.514372753408
5929.039866	1.514221727153
5929.336326	1.514070805978
5929.632800	1.513920108683
5929.929289	1.513769837503
5930.225793	1.513620288155
5930.522312	1.513471815813
5930.818845	1.513324736860
5931.115394	1.513179164597
5931.411957	1.513034833631
5931.708535	1.512891003926
5932.005128	1.512746542353
5932.301735	1.512600202635
5932.598358	1.512451017090
5932.894995	1.512298624593
5933.191647	1.512143379092
5933.488314	1.511986189567
5933.784996	1.511828189984
5934.081693	1.511670397608
5934.378404	1.511513500435
5934.675131	1.511357808057
5934.971872	1.511203328156
5935.268628	1.511049887825
5935.565399	1.510897246858
5935.862184	1.510745176176
5936.158985	1.510593512205
5936.455800	1.510442211964
5936.752630	1.510291457157
5937.049475	1.510141867464
5937.346335	1.509994892722
5937.643210	1.509853395940
5937.940100	1.509722287231
5938.237004	1.509608794669
5938.533923	1.509521696842
5938.830858	1.509468870882
5939.127806	1.509453140925
5939.424770	1.509467659443
5939.721749	1.509493282804
5940.018742	1.509500535536
5940.315751	1.509457020318
5940.612774	1.509338058082
5940.909812	1.509135849821
5941.206865	1.508862516128
5941.503933	1.508545409085
5941.801015	1.508217158092
5942.098113	1.507905397250
5942.395225	1.507626494435
5942.692352	1.507384805956
5942.989494	1.507176013006
5943.286651	1.506991720154
5943.583823	1.506823268163
5943.881010	1.506663885395
5944.178211	1.506509153408
5944.475428	1.506356568122
5944.772659	1.506204876024
5945.069905	1.506053518310
5945.367166	1.505902270899
5945.664442	1.505751053027
5945.961732	1.505599838186
5946.259038	1.505448618652
5946.556358	1.505297392160
5946.853693	1.505146158479
5947.151043	1.504994917259
5947.448408	1.504843669123
5947.745788	1.504692414195
5948.043183	1.504541153459
5948.340593	1.504389887774
5948.638017	1.504238618474
5948.935456	1.504087346388
5949.232911	1.503936071473
5949.530380	1.503784792283
5949.827864	1.503633505933
5950.125363	1.503482207992
5950.422876	1.503330894602
5950.720405	1.503179562984
5951.017948	1.503028213111
5951.315507	1.502876847232
5951.613080	1.502725469513
5951.910668	1.502574084002
5952.208271	1.502422694090
5952.505889	1.502271301263
5952.803521	1.502119905782
5953.101169	1.501968506587
5953.398832	1.501817102789
5953.696509	1.501665693044
5953.994201	1.501514276853
5954.291908	1.501362853377
5954.589630	1.501211422731
5954.887367	1.501059984427
5955.185119	1.500908538763
5955.482886	1.500757085423
5955.780667	1.500605624595
5956.078464	1.500454156081
5956.376275	1.500302680088
5956.674102	1.500151196453
5956.971943	1.499999705360
5957.269799	1.499848206517
5957.567670	1.499696700278
5957.865556	1.499545186318
5958.163456	1.499393664897
5958.461372	1.499242135803
5958.759302	1.499090599242
5959.057248	1.498939054970
5959.355208	1.498787503274
5959.653183	1.498635943948
5959.951173	1.498484377132
5960.249178	1.498332802676
5960.547198	1.498181220823
5960.845233	1.498029631270
5961.143283	1.497878034271
5961.441347	1.497726429535
5961.739427	1.497574817316
5962.037521	1.497423201982
5962.335631	1.497271675087
5962.633755	1.497120784053
5962.931894	1.496971405010
5963.230048	1.496823313745
5963.528217	1.496675611992
5963.826401	1.496527945013
5964.124600	1.496380272162
5964.422813	1.496232591800
5964.721042	1.496084904251
5965.019286	1.495937209146
5965.317544	1.495789506839
5965.615817	1.495641796989
5965.914106	1.495494079866
5966.212409	1.495346355312
5966.510727	1.495198623459
5966.809060	1.495050884116
5967.107408	1.494903137517
5967.405771	1.494755383507
5967.704148	1.494607622428
5968.002541	1.494459854347
5968.300949	1.494312079992
5968.599371	1.494164299938
5968.897808	1.494016515645
5969.196261	1.493868728235
5969.494728	1.493720938966
5969.793210	1.493573147707
5970.091707	1.493425353255
5970.390219	1.493277551949
5970.688746	1.493129739249
5970.987288	1.492981910192
5971.285845	1.492834061778
5971.584417	1.492686193319
5971.883004	1.492538307744
5972.181605	1.492390409222
5972.480222	1.492242502892
5972.778853	1.492094592431
5973.077500	1.491946680035
5973.376161	1.491798765666
5973.674837	1.491650848789
5973.973529	1.491502927757
5974.272235	1.491355001568
5974.570956	1.491207069174
5974.869692	1.491059130363
5975.168443	1.490911185330
5975.467209	1.490763235590
5975.765989	1.490615284305
5976.064785	1.490467338455
5976.363596	1.490319409253
5976.662422	1.490171514451
5976.961262	1.490023675305
5977.260118	1.489875912244
5977.558988	1.489728233823
5977.857874	1.489580626188
5978.156774	1.489433044763
5978.455689	1.489285418662
5978.754620	1.489137667028
5979.053565	1.488989725931
5979.352525	1.488841571362
5979.651500	1.488693230873
5979.950490	1.488544775244
5980.249495	1.488396303407
5980.548515	1.488247932573
5980.847550	1.488099816774
5981.146600	1.487952201475
5981.445665	1.487805511928
5981.744744	1.487660438435
5982.043839	1.487517979969
5982.342949	1.487379589429
5982.642073	1.487247405919
5982.941213	1.487122389995
5983.240367	1.487002074743
5983.539537	1.486882414977
5983.838721	1.486759179687
5984.137921	1.486628414042
5984.437135	1.486487561612
5984.736365	1.486336413944
5985.035609	1.486177193270
5985.334868	1.486013701664
5985.634142	1.485849984405
5985.933431	1.485689142826
5986.232736	1.485532755967
5986.532055	1.485380972602
5986.831389	1.485233021818
5987.130738	1.485087794726
5987.430102	1.484944264176
5987.729481	1.484801674053
5988.028875	1.484659559040
5988.328284	1.484517684792
5988.627708	1.484375985857
5988.927147	1.484234533951
5989.226600	1.484093546107
5989.526069	1.483953408885
5989.825553	1.483814682074
5990.125052	1.483678024037
5990.424566	1.483543999959
5990.724094	1.483412779309
5991.023638	1.483283824097
5991.323197	1.483155734461
5991.622770	1.483026413473
5991.922359	1.482893577177
5992.221962	1.482755449327
5992.521581	1.482611340045
5992.821215	1.482461847822
5993.120863	1.482308602649
5993.420527	1.482153701743
5993.720205	1.481999100604
5994.019899	1.481846192430
5994.319607	1.481695664802
5994.619331	1.481547591987
5994.919069	1.481401645334
5995.218823	1.481257316870
5995.518591	1.481114085742
5995.818374	1.480971514367
5996.118173	1.480829282676
5996.417986	1.480687186969
5996.717815	1.480545119847
5997.017658	1.480403045729
5997.317516	1.480260972929
5997.617390	1.480118928200
5997.917278	1.479976933164
5998.217182	1.479834989829
5998.517100	1.479693074807
5998.817033	1.479551146820
5999.116982	1.479409160396
5999.416945	1.479267083816
5999.716923	1.479124909221
6000.016917	1.478982654972
6000.316925	1.478840355758
6000.616948	1.478698049723
6000.916987	1.478555765728
6001.217040	1.478413518346
6001.517108	1.478271308221
6001.817192	1.478129125410
6002.117290	1.477986906477
6002.417403	1.477844206693
6002.717532	1.477699977477
6003.017675	1.477554024398
6003.317834	1.477407371014
6003.618007	1.477260628619
6003.918195	1.477113938240
6004.218399	1.476967460437
6004.518617	1.476821667480
6004.818851	1.476677856878
6005.119099	1.476539240253
6005.419363	1.476412954618
6005.719641	1.476313131293
6006.019935	1.476264427388
6006.320243	1.476304046213
6006.620567	1.476478762004
6006.920905	1.476833254589
6007.221259	1.477388871097
6007.521627	1.478118299244
6007.822011	1.478928625745
6008.122409	1.479667351728
6008.422823	1.480158125928
6008.723252	1.480256994588
6009.023695	1.479905111705
6009.324154	1.479151587624
6009.624628	1.478134411895
6009.925117	1.477029517049
6010.225620	1.475993654480
6010.526139	1.475126022635
6010.826673	1.474459554274
6011.127222	1.473976306348
6011.427786	1.473632667888
6011.728365	1.473381355839
6012.028959	1.473184021463
6012.329567	1.473014884399
6012.630191	1.472858997651
6012.930831	1.472708736008
6013.231485	1.472560637351
6013.532154	1.472413291752
6013.832838	1.472266181998
6014.133537	1.472119136289
6014.434251	1.471972103039
6014.734980	1.471825067439
6015.035725	1.471678025551
6015.336484	1.471530975466
6015.637258	1.471383916512
6015.938048	1.471236847916
6016.238852	1.471089769909
6016.539672	1.470942682870
6016.840506	1.470795587867
6017.141356	1.470648485469
6017.442220	1.470501376509
6017.743100	1.470354261090
6018.043995	1.470207139385
6018.344904	1.470060010976
6018.645829	1.469912875841
6018.946769	1.469765733611
6019.247724	1.469618584414
6019.548694	1.469471428130
6019.849679	1.469324265115
6020.150679	1.469177095689
6020.451694	1.469029920847
6020.752724	1.468882741290
6021.053769	1.468735558429
6021.354829	1.468588372473
6021.655904	1.468441183502
6021.956995	1.468294003614
6022.258100	1.468147078423
6022.559220	1.468001749627
6022.860356	1.467859880846
6023.161507	1.467720708557
6023.462672	1.467582280072
6023.763853	1.467443911436
6024.065049	1.467305535428
6024.366259	1.467167153304
6024.667485	1.467028767735
6024.968726	1.466890379634
6025.269982	1.466751988849
6025.571253	1.466613594389
6025.872539	1.466475195444
6026.173840	1.466336790807
6026.475157	1.466198380256
6026.776488	1.466059963277
6027.077834	1.465921540259
6027.379196	1.465783111579
6027.680572	1.465644678750
6027.981964	1.465506243401
6028.283370	1.465367808061
6028.584792	1.465229374907
6028.886229	1.465090945039
6029.187681	1.464952517101
6029.489148	1.464814086463
6029.790630	1.464675645115
6030.092127	1.464537184425
6030.393639	1.464398696712
6030.695166	1.464260179287
6030.996708	1.464121634418
6031.298266	1.463983069264
6031.599838	1.463844492588
6031.901426	1.463705912609
6032.203028	1.463567334143
6032.504646	1.463428759148
6032.806279	1.463290186751
6033.107927	1.463151615684
6033.409589	1.463013046513
6033.711268	1.462874488572
6034.012961	1.462735974647
6034.314669	1.462597602274
6034.616392	1.462459622644
6034.918130	1.462322617800
6035.219884	1.462187789638
6035.521652	1.462057336577
6035.823436	1.461934762500
6036.125235	1.461824799546
6036.427049	1.461732526210
6036.728877	1.461661433745
6037.030721	1.461610750550
6037.332581	1.461573119652
6037.634455	1.461534212364
6037.936344	1.461475431418
6038.238248	1.461379381349
6038.540168	1.461236001518
6038.842102	1.461046417095
6039.144052	1.460822503001
6039.446017	1.460582385418
6039.747997	1.460344211145
6040.049992	1.460121085965
6040.352002	1.459918993144
6040.654027	1.459737670622
6040.956067	1.459573126674
6041.258122	1.459420249848
6041.560193	1.459274578763
6041.862278	1.459133082545
6042.164379	1.458994304394
6042.466495	1.458858256358
6042.768626	1.458726353154
6043.070772	1.458602268860
6043.372933	1.458493012723
6043.675109	1.458407869034
6043.977300	1.458356247264
6044.279507	1.458344388440
6044.581728	1.458370707043
6044.883965	1.458421744095
6045.186217	1.458471499763
6045.488484	1.458486095388
6045.790766	1.458433252840
6046.093063	1.458293117292
6046.395375	1.458065487422
6046.697702	1.457769854686
6047.000045	1.457438259360
6047.302402	1.457104523753
6047.604775	1.456794786042
6047.907163	1.456522781829
6048.209566	1.456290409349
6048.511984	1.456091685217
6048.814417	1.455917445193
6049.116865	1.455758876274
6049.419328	1.455609254568
6049.721807	1.455464226540
6050.024301	1.455321330182
6050.326809	1.455179329187
6050.629333	1.455037668095
6050.931872	1.454896121391
6051.234426	1.454754606608
6051.536996	1.454613096114
6051.839580	1.454471581666
6052.142180	1.454330060737
6052.444794	1.454188533090
6052.747424	1.454046998253
6053.050069	1.453905456473
6053.352729	1.453763907481
6053.655404	1.453622351521
6053.958095	1.453480788444
6054.260800	1.453339218313
6054.563521	1.453197641023
6054.866257	1.453056056768
6055.169007	1.452914465291
6055.471773	1.452772866912
6055.774555	1.452631261354
6056.077351	1.452489648889
6056.380162	1.452348029361
6056.682989	1.452206403203
6056.985831	1.452064770414
6057.288688	1.451923131645
6057.591560	1.451781487112
6057.894447	1.451639837385
6058.197349	1.451498182398
6058.500266	1.451356521862
6058.803199	1.451214854581
6059.106147	1.451073179157
6059.409110	1.450931493737
6059.712088	1.450789797304
6060.015081	1.450648089355
6060.318089	1.450506370918
6060.621113	1.450364643208
6060.924151	1.450222908183
6061.227205	1.450081166940
6061.530274	1.449939420441
6061.833358	1.449797668726
6062.136457	1.449655912766
6062.439572	1.449514179450
6062.742701	1.449372677934
6063.045846	1.449231859274
6063.349006	1.449091753679
6063.652181	1.448951912205
6063.955371	1.448812100581
6064.258576	1.448672286660
6064.561797	1.448532476282
6064.865033	1.448392688266
6065.168283	1.448252969609
6065.471549	1.448113422779
6065.774831	1.447974249157
6066.078127	1.447835794969
6066.381438	1.447698576724
6066.684765	1.447563233569
6066.988107	1.447430362422
6067.291464	1.447300225865
6067.594836	1.447172413762
6067.898223	1.447045627050
6068.201626	1.446917777562
6068.505044	1.446786481278
6068.808476	1.446649816460
6069.111924	1.446507018448
6069.415388	1.446358772404
6069.718866	1.446206946384
6070.022359	1.446053911679
6070.325868	1.445901782015
6070.629392	1.445751906538
6070.932931	1.445604751940
6071.236485	1.445460112852
6071.540055	1.445317467218
6071.843639	1.445176330471
6072.147239	1.445036553417
6072.450854	1.444898609956
6072.754484	1.444763931680
6073.058130	1.444635270366
6073.361790	1.444516884190
6073.665466	1.444414157283
6073.969157	1.444332224634
6074.272863	1.444273506183
6074.576584	1.444234786488
6074.880320	1.444205288837
6075.184072	1.444167417642
6075.487839	1.444100931222
6075.791621	1.443989448941
6076.095418	1.443826492266
6076.399230	1.443618015773
6076.703058	1.443380067693
6077.006901	1.443132794152
6077.310758	1.442893814114
6077.614632	1.442673878762
6077.918520	1.442476064436
6078.222423	1.442297786359
6078.526342	1.442133884996
6078.830276	1.441979196699
6079.134225	1.441829885377
6079.438190	1.441683645570
6079.742169	1.441539297615
6080.046164	1.441396268141
6080.350174	1.441254223462
6080.654199	1.441112899984
6080.958239	1.440972066242
6081.262295	1.440831532937
6081.566365	1.440691164841
6081.870451	1.440550877392
6082.174552	1.440410625647
6082.478669	1.440270393542
6082.782800	1.440130228115
6083.086947	1.439990381982
6083.391109	1.439851171882
6083.695286	1.439712459911
6083.999478	1.439573949849
6084.303686	1.439435546967
6084.607909	1.439297221847
6084.912147	1.439158919816
6085.216400	1.439020558088
6085.520668	1.438882046349
6085.824952	1.438743317127
6086.129251	1.438604350423
6086.433565	1.438465182268
6086.737894	1.438325889617
6087.042239	1.438186563069
6087.346599	1.438047276758
6087.650973	1.437908072901
6087.955364	1.437768959691
6088.259769	1.437629923198
6088.564190	1.437490940420
6088.868625	1.437351991594
6089.173076	1.437213065938
6089.477543	1.437074167072
6089.782024	1.436935317711
6090.086521	1.436796570595
6090.391033	1.436658019833
6090.695560	1.436519809606
6091.000102	1.436382121556
6091.304660	1.436245130646
6091.609233	1.436108921319
6091.913821	1.435973389967
6092.218424	1.435838179814
6092.523043	1.435702716096
6092.827677	1.435566387602
6093.132326	1.435428911145
6093.436990	1.435290968643
6093.741669	1.435155451181
6094.046364	1.435030125834
6094.351074	1.434933137831
6094.655799	1.434902932634
6094.960539	1.435012873235
6095.265295	1.435386822139
6095.570066	1.436205173320
6095.874852	1.437684520898
6096.179653	1.440015291149
6096.484470	1.443258202698
6096.789302	1.447231280478
6097.094149	1.451449184578
6097.399011	1.455177668227
6097.703889	1.457621462994
6098.008782	1.458187506599
6098.313690	1.456705837809
6098.618613	1.453496059146
6098.923552	1.449243812161
6099.228505	1.444752529574
6099.533475	1.440692792023
6099.838459	1.437453774505
6100.143458	1.435129992039
6100.448473	1.433606247338
6100.753503	1.432673486661
6101.058549	1.432121415305
6101.363609	1.431786716044
6101.668685	1.431563105499
6101.973776	1.431390625744
6102.278882	1.431239430631
6102.584004	1.431096272241
6102.889141	1.430955893923
6103.194293	1.430816672933
6103.499460	1.430678977525
6103.804643	1.430543306226
6104.109841	1.430408731972
6104.415054	1.430274369739
6104.720282	1.430140022300
6105.025526	1.430005687548
6105.330785	1.429871395603
6105.636059	1.429737211416
6105.941348	1.429603261772
6106.246653	1.429469762025
6106.551973	1.429337028895
6106.857308	1.429205445521
6107.162659	1.429075354439
6107.468024	1.428946875018
6107.773405	1.428819703033
6108.078802	1.428692996787
6108.384213	1.428565466747
6108.689640	1.428435700022
6108.995082	1.428302626260
6109.300540	1.428165914530
6109.606012	1.428026103121
6109.911500	1.427884390626
6110.217003	1.427742201002
6110.522522	1.427600735642
6110.828056	1.427460703138
6111.133605	1.427322287952
6111.439169	1.427185298834
6111.744749	1.427049375947
6112.050344	1.426914162639
6112.355954	1.426779399594
6112.661579	1.426644952611
6112.967220	1.426510796582
6113.272876	1.426376978874
6113.578547	1.426243565977
6113.884234	1.426110580950
6114.189936	1.425977941474
6114.495653	1.425845427227
6114.801385	1.425712701086
6115.107133	1.425579399997
6115.412896	1.425445271632
6115.718674	1.425310321474
6116.024468	1.425174940161
6116.330277	1.425040036867
6116.636101	1.424907239386
6116.941940	1.424779204724
6117.247795	1.424659941081
6117.553665	1.424554818842
6117.859550	1.424469769738
6118.165451	1.424409290205
6118.471367	1.424373444388
6118.777298	1.424354982484
6119.083245	1.424338388146
6119.389206	1.424302387614
6119.695184	1.424225903419
6120.001176	1.424095314726
6120.307184	1.423909617555
6120.613207	1.423680819061
6120.919245	1.423429345098
6121.225299	1.423176861555
6121.531367	1.422939933344
6121.837452	1.422726953280
6122.143551	1.422538663648
6122.449666	1.422370902214
6122.755796	1.422217720348
6123.061942	1.422073614625
6123.368102	1.421934498515
6123.674278	1.421797570008
6123.980470	1.421660818447
6124.286676	1.421523520938
6124.592898	1.421386197934
6124.899136	1.421249661009
6125.205388	1.421115549146
6125.511656	1.420988113760
6125.817940	1.420877435716
6126.124238	1.420804877930
6126.430552	1.420810607078
6126.736881	1.420960725979
6127.043226	1.421348152569
6127.349585	1.422078741792
6127.655961	1.423236144802
6127.962351	1.424828582192
6128.268757	1.426736688511
6128.575178	1.428694038792
6128.881614	1.430328185865
6129.188066	1.431263549492
6129.494533	1.431250029855
6129.801016	1.430257615898
6130.107513	1.428488138483
6130.414026	1.426297960543
6130.720555	1.424071904027
6131.027098	1.422109180513
6131.333657	1.420565681608
6131.640232	1.419460420518
6131.946821	1.418722867418
6132.253426	1.418248407361
6132.560047	1.417938851555
6132.866682	1.417721173373
6133.173333	1.417549412079
6133.480000	1.417398363736
6133.786681	1.417255790426
6134.093378	1.417116376346
6134.400091	1.416978039112
6134.706818	1.416840038107
6135.013561	1.416702131643
6135.320320	1.416564247031
6135.627093	1.416426363292
6135.933883	1.416288474819
6136.240687	1.416150579916
6136.547507	1.416012678440
6136.854342	1.415874769948
6137.161192	1.415736854814
6137.468058	1.415598932506
6137.774939	1.415461003568
6138.081835	1.415323067580
6138.388747	1.415185124844
6138.695674	1.415047175065
6139.002617	1.414909218573
6139.309574	1.414771255233
6139.616548	1.414633285303
6139.923536	1.414495308840
6140.230540	1.414357326464
6140.537559	1.414219338362
6140.844594	1.414081345227
6141.151644	1.413943347035
6141.458709	1.413805343808
6141.765789	1.413667334469
6142.072885	1.413529317752
6142.379997	1.413391291724
6142.687123	1.413253255070
6142.994265	1.413115207054
6143.301423	1.412977148211
6143.608596	1.412839088834
6143.915784	1.412701187432
6144.222987	1.412564282913
6144.530206	1.412429517608
6144.837440	1.412296403579
6145.144690	1.412163743350
6145.451955	1.412031121576
6145.759235	1.411898495491
6146.066531	1.411765863237
6146.373842	1.411633224755
6146.681168	1.411500579634
6146.988510	1.411367928054
6147.295867	1.411235269794
6147.603239	1.411102605150
6147.910627	1.410969933929
6148.218030	1.410837256730
6148.525449	1.410704573999
6148.832883	1.410571887316
6149.140332	1.410439198612
6149.447797	1.410306511135
6149.755277	1.410173828216
6150.062772	1.410041152976
6150.370283	1.409908485627
6150.677809	1.409775822617
6150.985351	1.409643155075
6151.292908	1.409510471039
6151.600480	1.409377758149
6151.908068	1.409245009368
6152.215671	1.409112226551
6152.523290	1.408979424120
6152.830923	1.408846628871
6153.138573	1.408713880559
6153.446237	1.408581229174
6153.753917	1.408448730746
6154.061613	1.408316433875
6154.369323	1.408184359207
6154.677050	1.408052473184
6154.984791	1.407920672454
6155.292548	1.407788789952
6155.600320	1.407656634752
6155.908108	1.407524051388
6156.215911	1.407390977108
6156.523730	1.407257465045
6156.831564	1.407123664234
6157.139413	1.406989763875
6157.447278	1.406855933495
6157.755158	1.406722284570
6158.063053	1.406588874972
6158.370964	1.406455773923
6158.678890	1.406323250453
6158.986832	1.406192276602
6159.294789	1.406065820801
6159.602761	1.405951871659
6159.910749	1.405869666026
6160.218752	1.405860654177
6160.526771	1.406004217874
6160.834805	1.406433815126
6161.142855	1.407342055806
6161.450919	1.408956899776
6161.759000	1.411473159519
6162.067095	1.414941933100
6162.375206	1.419153490432
6162.683333	1.423579593896
6162.991475	1.427439576740
6163.299632	1.429904896473
6163.607805	1.430376218115
6163.915993	1.428707690749
6164.224196	1.425264107231
6164.532415	1.420780579239
6164.840649	1.416098773532
6165.148899	1.411906821198
6165.457164	1.408591034495
6165.765445	1.406232333001
6166.073741	1.404700071025
6166.382052	1.403772652806
6166.690379	1.403231773124
6166.998721	1.402910030321
6167.307079	1.402699544997
6167.615452	1.402539996071
6167.923841	1.402401694662
6168.232244	1.402271875889
6168.540664	1.402146299666
6168.849098	1.402025289846
6169.157549	1.401912652950
6169.466014	1.401816070138
6169.774495	1.401747653150
6170.082992	1.401723196297
6170.391504	1.401758664298
6170.700031	1.401863325835
6171.008574	1.402030990760
6171.317132	1.402233338160
6171.625705	1.402420438861
6171.934294	1.402531498770
6172.242899	1.402513608778
6172.551519	1.402340810441
6172.860154	1.402024126584
6173.168805	1.401607261562
6173.477471	1.401150271168
6173.786152	1.400709509000
6174.094849	1.400322918788
6174.403562	1.400005371129
6174.712290	1.399752937481
6175.021033	1.399551401146
6175.329792	1.399384247390
6175.638566	1.399237579263
6175.947356	1.399101801068
6176.256161	1.398971224331
6176.564981	1.398842889702
6176.873817	1.398715428534
6177.182669	1.398588274164
6177.491536	1.398461214929
6177.800418	1.398334179806
6178.109316	1.398207146923
6178.418229	1.398080110360
6178.727157	1.397953068187
6179.036101	1.397826019969
6179.345061	1.397698964808
6179.654036	1.397571902480
6179.963026	1.397444832311
6180.272032	1.397317754594
6180.581054	1.397190669291
6180.890090	1.397063577214
6181.199143	1.396936478624
6181.508210	1.396809374235
6181.817293	1.396682264173
6182.126392	1.396555149248
6182.435506	1.396428030945
6182.744636	1.396300914796
6183.053781	1.396173815045
6183.362941	1.396046767736
6183.672117	1.395919851473
6183.981308	1.395793220968
6184.290515	1.395667143301
6184.599737	1.395542019363
6184.908975	1.395418354198
6185.218228	1.395296642219
6185.527497	1.395177292341
6185.836781	1.395060985490
6186.146080	1.394949681266
6186.455395	1.394849116996
6186.764726	1.394774116941
6187.074072	1.394757076796
6187.383433	1.394858274240
6187.692810	1.395173287710
6188.002203	1.395828631704
6188.311610	1.396955041922
6188.621034	1.398633658017
6188.930473	1.400825824461
6189.239927	1.403317408145
6189.549397	1.405718418768
6189.858882	1.407543940874
6190.168382	1.408361604066
6190.477899	1.407946278843
6190.787430	1.406366719451
6191.096977	1.403958613789
6191.406540	1.401198503688
6191.716118	1.398543036372
6192.025712	1.396307134235
6192.335321	1.394621762992
6192.644945	1.393465534213
6192.954585	1.392734514843
6193.264241	1.392313317712
6193.573912	1.392128383305
6193.883598	1.392183524129
6194.193300	1.392585537386
6194.503017	1.393560610305
6194.812750	1.395446002590
6195.122499	1.398628022682
6195.432262	1.403403516459
6195.742042	1.409778680551
6196.051837	1.417278766825
6196.361647	1.424886470247
6196.671473	1.431208409227
6196.981314	1.434866904295
6197.291171	1.434975657396
6197.601043	1.431476383251
6197.910931	1.425161884941
6198.220834	1.417373423052
6198.530753	1.409529683011
6198.840687	1.402712646064
6199.150637	1.397468067142
6199.460602	1.393841307108
6199.770583	1.391557858759
6200.080580	1.390227559460
6200.390591	1.389490300585
6200.700619	1.389081148794
6201.010661	1.388834798628
6201.320720	1.388661298810
6201.630793	1.388517311680
6201.940883	1.388384177679
6202.250988	1.388254672188
6202.561108	1.388126269251
6202.871244	1.387998168462
6203.181395	1.387870139933
6203.491562	1.387742123155
6203.801744	1.387614103945
6204.111942	1.387486078986
6204.422155	1.387358047894
6204.732384	1.387230010298
6205.042629	1.387101966328
6205.352888	1.386973909295
6205.663164	1.386845739391
6205.973455	1.386716981444
6206.283761	1.386587092782
6206.594083	1.386456412094
6206.904421	1.386325530301
6207.214774	1.386194628782
6207.525142	1.386063727283
6207.835526	1.385932830409
6208.145926	1.385801942913
6208.456341	1.385671068161
6208.766771	1.385540206091
6209.077217	1.385409350354
6209.387679	1.385278488508
6209.698156	1.385147603410
6210.008649	1.385016678853
6210.319157	1.384885704449
6210.629681	1.384754680413
6210.940220	1.384623616688
6211.250775	1.384492529898
6211.561345	1.384361436812
6211.871931	1.384230350221
6212.182532	1.384099276214
6212.493149	1.383968215107
6212.803782	1.383837163471
6213.114430	1.383706116843
6213.425093	1.383575071099
6213.735772	1.383444023834
6214.046467	1.383312973641
6214.357177	1.383181920376
6214.667902	1.383050863837
6214.978643	1.382919803939
6215.289400	1.382788739310
6215.600172	1.382657668135
6215.910960	1.382526587418
6216.221763	1.382395494836
6216.532582	1.382264388850
6216.843417	1.382133269705
6217.154267	1.382002138994
6217.465132	1.381870999645
6217.776013	1.381739854206
6218.086910	1.381608704997
6218.397822	1.381477552759
6218.708750	1.381346398013
6219.019693	1.381215240298
6219.330652	1.381084079376
6219.641626	1.380952914524
6219.952616	1.380821745428
6220.263621	1.380690570846
6220.574642	1.380559389590
6220.885679	1.380428199673
6221.196731	1.380296999735
6221.507798	1.380165788571
6221.818881	1.380034566735
6222.129980	1.379903335312
6222.441094	1.379772097378
6222.752224	1.379640856782
6223.063370	1.379509619899
6223.374531	1.379378395863
6223.685707	1.379247198647
6223.996899	1.379116046136
6224.308107	1.378984957528
6224.619330	1.378853945271
6224.930569	1.378723005728
6225.241823	1.378592110681
6225.553093	1.378461211767
6225.864378	1.378330266290
6226.175679	1.378199310403
6226.486996	1.378068613976
6226.798328	1.377939058519
6227.109676	1.377813138486
6227.421039	1.377696854831
6227.732418	1.377602620891
6228.043812	1.377553323821
6228.355222	1.377586071558
6228.666648	1.377752167256
6228.978089	1.378108702470
6229.289546	1.378698510114
6229.601018	1.379520913171
6229.912506	1.380504339162
6230.224009	1.381498236728
6230.535528	1.382298481347
6230.847063	1.382705348954
6231.158613	1.382592891710
6231.470178	1.381957165728
6231.781760	1.380918587367
6232.093357	1.379677502530
6232.404969	1.378446603457
6232.716597	1.377392546715
6233.028241	1.376608363287
6233.339900	1.376117557163
6233.651575	1.375895086089
6233.963265	1.375887890755
6234.274971	1.376026201462
6234.586693	1.376228103377
6234.898430	1.376405611531
6235.210182	1.376478023115
6235.521951	1.376390499849
6235.833735	1.376129143925
6236.145534	1.375723507866
6236.457349	1.375233846886
6236.769180	1.374728928076
6237.081026	1.374264751722
6237.392888	1.373872641906
6237.704765	1.373558943346
6238.016658	1.373312751843
6238.328567	1.373115851234
6238.640491	1.372950399352
6238.952431	1.372802766448
6239.264387	1.372664195443
6239.576358	1.372529794162
6239.888344	1.372397135567
6240.200346	1.372265122801
6240.512364	1.372133284682
6240.824398	1.372001415702
6241.136447	1.371869426723
6241.448511	1.371737292037
6241.760592	1.371605031201
6242.072687	1.371472691526
6242.384799	1.371340329686
6242.696926	1.371207992266
6243.009069	1.371075706577
6243.321227	1.370943478873
6243.633401	1.370811301116
6243.945590	1.370679158198
6244.257795	1.370547035605
6244.570016	1.370414921609
6244.882252	1.370282808920
6245.194504	1.370150693089
6245.506772	1.370018572274
6245.819055	1.369886445312
6246.131354	1.369754312027
6246.443668	1.369622172134
6246.755998	1.369490033653
6247.068344	1.369358090763
6247.380705	1.369227799668
6247.693082	1.369102243460
6248.005474	1.368981564126
6248.317882	1.368862691478
6248.630306	1.368744048402
6248.942745	1.368625409174
6249.255200	1.368506764148
6249.567671	1.368388113104
6249.880157	1.368269456229
6250.192659	1.368150793380
6250.505176	1.368032124957
6250.817709	1.367913451482
6251.130258	1.367794775816
6251.442822	1.367676105932
6251.755402	1.367557466160
6252.067998	1.367438918887
6252.380609	1.367320611575
6252.693236	1.367202853707
6253.005878	1.367086223151
6253.318536	1.366971661628
6253.631210	1.366860478273
6253.943900	1.366754139702
6254.256605	1.366653763545
6254.569325	1.366559370419
6254.882062	1.366469175811
6255.194813	1.366379364075
6255.507581	1.366284717507
6255.820364	1.366180085885
6256.133163	1.366062166366
6256.445978	1.365930756235
6256.758808	1.365788832892
6257.071653	1.365641415200
6257.384515	1.365493803258
6257.697392	1.365350035018
6258.010285	1.365212153200
6258.323193	1.365080360433
6258.636117	1.364953740225
6258.949056	1.364831120737
6259.262012	1.364711823226
6259.574983	1.364596252357
6259.887969	1.364486384894
6260.200971	1.364386106900
6260.513989	1.364301107916
6260.827023	1.364237845169
6261.140072	1.364201209564
6261.453137	1.364191158674
6261.766217	1.364199569437
6262.079314	1.364209290872
6262.392425	1.364197021537
6262.705553	1.364139911958
6263.018696	1.364023481511
6263.331855	1.363847121268
6263.645029	1.363624337011
6263.958219	1.363377592950
6264.271425	1.363130448818
6264.584646	1.362900724644
6264.897883	1.362697282669
6265.211136	1.362520705897
6265.524404	1.362366337888
6265.837688	1.362227671529
6266.150988	1.362098742707
6266.464304	1.361975183561
6266.777635	1.361854278875
6267.090981	1.361734555753
6267.404344	1.361615306658
6267.717722	1.361496220050
6268.031116	1.361377063120
6268.344525	1.361257248839
6268.657950	1.361136147579
6268.971391	1.361014148299
6269.284847	1.360891922897
6269.598319	1.360769674841
6269.911807	1.360647422967
6270.225310	1.360525167120
6270.538829	1.360402906478
6270.852364	1.360280639216
6271.165915	1.360158363874
6271.479481	1.360036082398
6271.793063	1.359913810260
6272.106660	1.359791610478
6272.420273	1.359669704017
6272.733902	1.359548788165
6273.047547	1.359430862745
6273.361207	1.359321115212
6273.674883	1.359231661394
6273.988574	1.359187812688
6274.302282	1.359236437180
6274.616005	1.359453336297
6274.929743	1.359942765205
6275.243498	1.360819762961
6275.557268	1.362168931301
6275.871053	1.363985089080
6276.184855	1.366118693289
6276.498672	1.368261356665
6276.812505	1.369999433980
6277.126353	1.370932502580
6277.440217	1.370812781748
6277.754097	1.369639522524
6278.067993	1.367659410994
6278.381904	1.365272670266
6278.695831	1.362893742516
6279.009773	1.360832442153
6279.323732	1.359239863705
6279.637706	1.358122460309
6279.951696	1.357396310021
6280.265701	1.356946255150
6280.579722	1.356666929913
6280.893759	1.356480442504
6281.207812	1.356337197908
6281.521880	1.356209248803
6281.835964	1.356082801962
6282.150063	1.355952562116
6282.464179	1.355818024275
6282.778310	1.355681014192
6283.092457	1.355543977765
6283.406619	1.355408883827
6283.720797	1.355276741040
6284.034991	1.355147630732
6284.349201	1.355021037315
6284.663426	1.354896228069
6284.977667	1.354772527110
6285.291924	1.354649436779
6285.606196	1.354526646659
6285.920484	1.354403987646
6286.234788	1.354281378460
6286.549108	1.354158783836
6286.863443	1.354036190193
6287.177794	1.353913592477
6287.492161	1.353790989154
6287.806543	1.353668379259
6288.120942	1.353545762812
6288.435356	1.353423140661
6288.749785	1.353300561129
6289.064231	1.353178539253
6289.378692	1.353058737898
6289.693168	1.352942073864
6290.007661	1.352827009183
6290.322169	1.352712229154
6290.636693	1.352597461488
6290.951233	1.352482688699
6291.265788	1.352367910987
6291.580359	1.352253128527
6291.894946	1.352138341888
6292.209549	1.352023551348
6292.524167	1.351908757276
6292.838801	1.351793959097
6293.153451	1.351679156003
6293.468117	1.351564346118
6293.782798	1.351449527909
6294.097495	1.351334699730
6294.412208	1.351219861503
6294.726936	1.351105014531
6295.041680	1.350990166059
6295.356440	1.350875350801
6295.671216	1.350760748532
6295.986007	1.350647233017
6296.300815	1.350538712401
6296.615638	1.350451145986
6296.930476	1.350443922998
6297.245331	1.350718110991
6297.560201	1.351891754664
6297.875087	1.355685363212
6298.189988	1.366421347551
6298.504906	1.393854456908
6298.819839	1.457624068975
6299.134788	1.592642351880
6299.449752	1.852753005242
6299.764733	2.307651849724
6300.079729	3.027251952609
6300.394741	4.051256233460
6300.709768	5.350622198110
6301.024812	6.798687665903
6301.339871	8.174342521656
6301.654946	9.210193578983
6301.970036	9.675417993534
6302.285143	9.459125552053
6302.600265	8.613240071851
6302.915403	7.332253834576
6303.230556	5.880666787595
6303.545726	4.504972789919
6303.860911	3.369831096606
6304.176112	2.538541265663
6304.491328	1.992462813346
6304.806561	1.668569297834
6305.121809	1.494351585334
6305.437073	1.409099656273
6305.752353	1.371043358036
6306.067648	1.355494682384
6306.382960	1.349642313290
6306.698287	1.347576513158
6307.013629	1.346854787425
6307.328988	1.346568330910
6307.644362	1.346412747546
6307.959752	1.346299186454
6308.275158	1.346213760344
6308.590580	1.346182952503
6308.906017	1.346299958084
6309.221470	1.346836821812
6309.536939	1.348544768045
6309.852424	1.353349311992
6310.167925	1.365746340398
6310.483441	1.395178432947
6310.798973	1.459271635548
6311.114521	1.586806883556
6311.430084	1.817834992970
6311.745664	2.197316885983
6312.061259	2.759628780925
6312.376870	3.505663091649
6312.692497	4.381024765772
6313.008139	5.268983512980
6313.323798	6.009570221442
6313.639472	6.444562922899
6313.955161	6.472116324276
6314.270867	6.085423200669
6314.586589	5.375417884421
6314.902326	4.496033812000
6315.218079	3.610153525285
6315.533848	2.842034546619
6315.849632	2.254387820653
6316.165433	1.852467733205
6316.481249	1.604785567796
6316.797081	1.466558467821
6317.112928	1.396440507069
6317.428792	1.364009233887
6317.744671	1.350279407755
6318.060566	1.344919338711
6318.376477	1.342950763235
6318.692404	1.342230065085
6319.008347	1.341927209620
6319.324305	1.341751887328
6319.640279	1.341612009048
6319.956269	1.341480937480
6320.272275	1.341351577339
6320.588296	1.341222180393
6320.904334	1.341092403610
6321.220387	1.340962297929
6321.536456	1.340832033410
6321.852540	1.340701788435
6322.168641	1.340571691753
6322.484757	1.340441800561
6322.800889	1.340312110819
6323.117037	1.340182582076
6323.433201	1.340053164495
6323.749381	1.339923815874
6324.065576	1.339794510249
6324.381787	1.339665238520
6324.698014	1.339536006479
6325.014257	1.339406829078
6325.330516	1.339277723699
6325.646790	1.339148698317
6325.963080	1.339019740936
6326.279386	1.338890811522
6326.595708	1.338761845789
6326.912046	1.338632770984
6327.228399	1.338503531522
6327.544769	1.338374110486
6327.861154	1.338244538884
6328.177555	1.338114883355
6328.493972	1.337985220486
6328.810404	1.337855607392
6329.126853	1.337726065201
6329.443317	1.337596577580
6329.759797	1.337467106991
6330.076293	1.337337614538
6330.392805	1.337208077814
6330.709332	1.337078503622
6331.025876	1.336949033412
6331.342435	1.336820326964
6331.659010	1.336693220323
6331.975601	1.336567320820
6332.292207	1.336441764864
6332.608830	1.336316260528
6332.925468	1.336190771553
6333.242122	1.336065289245
6333.558792	1.335939807978
6333.875478	1.335814323962
6334.192180	1.335688835388
6334.508897	1.335563341129
6334.825631	1.335437840949
6335.142380	1.335312334466
6335.459145	1.335186821860
6335.775926	1.335061303148
6336.092723	1.334935779268
6336.409535	1.334810252801
6336.726364	1.334684732857
6337.043208	1.334559246450
6337.360068	1.334433867145
6337.676944	1.334308773943
6337.993836	1.334184359636
6338.310743	1.334061389534
6338.627667	1.333941176479
6338.944606	1.333825660353
6339.261561	1.333717213255
6339.578532	1.333617990564
6339.895519	1.333528818745
6340.212522	1.333447939495
6340.529540	1.333370271115
6340.846575	1.333287894862
6341.163625	1.333192020761
6341.480691	1.333075858812
6341.797773	1.332937133475
6342.114871	1.332778969615
6342.431985	1.332608683333
6342.749114	1.332435111092
6343.066259	1.332265811261
6343.383421	1.332105321956
6343.700598	1.331954914751
6344.017791	1.331813487065
6344.335000	1.331678881673
6344.652224	1.331549053421
6344.969465	1.331422898392
6345.286721	1.331300892086
6345.603993	1.331185794921
6345.921282	1.331083498014
6346.238586	1.331003656847
6346.555905	1.330959232914
6346.873241	1.330963811455
6347.190593	1.331026102335
6347.507960	1.331142623682
6347.825344	1.331291709182
6348.142743	1.331433124615
6348.460158	1.331516165466
6348.777589	1.331494913616
6349.095036	1.331344593772
6349.412498	1.331071105872
6349.729977	1.330708727050
6350.047471	1.330307228364
6350.364982	1.329915030397
6350.682508	1.329566215858
6351.000050	1.329275909916
6351.317608	1.329043649428
6351.635182	1.328861011977
6351.952771	1.328719328842
6352.270377	1.328615034433
6352.587998	1.328551565054
6352.905636	1.328534931652
6353.223289	1.328566260532
6353.540958	1.328637990262
6353.858643	1.328730176094
6354.176344	1.328810032185
6354.494061	1.328838760555
6354.811793	1.328783582392
6355.129542	1.328629601169
6355.447306	1.328385557227
6355.765087	1.328080424168
6356.082883	1.327752635752
6356.400695	1.327437412777
6356.718523	1.327157821205
6357.036367	1.326922292397
6357.354226	1.326727651844
6357.672102	1.326564598392
6357.989994	1.326422675388
6358.307901	1.326293233994
6358.625824	1.326170379157
6358.943764	1.326050671335
6359.261719	1.325932435495
6359.579690	1.325815369712
6359.897677	1.325701362335
6360.215680	1.325599039434
6360.533698	1.325539695048
6360.851733	1.325625314926
6361.169784	1.326157043905
6361.487850	1.327939027943
6361.805932	1.332905986092
6362.124031	1.345228847149
6362.442145	1.372901399184
6362.760275	1.429371259891
6363.078421	1.534063948892
6363.396583	1.710003143100
6363.714760	1.976952722005
6364.032954	2.340324246571
6364.351164	2.779434767320
6364.669389	3.241678399051
6364.987631	3.649059768423
6365.305888	3.918514789439
6365.624161	3.989457401168
6365.942450	3.846114927523
6366.260755	3.523327136088
6366.579076	3.092863478355
6366.897413	2.637540684336
6367.215766	2.225872428932
6367.534135	1.897534055437
6367.852520	1.662506235859
6368.170920	1.509791262755
6368.489337	1.418915391888
6368.807769	1.369003236301
6369.126217	1.343510052720
6369.444682	1.331307195322
6369.763162	1.325785366505
6370.081658	1.323397468067
6370.400170	1.322396910206
6370.718698	1.321988061507
6371.037242	1.321835070284
6371.355802	1.321805731935
6371.674378	1.321846733302
6371.992969	1.321926179731
6372.311577	1.322010538543
6372.630200	1.322060924788
6372.948840	1.322040594163
6373.267495	1.321926585228
6373.586167	1.321718729172
6373.904854	1.321440071722
6374.223557	1.321126157473
6374.542276	1.320812583025
6374.861011	1.320526718416
6375.179762	1.320282467314
6375.498529	1.320080742092
6375.817312	1.319914169405
6376.136111	1.319772449504
6376.454926	1.319646142725
6376.773757	1.319528337150
6377.092603	1.319414735626
6377.411466	1.319303007914
6377.730344	1.319192034732
6378.049239	1.319081337028
6378.368149	1.318970733047
6378.687076	1.318860168449
6379.006018	1.318749645314
6379.324976	1.318639203092
6379.643950	1.318528919315
6379.962941	1.318418913840
6380.281947	1.318309338139
6380.600969	1.318200338980
6380.920007	1.318091989009
6381.239061	1.317984205049
6381.558131	1.317876690608
6381.877217	1.317768953615
6382.196319	1.317660419328
6382.515436	1.317550613605
6382.834570	1.317439334873
6383.153720	1.317326733554
6383.472885	1.317213252536
6383.792067	1.317099464155
6384.111265	1.316985882663
6384.430478	1.316872837535
6384.749708	1.316760441482
6385.068953	1.316648639994
6385.388215	1.316537292130
6385.707492	1.316426243622
6386.026785	1.316315368492
6386.346095	1.316204582070
6386.665420	1.316093835265
6386.984761	1.315983104125
6387.304118	1.315872379491
6387.623492	1.315761661045
6387.942881	1.315650953728
6388.262286	1.315540269426
6388.581707	1.315429634205
6388.901144	1.315319118380
6389.220597	1.315208915197
6389.540066	1.315099527668
6389.859551	1.314992135920
6390.179052	1.314889207110
6390.498569	1.314795289788
6390.818102	1.314717679236
6391.137651	1.314666285270
6391.457216	1.314651828836
6391.776797	1.314681834349
6392.096393	1.314755029098
6392.416006	1.314856413394
6392.735635	1.314956301508
6393.055280	1.315015806497
6393.374941	1.314998201929
6393.694617	1.314881859378
6394.014310	1.314668686368
6394.334019	1.314383811707
6394.653743	1.314066812396
6394.973484	1.313758924645
6395.293241	1.313493680109
6395.613013	1.313294638270
6395.932802	1.313174536154
6396.252607	1.313135361662
6396.572427	1.313168689524
6396.892264	1.313253914838
6397.212117	1.313357131695
6397.531985	1.313434719495
6397.851870	1.313443105530
6398.171770	1.313351885339
6398.491687	1.313154242244
6398.811619	1.312869083560
6399.131568	1.312533516064
6399.451533	1.312189438661
6399.771513	1.311870727578
6400.091510	1.311596140329
6400.411522	1.311369271781
6400.731551	1.311183325852
6401.051596	1.311027164638
6401.371656	1.310889948452
6401.691733	1.310763431829
6402.011825	1.310642346753
6402.331934	1.310523802231
6402.652058	1.310406477491
6402.972199	1.310290017134
6403.292356	1.310174732043
6403.612528	1.310061569652
6403.932717	1.309952286590
6404.252922	1.309849805798
6404.573142	1.309758807924
6404.893379	1.309686627710
6405.213632	1.309644331511
6405.533900	1.309647312730
6405.854185	1.309713990114
6406.174486	1.309860888167
6406.494802	1.310093510921
6406.815135	1.310395305727
6407.135484	1.310720485659
6407.455849	1.310997473791
6407.776230	1.311146065155
6408.096626	1.311103679944
6408.417039	1.310849103067
6408.737468	1.310411544300
6409.057913	1.309859926803
6409.378374	1.309278009428
6409.698851	1.308737796835
6410.019344	1.308282704307
6410.339853	1.307924887293
6410.660378	1.307653477505
6410.980919	1.307446732463
6411.301476	1.307282149585
6411.622049	1.307141953011
6411.942638	1.307014421166
6412.263243	1.306892857813
6412.583864	1.306773877188
6412.904502	1.306655938576
6413.225155	1.306538399892
6413.545824	1.306421009604
6413.866509	1.306303672495
6414.187211	1.306186352227
6414.507928	1.306069034883
6414.828661	1.305951714815
6415.149411	1.305834390001
6415.470176	1.305717060405
6415.790958	1.305599760861
6416.111756	1.305482865310
6416.432569	1.305367573674
6416.753399	1.305254537885
6417.074244	1.305142645471
6417.395106	1.305030954039
6417.715984	1.304919269602
6418.036878	1.304807579699
6418.357788	1.304695884333
6418.678714	1.304584183339
6418.999656	1.304472476788
6419.320614	1.304360764577
6419.641588	1.304249046945
6419.962578	1.304137323572
6420.283584	1.304025594699
6420.604606	1.303913860167
6420.925644	1.303802120159
6421.246699	1.303690374503
6421.567769	1.303578623369
6421.888855	1.303466866682
6422.209958	1.303355104772
6422.531076	1.303243337712
6422.852211	1.303131565999
6423.173362	1.303019789989
6423.494528	1.302908010235
6423.815711	1.302796226768
6424.136910	1.302684439470
6424.458125	1.302572647299
6424.779356	1.302460848836
6425.100603	1.302349042255
6425.421866	1.302237226243
6425.743145	1.302125400179
6426.064440	1.302013564663
6426.385751	1.301901720948
6426.707079	1.301789870878
6427.028422	1.301678015893
6427.349781	1.301566157044
6427.671157	1.301454294527
6427.992549	1.301342428248
6428.313956	1.301230557872
6428.635380	1.301118683337
6428.956820	1.301006805301
6429.278276	1.300894926935
6429.599748	1.300783056638
6429.921236	1.300671214937
6430.242740	1.300559444883
6430.564260	1.300447828103
6430.885796	1.300336498551
6431.207349	1.300225646693
6431.528917	1.300115492885
6431.850501	1.300006221157
6432.172102	1.299897873876
6432.493719	1.299790246951
6432.815351	1.299682840066
6433.137000	1.299574921978
6433.458665	1.299465715139
6433.780346	1.299354644340
6434.102043	1.299241536735
6434.423756	1.299126681547
6434.745485	1.299010718691
6435.067231	1.298894417998
6435.388992	1.298778448241
6435.710770	1.298663231944
6436.032563	1.298548923921
6436.354373	1.298435516494
6436.676199	1.298323091243
6436.998041	1.298212382366
6437.319898	1.298106110376
6437.641773	1.298012150950
6437.963663	1.297952364464
6438.285569	1.297983385173
6438.607491	1.298230851659
6438.929430	1.298940765114
6439.251384	1.300542497460
6439.573355	1.303688459506
6439.895342	1.309209453126
6440.217344	1.317918937664
6440.539363	1.330244850946
6440.861398	1.345774644988
6441.183449	1.362930054197
6441.505517	1.379034616381
6441.827600	1.390913674196
6442.149699	1.395888072619
6442.471815	1.392744926797
6442.793947	1.382206193997
6443.116094	1.366648738319
6443.438258	1.349223524735
6443.760438	1.332819039540
6444.082634	1.319330922779
6444.404846	1.309457748897
6444.727075	1.302947021448
6445.049319	1.299041760705
6445.371580	1.296886351607
6445.693856	1.295769816113
6446.016149	1.295204850287
6446.338458	1.294903747912
6446.660783	1.294716963195
6446.983124	1.294575209145
6447.305481	1.294449640412
6447.627855	1.294329408991
6447.950244	1.294210834246
6448.272650	1.294092828336
6448.595071	1.293975189625
6448.917509	1.293858033037
6449.239963	1.293741604000
6449.562433	1.293626172545
6449.884919	1.293511908038
6450.207422	1.293398726786
6450.529940	1.293286173258
6450.852475	1.293173418127
6451.175025	1.293059430503
6451.497592	1.292943290804
6451.820175	1.292824520552
6452.142774	1.292703266191
6452.465389	1.292580242582
6452.788021	1.292456464017
6453.110668	1.292332903434
6453.433332	1.292210233031
6453.756011	1.292088735636
6454.078707	1.291968372104
6454.401419	1.291848927479
6454.724147	1.291730151592
6455.046892	1.291611845273
6455.369652	1.291493883096
6455.692429	1.291376190752
6456.015221	1.291258701880
6456.338030	1.291141320536
6456.660855	1.291023906949
6456.983696	1.290906297101
6457.306553	1.290788346997
6457.629427	1.290669982869
6457.952316	1.290551228183
6458.275222	1.290432195425
6458.598144	1.290313077172
6458.921082	1.290194516226
6459.244036	1.290078748075
6459.567006	1.289967928781
6459.889993	1.289860402673
6460.212995	1.289753830465
6460.536014	1.289647678379
6460.859049	1.289542217633
6461.182100	1.289438121152
6461.505167	1.289336557517
6461.828250	1.289239239131
6462.151350	1.289148216910
6462.474466	1.289065275991
6462.797597	1.288990947128
6463.120745	1.288923443764
6463.443910	1.288858115704
6463.767090	1.288788020391
6464.090286	1.288705798800
6464.413499	1.288606354225
6464.736728	1.288489365506
6465.059972	1.288360838517
6465.383234	1.288233724545
6465.706511	1.288128450218
6466.029804	1.288074164233
6466.353114	1.288110091247
6466.676440	1.288284134416
6466.999781	1.288644440481
6467.323140	1.289221138462
6467.646514	1.290001127015
6467.969904	1.290906542350
6468.293311	1.291792217960
6468.616733	1.292473070700
6468.940172	1.292778021851
6469.263628	1.292609817548
6469.587099	1.291982161298
6469.910586	1.291014701708
6470.234090	1.289888336880
6470.557610	1.288783727349
6470.881146	1.287831468882
6471.204698	1.287091725099
6471.528266	1.286563286845
6471.851851	1.286209283872
6472.175451	1.285984545558
6472.499068	1.285855198587
6472.822701	1.285808134006
6473.146350	1.285851662686
6473.470016	1.286008699890
6473.793697	1.286302866101
6474.117395	1.286739103665
6474.441109	1.287284413211
6474.764839	1.287858495666
6475.088586	1.288343696227
6475.412348	1.288616052343
6475.736127	1.288587062023
6476.059922	1.288237035090
6476.383733	1.287622928249
6476.707560	1.286856435867
6477.031404	1.286063893680
6477.355263	1.285347623619
6477.679139	1.284764439615
6478.003031	1.284325379593
6478.326939	1.284010040183
6478.650864	1.283784824102
6478.974805	1.283616971321
6479.298761	1.283481519203
6479.622734	1.283362459709
6479.946724	1.283250878461
6480.270729	1.283142338935
6480.594751	1.283034277223
6480.918789	1.282923899980
6481.242843	1.282809992401
6481.566913	1.282694624135
6481.890999	1.282579598487
6482.215102	1.282465422905
6482.539221	1.282352172893
6482.863356	1.282239669540
6483.187507	1.282127462726
6483.511675	1.282014934357
6483.835858	1.281901552907
6484.160058	1.281787207337
6484.484274	1.281672458203
6484.808507	1.281558534372
6485.132755	1.281446974000
6485.457020	1.281338971324
6485.781301	1.281234655033
6486.105598	1.281132638694
6486.429911	1.281030138524
6486.754241	1.280923742064
6487.078587	1.280810578925
6487.402949	1.280689389328
6487.727327	1.280560980700
6488.051722	1.280427864024
6488.376132	1.280293279677
6488.700559	1.280160112721
6489.025002	1.280030165202
6489.349462	1.279903992039
6489.673937	1.279781192085
6489.998429	1.279660890024
6490.322937	1.279542161012
6490.647461	1.279424280832
6490.972002	1.279306801859
6491.296559	1.279189526195
6491.621132	1.279072450480
6491.945721	1.278955743181
6492.270326	1.278839778172
6492.594948	1.278725216470
6492.919586	1.278613075761
6493.244240	1.278504685030
6493.568910	1.278401400964
6493.893597	1.278304034018
6494.218299	1.278212100689
6494.543018	1.278123240883
6494.867754	1.278033234620
6495.192505	1.277936892087
6495.517273	1.277829640846
6495.842057	1.277709168080
6496.166857	1.277576312126
6496.491674	1.277434736834
6496.816506	1.277289559185
6497.141355	1.277145636262
6497.466220	1.277006288301
6497.791102	1.276872882295
6498.116000	1.276745192871
6498.440913	1.276622145180
6498.765844	1.276502516536
6499.090790	1.276385356796
6499.415753	1.276270084697
6499.740732	1.276156351127
6500.065727	1.276043800770
6500.390738	1.275931869673
6500.715766	1.275819723743
6501.040810	1.275706389076
6501.365870	1.275591026566
6501.690946	1.275473226782
6502.016039	1.275353209109
6502.341148	1.275232006906
6502.666273	1.275111262234
6502.991415	1.274991854752
6503.316572	1.274873683947
6503.641746	1.274756644615
6503.966936	1.274640628290
6504.292143	1.274525409677
6504.617366	1.274410731415
6504.942605	1.274296387984
6505.267860	1.274182267985
6505.593131	1.274068381848
6505.918419	1.273954899387
6506.243723	1.273842213529
6506.569044	1.273731009413
6506.894380	1.273622283099
6507.219733	1.273517212717
6507.545102	1.273416802720
6507.870488	1.273321311869
6508.195889	1.273229652217
6508.521307	1.273139099094
6508.846741	1.273045646751
6509.172192	1.272945084204
6509.497659	1.272834455072
6509.823142	1.272713253368
6510.148641	1.272583759589
6510.474156	1.272450327626
6510.799688	1.272317956327
6511.125236	1.272190759186
6511.450801	1.272070882553
6511.776382	1.271958125560
6512.101978	1.271850244313
6512.427592	1.271743769387
6512.753221	1.271635104343
6513.078867	1.271521602062
6513.404529	1.271402286079
6513.730208	1.271277967609
6514.055902	1.271150754979
6514.381613	1.271023221659
6514.707340	1.270897636360
6515.033084	1.270775549914
6515.358844	1.270657786999
6515.684620	1.270544649564
6516.010412	1.270436070963
6516.336221	1.270331558967
6516.662046	1.270229979013
6516.987887	1.270129399517
6517.313745	1.270027255286
6517.639618	1.269920919015
6517.965508	1.269808508498
6518.291415	1.269689549162
6518.617338	1.269565141003
6518.943277	1.269437524486
6519.269232	1.269309271574
6519.595204	1.269182491100
6519.921191	1.269058376520
6520.247196	1.268937184744
6520.573216	1.268818520335
6520.899253	1.268701706056
6521.225306	1.268586073436
6521.551376	1.268471109172
6521.877461	1.268356483271
6522.203563	1.268242014350
6522.529682	1.268127625053
6522.855816	1.268013322612
6523.181967	1.267899252001
6523.508134	1.267785697105
6523.834318	1.267670416247
6524.160518	1.267540701576
6524.486734	1.267394840446
6524.812967	1.267296573126
6525.139215	1.267389435191
6525.465480	1.267947586480
6525.791762	1.269497995246
6526.118060	1.272952412960
6526.444374	1.279674677687
6526.770704	1.291360214313
6527.097051	1.309596203695
6527.423414	1.335081694933
6527.749793	1.366717887270
6528.076189	1.401029695505
6528.402601	1.432435667910
6528.729029	1.454587146378
6529.055474	1.462412052382
6529.381935	1.453980147133
6529.708412	1.431254471714
6530.034905	1.399328528935
6530.361415	1.364556089682
6530.687942	1.332508137577
6531.014484	1.306640514974
6531.341043	1.288031585841
6531.667618	1.275966806750
6531.994210	1.268851025493
6532.320818	1.264987693653
6532.647442	1.263015473970
6532.974082	1.262026249072
6533.300739	1.261496862443
6533.627412	1.261161930185
6533.954102	1.260901569822
6534.280808	1.260667204806
6534.607530	1.260441088450
6534.934269	1.260217354076
6535.261024	1.259994241254
6535.587795	1.259771270454
6535.914582	1.259548322320
6536.241386	1.259325370385
6536.568206	1.259102408765
6536.895043	1.258879436189
6537.221896	1.258656451160
6537.548765	1.258433452660
6537.875651	1.258210439485
6538.202553	1.257987411872
6538.529471	1.257764370276
6538.856406	1.257541316387
6539.183357	1.257318251331
6539.510324	1.257095176562
6539.837308	1.256872092348
6540.164308	1.256648999094
6540.491324	1.256425895967
6540.818357	1.256202783047
6541.145406	1.255979659660
6541.472471	1.255756526652
6541.799553	1.255533387292
6542.126651	1.255310263940
6542.453766	1.255087285984
6542.780897	1.254865201857
6543.108044	1.254648079890
6543.435208	1.254456421728
6543.762388	1.254385092384
6544.089584	1.254835536419
6544.416796	1.257357888410
6544.744026	1.267403517754
6545.071271	1.302395632249
6545.398533	1.412811427195
6545.725811	1.730824463695
6546.053105	2.568006338023
6546.380416	4.581848706860
6546.707743	9.002897692474
6547.035087	17.845478940770
6547.362447	33.922348243691
6547.689823	60.408331319876
6548.017216	99.760845875486
6548.344625	152.110654196813
6548.672050	213.714714473760
6548.999492	276.428161630480
6549.326950	329.007694984928
6549.654425	360.254416356079
6549.981916	362.869041593863
6550.309423	336.216814803411
6550.636947	286.578401879666
6550.964487	224.748785677276
6551.292043	162.235244897314
6551.619616	107.877413743032
6551.947205	66.190276549053
6552.274811	37.616684494172
6552.602432	19.973835746870
6552.930071	10.111313796292
6553.257725	5.102879881170
6553.585397	2.786594879014
6553.913084	1.809140101906
6554.240788	1.432156844244
6554.568508	1.298989580217
6554.896245	1.255697441544
6555.223998	1.242548682606
6555.551767	1.238618067680
6555.879553	1.237270533176
6556.207355	1.236613664472
6556.535174	1.236198777049
6556.863009	1.236018303092
6557.190860	1.236255794325
6557.518728	1.237250120887
6557.846612	1.239491261774
6558.174512	1.243592653880
6558.502429	1.250321809803
6558.830363	1.261163285873
6559.158312	1.281045740562
6559.486278	1.327999088064
6559.814261	1.462041712706
6560.142260	1.861021262985
6560.470275	2.996097800712
6560.798307	5.985989391997
6561.126355	13.204476264721
6561.454419	29.119141479890
6561.782500	61.090286856391
6562.110598	119.480473276605
6562.438711	216.120037169824
6562.766842	360.399101972819
6563.094988	553.335434202317
6563.423151	781.731032981960
6563.751330	1015.945758353879
6564.079526	1214.420351930296
6564.407738	1335.125124070536
6564.735967	1349.940663242915
6565.064212	1255.283605754100
6565.392473	1073.506593147099
6565.720751	844.342799603443
6566.049045	610.832809805728
6566.377356	406.537589364649
6566.705683	249.023759995038
6567.034027	140.529615477448
6567.362387	73.232763702388
6567.690763	35.448143510620
6568.019156	16.178255594522
6568.347565	7.230173575487
6568.675990	3.440180885708
6569.004432	1.973976908116
6569.332891	1.455505803044
6569.661366	1.287917260094
6569.989857	1.238508111222
6570.318365	1.225373372440
6570.646889	1.222398637924
6570.975429	1.222023067739
6571.303986	1.222255539937
6571.632560	1.222618228336
6571.961150	1.223006530417
6572.289756	1.223399626910
6572.618379	1.223794124828
6572.947018	1.224190944285
6573.275673	1.224595056324
6573.604345	1.225021363362
6573.933034	1.225509560115
6574.261739	1.226154788074
6574.590460	1.227161383419
6574.919198	1.228919329237
6575.247952	1.232081996601
6575.576723	1.237589658663
6575.905510	1.246554051151
6576.234313	1.259933054342
6576.563133	1.278015576452
6576.891969	1.299892368928
6577.220822	1.323228677897
6577.549691	1.344632571132
6577.878577	1.360672968921
6578.207479	1.369235363094
6578.536398	1.370657555047
6578.865333	1.368165069544
6579.194284	1.367549965703
6579.523252	1.376729371791
6579.852237	1.407061701485
6580.181238	1.481314407558
6580.510255	1.660414502980
6580.839289	2.115336715462
6581.168339	3.291772195952
6581.497405	6.232934288532
6581.826489	13.109701975129
6582.155588	27.906716930116
6582.484704	56.985998342767
6582.813837	108.944392363406
6583.142986	193.013243133535
6583.472151	315.543548165274
6583.801333	475.152486090636
6584.130531	658.505756632276
6584.459746	839.611477882437
6584.788977	984.720707022387
6585.118225	1062.251638709518
6585.447489	1053.911985539935
6585.776769	961.702445554509
6586.106066	807.137030784589
6586.435380	623.091239675484
6586.764710	442.504434576453
6587.094056	289.188609170141
6587.423419	174.035205264061
6587.752799	96.596295529554
6588.082195	49.631706101264
6588.411607	23.824211119177
6588.741036	10.933707751197
6589.070481	5.067703706636
6589.399943	2.631667151829
6589.729421	1.707289736923
6590.058916	1.386380171276
6590.388427	1.284330151063
6590.717955	1.254563841714
6591.047499	1.246570109071
6591.377059	1.244562149596
6591.706637	1.244058007962
6592.036230	1.243899427547
6592.365840	1.243813527153
6592.695467	1.243741625709
6593.025110	1.243672192869
6593.354769	1.243603156885
6593.684445	1.243534176917
6594.014138	1.243465202073
6594.343847	1.243396224801
6594.673572	1.243327244579
6595.003314	1.243258260934
6595.333072	1.243189274009
6595.662847	1.243120283632
6595.992639	1.243051289899
6596.322447	1.242982292700
6596.652271	1.242913292059
6596.982112	1.242844287942
6597.311969	1.242775280499
6597.641843	1.242706269479
6597.971733	1.242637255132
6598.301640	1.242568237137
6598.631563	1.242499215916
6598.961503	1.242430191133
6599.291460	1.242361162980
6599.621432	1.242292131407
6599.951422	1.242223096820
6600.281428	1.242154059687
6600.611450	1.242085021926
6600.941489	1.242015987336
6601.271544	1.241946964657
6601.601616	1.241877969242
6601.931704	1.241809026065
6602.261809	1.241740169740
6602.591930	1.241671438955
6602.922068	1.241602863736
6603.252223	1.241534447988
6603.582393	1.241466153465
6603.912581	1.241397897082
6604.242785	1.241329567709
6604.573005	1.241261061001
6604.903242	1.241192317012
6605.233495	1.241123343334
6605.563765	1.241054209825
6605.894052	1.240985020514
6606.224355	1.240915873642
6606.554674	1.240846828013
6606.885010	1.240777883213
6607.215363	1.240708978415
6607.545732	1.240640009242
6607.876117	1.240570861651
6608.206519	1.240501452307
6608.536938	1.240431763537
6608.867373	1.240361851794
6609.197825	1.240291829456
6609.528293	1.240221824073
6609.858778	1.240151941938
6610.189279	1.240082255169
6610.519796	1.240012837424
6610.850331	1.239943878232
6611.180882	1.239875653234
6611.511449	1.239806276300
6611.842033	1.239729225915
6612.172633	1.239649656643
6612.503250	1.239597975165
6612.833883	1.239616631089
6613.164533	1.239758478279
6613.495200	1.240087091543
6613.825883	1.240661414876
6614.156582	1.241506482113
6614.487298	1.242579457071
6614.818031	1.243748513181
6615.148780	1.244803787709
6615.479546	1.245508291988
6615.810328	1.245674574741
6616.141127	1.245233807895
6616.471942	1.244262583456
6616.802774	1.242953187754
6617.133623	1.241543103486
6617.464488	1.240238948521
6617.795369	1.239167579463
6618.126267	1.238367252444
6618.457182	1.237810039003
6618.788113	1.237435965708
6619.119061	1.237181843696
6619.450025	1.236997247699
6619.781006	1.236848682017
6620.112003	1.236716920180
6620.443017	1.236592241668
6620.774047	1.236470268960
6621.105094	1.236349233296
6621.436158	1.236228490249
6621.767238	1.236107827548
6622.098334	1.235987181560
6622.429448	1.235866535109
6622.760577	1.235745883599
6623.091724	1.235625226590
6623.422887	1.235504563329
6623.754066	1.235383894248
6624.085262	1.235263218995
6624.416474	1.235142537831
6624.747704	1.235021850593
6625.078949	1.234901157312
6625.410211	1.234780457950
6625.741490	1.234659752652
6626.072786	1.234539041240
6626.404098	1.234418323774
6626.735426	1.234297600319
6627.066771	1.234176870798
6627.398133	1.234056135289
6627.729511	1.233935393791
6628.060906	1.233814646198
6628.392317	1.233693892861
6628.723745	1.233573134034
6629.055189	1.233452371210
6629.386650	1.233331607371
6629.718128	1.233210850221
6630.049622	1.233090115360
6630.381133	1.232969432684
6630.712660	1.232848851304
6631.044204	1.232728442246
6631.375765	1.232608289705
6631.707342	1.232488467497
6632.038935	1.232368999694
6632.370546	1.232249817853
6632.702173	1.232130735999
6633.033816	1.232011468201
6633.365476	1.231891670203
6633.697152	1.231770918187
6634.028846	1.231648836059
6634.360555	1.231525604513
6634.692282	1.231401784309
6635.024025	1.231277814263
6635.355784	1.231153984497
6635.687560	1.231030465745
6636.019353	1.230907309216
6636.351162	1.230784477536
6636.682988	1.230661889730
6637.014830	1.230539460326
6637.346689	1.230417120482
6637.678565	1.230294824532
6638.010457	1.230172545728
6638.342366	1.230050270826
6638.674292	1.229927993632
6639.006234	1.229805711652
6639.338192	1.229683423972
6639.670167	1.229561130296
6640.002159	1.229438830549
6640.334168	1.229316524747
6640.666193	1.229194212750
6640.998234	1.229071894691
6641.330292	1.228949570499
6641.662367	1.228827240184
6641.994459	1.228704903663
6642.326567	1.228582561287
6642.658691	1.228460212495
6642.990833	1.228337857707
6643.322990	1.228215496873
6643.655165	1.228093129846
6643.987356	1.227970756622
6644.319564	1.227848377467
6644.651788	1.227725992037
6644.984029	1.227603600614
6645.316286	1.227481202936
6645.648560	1.227358799291
6645.980851	1.227236389327
6646.313158	1.227113973433
6646.645482	1.226991551217
6646.977823	1.226869123097
6647.310180	1.226746688749
6647.642554	1.226624248279
6647.974944	1.226501801737
6648.307352	1.226379349036
6648.639775	1.226256890170
6648.972216	1.226134425283
6649.304672	1.226011954104
6649.637146	1.225889477005
6649.969636	1.225766993662
6650.302143	1.225644504276
6650.634666	1.225522008626
6650.967206	1.225399507014
6651.299763	1.225276999121
6651.632336	1.225154485185
6651.964926	1.225031965084
6652.297533	1.224909438991
6652.630156	1.224786906686
6652.962796	1.224664368575
6653.295452	1.224541825060
6653.628125	1.224419278120
6653.960815	1.224296732902
6654.293522	1.224174203001
6654.626245	1.224051719584
6654.958984	1.223929348777
6655.291740	1.223807239635
6655.624513	1.223685967272
6655.957303	1.223567303613
6656.290109	1.223452803160
6656.622932	1.223341393788
6656.955771	1.223231539776
6657.288627	1.223122467952
6657.621500	1.223013364050
6657.954390	1.222903192669
6658.287296	1.222790970060
6658.620218	1.222676108279
6658.953158	1.222558640227
6659.286114	1.222439206075
6659.619086	1.222318811142
6659.952076	1.222198477160
6660.285082	1.222078954192
6660.618104	1.221960595022
6660.951143	1.221843398510
6661.284199	1.221727147227
6661.617272	1.221611555748
6661.950361	1.221496374200
6662.283467	1.221381450452
6662.616589	1.221266815825
6662.949728	1.221152991198
6663.282884	1.221042077007
6663.616057	1.220941154656
6663.949246	1.220871663213
6664.282452	1.220892276099
6664.615674	1.221147792557
6664.948913	1.221958866673
6665.282169	1.223958110481
6665.615441	1.228244813665
6665.948731	1.236469606120
6666.282036	1.250694280435
6666.615359	1.272866099655
6666.948698	1.303874051342
6667.282054	1.342438114969
6667.615426	1.384386711116
6667.948815	1.422959208164
6668.282221	1.450412965944
6668.615643	1.460507628810
6668.949082	1.450796393539
6669.282538	1.423577070308
6669.616011	1.385000356416
6669.949500	1.342806003955
6670.283006	1.303825045963
6670.616528	1.272331663044
6670.950067	1.249700183386
6671.283623	1.235104278033
6671.617196	1.226625133525
6671.950785	1.222202467860
6672.284391	1.220167522625
6672.618013	1.219386066540
6672.951653	1.219175660621
6673.285309	1.219157529431
6673.618981	1.219134570749
6673.952670	1.219021838315
6674.286376	1.218825084191
6674.620099	1.218674410972
6674.953838	1.218979668128
6675.287594	1.220901820345
6675.621367	1.227556294462
6675.955157	1.246659436761
6676.288963	1.295506170770
6676.622785	1.408742684385
6676.956625	1.647637887412
6677.290481	2.106121451080
6677.624354	2.904798860728
6677.958244	4.163067812649
6678.292150	5.945831669046
6678.626073	8.197191281687
6678.960012	10.692173017435
6679.293969	13.045082412384
6679.627942	14.795356766712
6679.961932	15.551495050923
6680.295938	15.133034820573
6680.629961	13.640397879024
6680.964001	11.415815652713
6681.298058	8.915974758792
6681.632131	6.561101766948
6681.966221	4.627754866016
6682.300327	3.218328840461
6682.634451	2.296462155935
6682.968591	1.752062763474
6683.302748	1.460661800129
6683.636921	1.318966439998
6683.971111	1.256335069848
6684.305318	1.231183944999
6684.639542	1.221983021906
6684.973782	1.218810598080
6685.308039	1.217587250527
6685.642313	1.216845355211
6685.976604	1.216165880946
6686.310911	1.215499673992
6686.645235	1.214894596286
6686.979575	1.214395202794
6687.313933	1.214015700844
6687.648307	1.213743796860
6687.982697	1.213554405500
6688.317105	1.213422159761
6688.651529	1.213328346108
6688.985970	1.213262244172
6689.320428	1.213218752990
6689.654902	1.213194414190
6689.989393	1.213183625885
6690.323901	1.213176525463
6690.658426	1.213159538225
6690.992967	1.213118600739
6691.327525	1.213043733064
6691.662100	1.212932728976
6691.996691	1.212792000103
6692.331299	1.212634103474
6692.665924	1.212473233743
6693.000566	1.212320887851
6693.335224	1.212183451521
6693.669899	1.212062170956
6694.004591	1.211954762462
6694.339300	1.211857461578
6694.674025	1.211766601938
6695.008767	1.211679407232
6695.343526	1.211594149059
6695.678302	1.211510001964
6696.013094	1.211426881034
6696.347903	1.211345421664
6696.682729	1.211267119005
6697.017571	1.211194525394
6697.352430	1.211131289222
6697.687306	1.211081801595
6698.022199	1.211050397712
6698.357109	1.211040511105
6698.692035	1.211054688523
6699.026978	1.211096402525
6699.361938	1.211173597098
6699.696914	1.211301901686
6700.031907	1.211503723613
6700.366917	1.211799934035
6700.701944	1.212194213196
6701.036987	1.212656109958
6701.372048	1.213115694028
6701.707125	1.213478719674
6702.042218	1.213662063747
6702.377329	1.213640887986
6702.712456	1.213492201022
6703.047600	1.213420392023
6703.382761	1.213754972538
6703.717938	1.214911967807
6704.053133	1.217308013599
6704.388344	1.221221003932
6704.723572	1.226617249766
6705.058816	1.233008690093
6705.394077	1.239435777327
6705.729355	1.244648451451
6706.064650	1.247467097634
6706.399962	1.247189620017
6706.735290	1.243852959068
6707.070635	1.238213907570
6707.405997	1.231458981206
6707.741376	1.224793399373
6708.076772	1.219101798659
6708.412184	1.214804434244
6708.747613	1.211912174888
6709.083059	1.210194364912
6709.418521	1.209354748835
6709.754000	1.209146755638
6710.089496	1.209410174864
6710.425009	1.210046700294
6710.760539	1.210966616228
6711.096085	1.212039981313
6711.431649	1.213079555615
6711.767229	1.213870093001
6712.102825	1.214244499753
6712.438439	1.214212135334
6712.774069	1.214216371323
6713.109716	1.215827116102
6713.445380	1.223706772765
6713.781061	1.250699105051
6714.116758	1.329377318456
6714.452472	1.534627019519
6714.788203	2.020710842949
6715.123951	3.069091974386
6715.459716	5.127389912658
6715.795497	8.798284253949
6716.131295	14.725614475210
6716.467110	23.346727420697
6716.802942	34.552220896763
6717.138791	47.393274454763
6717.474656	60.038169092333
6717.810538	70.121965126569
6718.146437	75.445136642571
6718.482353	74.750420233256
6718.818285	68.204528174972
6719.154235	57.333371080593
6719.490201	44.444664033736
6719.826184	31.836360738136
6720.162183	21.158947012357
6720.498200	13.157655601951
6720.834233	7.788666572852
6721.170283	4.539518996819
6721.506350	2.757939179238
6721.842434	1.869990914832
6722.178534	1.466797582611
6722.514652	1.299707986980
6722.850786	1.236417899077
6723.186937	1.214480504914
6723.523105	1.207546288067
6723.859289	1.205634539696
6724.195490	1.205354772124
6724.531709	1.205684699279
6724.867944	1.206344267134
6725.204195	1.207223066463
6725.540464	1.208196078222
6725.876750	1.209086510244
6726.213052	1.209699462275
6726.549371	1.209899354399
6726.885707	1.209730089020
6727.222059	1.209653269834
6727.558429	1.211193444964
6727.894815	1.218751982043
6728.231218	1.244206646204
6728.567638	1.317079085563
6728.904075	1.503818713266
6729.240529	1.938210911677
6729.576999	2.858270905988
6729.913486	4.631488046395
6730.249991	7.734243558968
6730.586511	12.645552458295
6730.923049	19.639514543135
6731.259604	28.521666960987
6731.596175	38.430363148246
6731.932763	47.856434955214
6732.269368	54.970648013140
6732.605990	58.189787104760
6732.942629	56.748402363952
6733.279285	50.995347711994
6733.615957	42.258513908365
6733.952646	32.349802581585
6734.289352	22.961588224286
6734.626075	15.226492843054
6734.962815	9.579912443027
6735.299571	5.890630950864
6735.636345	3.718322473354
6735.973135	2.555584971394
6736.309942	1.978005105007
6736.646766	1.696645097721
6736.983607	1.546486131727
6737.320464	1.449132223136
6737.657339	1.375332060603
6737.994230	1.318106730730
6738.331138	1.277682045349
6738.668063	1.255217954780
6739.005005	1.251453246406
6739.341964	1.267026611380
6739.678939	1.302425206027
6740.015932	1.356802627940
6740.352941	1.426086130208
6740.689967	1.501591007451
6741.027010	1.570475930651
6741.364070	1.618591126066
6741.701146	1.634894684531
6742.038240	1.615446086711
6742.375350	1.564914078987
6742.712477	1.494767659845
6743.049621	1.419083287986
6743.386782	1.350049874359
6743.723960	1.295085052742
6744.061155	1.256314980874
6744.398366	1.231900531248
6744.735594	1.218071768853
6745.072840	1.210878404772
6745.410102	1.207199028101
6745.747381	1.205035871398
6746.084677	1.203365866737
6746.421989	1.201825483556
6746.759319	1.200393345371
6747.096665	1.199156478183
6747.434028	1.198182748918
6747.771409	1.197479594147
6748.108806	1.197004204512
6748.446219	1.196691933748
6748.783650	1.196481074115
6749.121098	1.196325643311
6749.458562	1.196197336614
6749.796044	1.196081558478
6750.133542	1.195972028297
6750.471057	1.195866454158
6750.808589	1.195763960697
6751.146138	1.195663962311
6751.483704	1.195565899461
6751.821286	1.195469384181
6752.158886	1.195374593360
6752.496502	1.195283072561
6752.834135	1.195199438091
6753.171785	1.195134712292
6753.509453	1.195111975975
6753.847136	1.195174233139
6754.184837	1.195392428476
6754.522555	1.195868654118
6754.860289	1.196727079875
6755.198041	1.198085871130
6755.535809	1.200009529333
6755.873595	1.202452728196
6756.211397	1.205218373633
6756.549216	1.207956833012
6756.887052	1.210222943900
6757.224904	1.211584213866
6757.562774	1.211746932596
6757.900661	1.210652024791
6758.238564	1.208500559309
6758.576485	1.205699191741
6758.914422	1.202755441632
6759.252376	1.200179971986
6759.590347	1.198452901333
6759.928335	1.198079377018
6760.266340	1.199706121817
6760.604362	1.204212961212
6760.942400	1.212656467481
6761.280456	1.225962870668
6761.618528	1.244372512731
6761.956618	1.266820141681
6762.294724	1.290598447022
6762.632847	1.311656397060
6762.970987	1.325630120009
6763.309144	1.329284059677
6763.647318	1.321714362059
6763.985509	1.304700451641
6764.323717	1.282017348251
6764.661941	1.258069467298
6765.000183	1.236520188844
6765.338441	1.219485120386
6765.676717	1.207467531713
6766.015009	1.199828948384
6766.353318	1.195425938921
6766.691644	1.193118675074
6767.029987	1.192037212021
6767.368347	1.191640475209
6767.706724	1.191660495542
6768.045118	1.192010149197
6768.383529	1.192692725463
6768.721956	1.193722352613
6769.060401	1.195057546260
6769.398862	1.196558419919
6769.737341	1.197985043623
6770.075836	1.199047570807
6770.414348	1.199495687871
6770.752878	1.199209559702
6771.091424	1.198246710675
6771.429987	1.196819141333
6771.768567	1.195212256929
6772.107164	1.193686980633
6772.445777	1.192410228288
6772.784408	1.191436807181
6773.123056	1.190735940735
6773.461721	1.190236974638
6773.800402	1.189868849656
6774.139101	1.189580517235
6774.477816	1.189343304609
6774.816548	1.189143644686
6775.155298	1.188974574530
6775.494064	1.188830432879
6775.832847	1.188705204311
6776.171647	1.188592950776
6776.510464	1.188488686835
6776.849298	1.188388840607
6777.188149	1.188291193575
6777.527017	1.188194533981
6777.865902	1.188098274676
6778.204804	1.188002160533
6778.543722	1.187906092257
6778.882658	1.187810034715
6779.221611	1.187713976903
6779.560580	1.187617915376
6779.899567	1.187521850461
6780.238570	1.187425785493
6780.577591	1.187329735994
6780.916628	1.187233760358
6781.255682	1.187138060603
6781.594753	1.187043268791
6781.933842	1.186951179057
6782.272947	1.186866389453
6782.612069	1.186799496291
6782.951208	1.186772319701
6783.290364	1.186824623489
6783.629537	1.187019545253
6783.968727	1.187441924326
6784.307934	1.188182117617
6784.647158	1.189301023730
6784.986399	1.190782231380
6785.325656	1.192491121178
6785.664931	1.194169256705
6786.004223	1.195484103005
6786.343532	1.196127523715
6786.682857	1.195924749498
6787.022200	1.194901377346
6787.361560	1.193273434292
6787.700936	1.191365729622
6788.040330	1.189500758464
6788.379740	1.187909945935
6788.719168	1.186699070790
6789.058612	1.185867499944
6789.398073	1.185358561135
6789.737552	1.185115268584
6790.077047	1.185125992797
6790.416560	1.185455896312
6790.756089	1.186262255609
6791.095635	1.187788962908
6791.435198	1.190331418412
6791.774779	1.194160084362
6792.114376	1.199406185781
6792.453990	1.205937874589
6792.793621	1.213274868441
6793.133269	1.220595355914
6793.472935	1.226867283728
6793.812617	1.231089430789
6794.152316	1.232570422223
6794.492032	1.231137180315
6794.831765	1.227177829937
6795.171515	1.221493470777
6795.511282	1.215026955813
6795.851066	1.208594796260
6796.190867	1.202732876074
6796.530685	1.197688583547
6796.870520	1.193510494068
6797.210372	1.190153969709
6797.550241	1.187546498857
6797.890127	1.185605425836
6798.230030	1.184232952580
6798.569950	1.183314416943
6798.909887	1.182728788117
6799.249841	1.182365221065
6799.589812	1.182135853804
6799.929800	1.181979996482
6800.269805	1.181860976787
6800.609827	1.181759857584
6800.949866	1.181669922489
6801.289922	1.181594252337
6801.629995	1.181547301025
6801.970085	1.181560219135
6802.310192	1.181687925082
6802.650316	1.182013048284
6802.990457	1.182638759044
6803.330615	1.183662348718
6803.670791	1.185127938559
6804.010983	1.186970929881
6804.351192	1.188982015923
6804.691418	1.190822585016
6805.031661	1.192105376196
6805.371921	1.192518857286
6805.712198	1.191941725231
6806.052492	1.190490287303
6806.392803	1.188473970178
6806.733131	1.186283082115
6807.073477	1.184266456836
6807.413839	1.182653800139
6807.754218	1.181545521498
6808.094614	1.180955200238
6808.435027	1.180868356772
6808.775458	1.181281625912
6809.115905	1.182201894366
6809.456369	1.183606524361
6809.796851	1.185386589394
6810.137349	1.187309253466
6810.477864	1.189033966607
6810.818397	1.190195227825
6811.158946	1.190528903376
6811.499513	1.189990994141
6811.840096	1.188818226937
6812.180697	1.187510059147
6812.521314	1.186748241250
6812.861949	1.187282470541
6813.202600	1.189792271778
6813.543269	1.194712976059
6813.883955	1.202025436701
6814.224657	1.211068451150
6814.565377	1.220495940429
6814.906114	1.228496215482
6815.246868	1.233279054319
6815.587639	1.233668158480
6815.928427	1.229528192917
6816.269231	1.221805812578
6816.610053	1.212160794942
6816.950892	1.202376922646
6817.291749	1.193834178260
6817.632622	1.187245319970
6817.973512	1.182689830276
6818.314419	1.179835487606
6818.655343	1.178195462763
6818.996285	1.177314936843
6819.337243	1.176856636230
6819.678218	1.176608790948
6820.019211	1.176455523635
6820.360220	1.176340705308
6820.701247	1.176240030134
6821.042290	1.176144027471
6821.383351	1.176049370272
6821.724429	1.175955020243
6822.065523	1.175860723262
6822.406635	1.175766505667
6822.747764	1.175672614515
6823.088910	1.175579817668
6823.430073	1.175490360681
6823.771253	1.175410309600
6824.112450	1.175354519641
6824.453664	1.175355674069
6824.794895	1.175477878035
6825.136144	1.175831985321
6825.477409	1.176583799511
6825.818691	1.177939962031
6826.159991	1.180095707827
6826.501307	1.183141545960
6826.842641	1.186953217105
6827.183992	1.191119512972
6827.525359	1.194970246725
6827.866744	1.197732991337
6828.208146	1.198778074677
6828.549565	1.197847791324
6828.891001	1.195156157368
6829.232454	1.191305983109
6829.573924	1.187066253224
6829.915412	1.183120651174
6830.256916	1.179897647375
6830.598437	1.177532072649
6830.939976	1.175935529971
6831.281531	1.174911917580
6831.623104	1.174257750816
6831.964694	1.173817489890
6832.306300	1.173495459584
6832.647924	1.173242497094
6832.989565	1.173036064213
6833.331223	1.172864863972
6833.672898	1.172720823506
6834.014590	1.172596594407
6834.356300	1.172485630651
6834.698026	1.172382758066
6835.039769	1.172284388628
6835.381530	1.172188364833
6835.723308	1.172093798687
6836.065102	1.172000642621
6836.406914	1.171908508384
6836.748743	1.171816705336
6837.090589	1.171724950548
6837.432452	1.171633199499
6837.774332	1.171541445956
6838.116230	1.171449688377
6838.458144	1.171357926504
6838.800075	1.171266160221
6839.142024	1.171174390444
6839.483990	1.171082620255
6839.825972	1.170990861614
6840.167972	1.170899153604
6840.509989	1.170807614741
6840.852023	1.170716568520
6841.194074	1.170626812789
6841.536143	1.170540111596
6841.878228	1.170459940170
6842.220330	1.170392327961
6842.562450	1.170346310273
6842.904587	1.170333144931
6843.246740	1.170363414458
6843.588911	1.170441860475
6843.931099	1.170561328003
6844.273304	1.170698876974
6844.615527	1.170817512118
6844.957766	1.170875029012
6845.300022	1.170837591154
6845.642296	1.170692175907
6845.984587	1.170451670690
6846.326894	1.170149928704
6846.669219	1.169829442671
6847.011561	1.169527836622
6847.353920	1.169269045642
6847.696297	1.169061529550
6848.038690	1.168901952906
6848.381101	1.168780793942
6848.723528	1.168686860750
6849.065973	1.168609565172
6849.408435	1.168539517462
6849.750914	1.168468712571
6850.093410	1.168391319580
6850.435923	1.168305518807
6850.778454	1.168216748801
6851.121001	1.168143555619
6851.463566	1.168128649303
6851.806147	1.168258299986
6852.148746	1.168690395283
6852.491362	1.169683074607
6852.833995	1.171602382262
6853.176646	1.174876210871
6853.519313	1.179866410238
6853.861998	1.186665237634
6854.204699	1.194881391392
6854.547418	1.203534433270
6854.890154	1.211172559246
6855.232907	1.216241045174
6855.575677	1.217586453926
6855.918465	1.214875151815
6856.261269	1.208718970706
6856.604091	1.200443171248
6856.946930	1.191617012160
6857.289785	1.183573088179
6857.632658	1.177112266005
6857.975549	1.172462643927
6858.318456	1.169430366437
6858.661381	1.167619111891
6859.004322	1.166613094135
6859.347281	1.166078420179
6859.690257	1.165791074191
6860.033250	1.165620918599
6860.376260	1.165501118896
6860.719288	1.165400996589
6861.062332	1.165307880657
6861.405394	1.165217040449
6861.748473	1.165126873753
6862.091569	1.165036886977
6862.434682	1.164946941842
6862.777812	1.164857002479
6863.120960	1.164767061017
6863.464124	1.164677115360
6863.807306	1.164587165363
6864.150505	1.164497210773
6864.493721	1.164407251758
6864.836954	1.164317288219
6865.180205	1.164227320227
6865.523472	1.164137347727
6865.866757	1.164047370705
6866.210059	1.163957389184
6866.553378	1.163867403190
6866.896714	1.163777412787
6867.240068	1.163687418442
6867.583438	1.163597421300
6867.926826	1.163507427361
6868.270231	1.163417458307
6868.613653	1.163327592360
6868.957092	1.163238084273
6869.300549	1.163149692882
6869.644023	1.163064465152
6869.987513	1.162987392996
6870.331021	1.162929424261
6870.674546	1.162912034801
6871.018089	1.162972620103
6871.361648	1.163168332402
6871.705225	1.163574478920
6872.048819	1.164273848258
6872.392430	1.165336940845
6872.736058	1.166799035205
6873.079703	1.168644263058
6873.423366	1.170803634217
6873.767046	1.173163468857
6874.110743	1.175570950118
6874.454457	1.177827245060
6874.798188	1.179677340789
6875.141937	1.180824392694
6875.485702	1.180991821527
6875.829485	1.180023098933
6876.173285	1.177970444256
6876.517103	1.175114458600
6876.860937	1.171891505226
6877.204789	1.168760035012
6877.548657	1.166071283393
6877.892543	1.164000151716
6878.236447	1.162551810190
6878.580367	1.161619830532
6878.924305	1.161056290749
6879.268260	1.160724001351
6879.612232	1.160520971181
6879.956221	1.160382786018
6880.300227	1.160273949025
6880.644251	1.160177138286
6880.988292	1.160084790685
6881.332350	1.159993860692
6881.676425	1.159903103760
6882.020517	1.159812152997
6882.364627	1.159721103697
6882.708754	1.159630040093
6883.052898	1.159538974156
6883.397059	1.159447909106
6883.741237	1.159356861523
6884.085433	1.159265896075
6884.429646	1.159175244892
6884.773876	1.159085662513
6885.118123	1.158999377490
6885.462388	1.158922341535
6885.806670	1.158868877795
6886.150969	1.158869870398
6886.495285	1.158984510287
6886.839618	1.159312367743
6887.183969	1.159997205451
6887.528337	1.161209247450
6887.872722	1.163094129077
6888.217124	1.165690585374
6888.561543	1.168843545943
6888.905980	1.172162048737
6889.250434	1.175069992188
6889.594905	1.176960341932
6889.939393	1.177402588582
6890.283899	1.176308387418
6890.628422	1.173968600115
6890.972962	1.170938856681
6891.317519	1.167831677809
6891.662094	1.165117228809
6892.006685	1.163017718874
6892.351294	1.161519822986
6892.695920	1.160469133640
6893.040564	1.159683994948
6893.385224	1.159038778701
6893.729902	1.158500800640
6894.074597	1.158136740275
6894.419310	1.158117660102
6894.764039	1.158742121053
6895.108786	1.160469149408
6895.453550	1.163918320652
6895.798332	1.169773144306
6896.143130	1.178541054247
6896.487946	1.190197064527
6896.832779	1.203847560395
6897.177629	1.217630556764
6897.522497	1.229028245888
6897.867381	1.235580511575
6898.212283	1.235737502726
6898.557203	1.229448716263
6898.902139	1.218182502893
6899.247093	1.204364200441
6899.592064	1.190525637848
6899.937052	1.178570450598
6900.282057	1.169433148599
6900.627080	1.163159758026
6900.972120	1.159241046227
6901.317177	1.156979470816
6901.662252	1.155744483783
6902.007344	1.155080896217
6902.352453	1.154709616341
6902.697579	1.154480256321
6903.042722	1.154319178452
6903.387883	1.154192015318
6903.733061	1.154082455652
6904.078256	1.153982264752
6904.423469	1.153887316678
6904.768699	1.153795719335
6905.113946	1.153706015727
6905.459210	1.153616999824
6905.804492	1.153528178332
6906.149791	1.153439422880
6906.495107	1.153350705126
6906.840440	1.153262033435
6907.185791	1.153173439582
6907.531159	1.153084980214
6907.876544	1.152996754756
6908.221946	1.152908957839
6908.567366	1.152822006356
6908.912803	1.152736788457
6909.258257	1.152655059429
6909.603729	1.152579901467
6909.949218	1.152515982885
6910.294724	1.152469153983
6910.640247	1.152444909489
6910.985788	1.152445644006
6911.331346	1.152467459129
6911.676921	1.152498159235
6912.022514	1.152518251179
6912.368123	1.152505685186
6912.713750	1.152443012971
6913.059395	1.152323838320
6913.405056	1.152155318526
6913.750735	1.151955386881
6914.096431	1.151746175747
6914.442145	1.151546924036
6914.787876	1.151369427555
6915.133624	1.151217222345
6915.479389	1.151087683402
6915.825172	1.150975208000
6916.170971	1.150873902001
6916.516789	1.150779065422
6916.862623	1.150687578317
6917.208475	1.150597650583
6917.554344	1.150508377927
6917.900230	1.150419352866
6918.246134	1.150330411120
6918.592055	1.150241492519
6918.937993	1.150152577452
6919.283949	1.150063659958
6919.629922	1.149974738628
6919.975912	1.149885813429
6920.321919	1.149796886052
6920.667944	1.149707960050
6921.013986	1.149619043437
6921.360045	1.149530151403
6921.706122	1.149441310098
6922.052216	1.149352557785
6922.398327	1.149263940996
6922.744456	1.149175501251
6923.090602	1.149087253796
6923.436765	1.148999162218
6923.782945	1.148911125150
6924.129143	1.148822986569
6924.475358	1.148734574760
6924.821591	1.148645758840
6925.167840	1.148556497589
6925.514107	1.148466855350
6925.860392	1.148376978763
6926.206694	1.148287048677
6926.553013	1.148197245488
6926.899349	1.148107795520
6927.245702	1.148019311916
6927.592073	1.147933710890
6927.938462	1.147855293594
6928.284867	1.147793614280
6928.631290	1.147771422183
6928.977730	1.147836681477
6929.324188	1.148077294346
6929.670663	1.148633321689
6930.017155	1.149693764079
6930.363665	1.151461235040
6930.710191	1.154074638798
6931.056736	1.157502468504
6931.403297	1.161450496680
6931.749876	1.165347236232
6932.096472	1.168452926287
6932.443086	1.170078892626
6932.789716	1.169832514273
6933.136364	1.167769771659
6933.483030	1.164374812338
6933.829713	1.160375851680
6934.176413	1.156491545112
6934.523130	1.153226074737
6934.869865	1.150787623114
6935.216617	1.149130557324
6935.563387	1.148066625996
6935.910174	1.147378875092
6936.256978	1.146895356524
6936.603799	1.146513325690
6936.950638	1.146188193762
6937.297495	1.145908674515
6937.644368	1.145674555489
6937.991259	1.145484178675
6938.338167	1.145331087010
6938.685093	1.145205800858
6939.032036	1.145098787014
6939.378996	1.145002447582
6939.725974	1.144911691767
6940.072969	1.144823565145
6940.419981	1.144736557614
6940.767011	1.144649984165
6941.114058	1.144563576730
6941.461122	1.144477277450
6941.808204	1.144391197847
6942.155303	1.144305747421
6942.502419	1.144222016849
6942.849553	1.144142565203
6943.196704	1.144072753337
6943.543873	1.144022534213
6943.891059	1.144008052348
6944.238262	1.144051597050
6944.585482	1.144177898504
6944.932720	1.144405383484
6945.279976	1.144733465432
6945.627248	1.145130737924
6945.974538	1.145531603439
6946.321846	1.145847466489
6946.669171	1.145991959089
6947.016513	1.145910927263
6947.363872	1.145603041190
6947.711249	1.145120320383
6948.058643	1.144548309983
6948.406055	1.143976191206
6948.753484	1.143471045203
6949.100930	1.143065914441
6949.448394	1.142762612017
6949.795875	1.142543361831
6950.143374	1.142383650238
6950.490890	1.142261186609
6950.838423	1.142159770163
6951.185973	1.142069716828
6951.533541	1.141986225951
6951.881127	1.141906913642
6952.228729	1.141830137119
6952.576350	1.141754179900
6952.923987	1.141677153149
6953.271642	1.141597604078
6953.619314	1.141515689408
6953.967004	1.141434662615
6954.314711	1.141362370264
6954.662435	1.141312309426
6955.010177	1.141303442613
6955.357936	1.141357536458
6955.705713	1.141492874904
6956.053507	1.141714586493
6956.401318	1.142004528325
6956.749147	1.142316315286
6957.096993	1.142581079245
6957.444857	1.142725369275
6957.792738	1.142695633165
6958.140636	1.142478522160
6958.488552	1.142107307742
6958.836485	1.141652433044
6959.184435	1.141204215539
6959.532403	1.140861377787
6959.880389	1.140736669698
6960.228391	1.140980686424
6960.576412	1.141810594776
6960.924449	1.143516975157
6961.272504	1.146416702328
6961.620576	1.150733233290
6961.968666	1.156423121407
6962.316773	1.163019780968
6962.664898	1.169598081446
6963.013040	1.174938770312
6963.361199	1.177878035600
6963.709376	1.177711122130
6964.057570	1.174459529960
6964.405782	1.168864034414
6964.754011	1.162108128171
6965.102257	1.155414481308
6965.450521	1.149703508610
6965.798802	1.145437425791
6966.147101	1.142656500878
6966.495417	1.141126014617
6966.843750	1.140495202170
6967.192101	1.140408457192
6967.540469	1.140560595110
6967.888855	1.140717900003
6968.237258	1.140727078620
6968.585679	1.140519318369
6968.934117	1.140104436290
6969.282572	1.139549857472
6969.631045	1.138947818038
6969.979535	1.138382144047
6970.328043	1.137906472488
6970.676568	1.137538981227
6971.025111	1.137270371753
6971.373671	1.137077311736
6971.722248	1.136934265583
6972.070843	1.136820347435
6972.419455	1.136721378533
6972.768085	1.136629062034
6973.116732	1.136539178554
6973.465397	1.136449950177
6973.814079	1.136361011724
6974.162778	1.136272630956
6974.511495	1.136184822163
6974.860229	1.136097379670
6975.208981	1.136010228982
6975.557750	1.135923333077
6975.906537	1.135836634780
6976.255341	1.135750079389
6976.604162	1.135663642421
6976.953001	1.135577354893
6977.301857	1.135491333569
6977.650731	1.135405817504
6977.999623	1.135321196704
6978.348531	1.135237995604
6978.697457	1.135156768102
6979.046401	1.135077876792
6979.395362	1.135001196899
6979.744340	1.134925868894
6980.093336	1.134850275891
6980.442350	1.134772364709
6980.791381	1.134690267797
6981.140429	1.134602998415
6981.489495	1.134510945999
6981.838578	1.134416103016
6982.187679	1.134322419974
6982.536797	1.134237310583
6982.885932	1.134175962546
6983.235085	1.134170415362
6983.584256	1.134284543768
6983.933444	1.134632863916
6984.282649	1.135394525035
6984.631872	1.136805755457
6984.981112	1.139110483514
6985.330370	1.142459614930
6985.679645	1.146778741792
6986.028938	1.151662587402
6986.378248	1.156373573530
6986.727576	1.159994214325
6987.076921	1.161705810846
6987.426284	1.161081386334
6987.775664	1.158250211999
6988.125061	1.153847355936
6988.474476	1.148775271052
6988.823909	1.143899289346
6989.173359	1.139816362246
6989.522826	1.136773998885
6989.872311	1.134727889937
6990.221813	1.133468991861
6990.571333	1.132746667216
6990.920870	1.132346617615
6991.270425	1.132119184894
6991.619997	1.131974824736
6991.969587	1.131866565764
6992.319194	1.131772528581
6992.668819	1.131683607654
6993.018461	1.131596477003
6993.368121	1.131510360973
6993.717798	1.131426219551
6994.067493	1.131348010142
6994.417205	1.131287009269
6994.766934	1.131271627262
6995.116681	1.131366040297
6995.466446	1.131699563580
6995.816228	1.132502285839
6996.166028	1.134129443922
6996.515845	1.137041507545
6996.865679	1.141701510043
6997.215531	1.148374560904
6997.565401	1.156872757237
6997.915288	1.166362855851
6998.265192	1.175385793018
6998.615114	1.182173442810
6998.965054	1.185195488574
6999.315011	1.183711654757
6999.664985	1.178057891387
7000.014977	1.169515370504
7000.364987	1.159832267037
7000.715014	1.150641381961
7001.065058	1.143036246699
7001.415120	1.137439911702
7001.765200	1.133732027278
7002.115297	1.131496907433
7002.465411	1.130254831200
7002.815543	1.129603489740
7003.165693	1.129265763293
7003.515860	1.129077706111
7003.866044	1.128954172385
7004.216247	1.128855858367
7004.566466	1.128766514337
7004.916703	1.128680097376
7005.266958	1.128594586285
7005.617230	1.128509376415
7005.967519	1.128424304724
7006.317827	1.128339316667
7006.668151	1.128254364336
7007.018493	1.128169381924
7007.368853	1.128084296573
7007.719230	1.127999054469
7008.069625	1.127913658264
7008.420037	1.127828212511
7008.770467	1.127743001474
7009.120914	1.127658636196
7009.471379	1.127576322397
7009.821861	1.127498245792
7010.172361	1.127427951860
7010.522879	1.127370405263
7010.873414	1.127331266424
7011.223966	1.127315027792
7011.574536	1.127322171320
7011.925124	1.127346362799
7012.275729	1.127373380410
7012.626351	1.127383276534
7012.976991	1.127355868418
7013.327649	1.127277637823
7013.678324	1.127146842764
7014.029017	1.126974204385
7014.379727	1.126778818579
7014.730455	1.126581450232
7015.081200	1.126398517498
7015.431963	1.126239252199
7015.782743	1.126106617411
7016.133541	1.126000887093
7016.484356	1.125924118427
7016.835189	1.125883836993
7017.186040	1.125894441981
7017.536908	1.125974901306
7017.887794	1.126141759274
7018.238697	1.126398192722
7018.589618	1.126722798996
7018.940556	1.127064434976
7019.291512	1.127348993406
7019.642485	1.127499119085
7019.993476	1.127460286379
7020.344484	1.127221418641
7020.695510	1.126819375438
7021.046554	1.126324309001
7021.397615	1.125814476621
7021.748694	1.125352968176
7022.099790	1.124974591669
7022.450904	1.124685777689
7022.802035	1.124473587498
7023.153184	1.124317063079
7023.504350	1.124195886367
7023.855534	1.124094631709
7024.206736	1.124003434021
7024.557955	1.123916810072
7024.909192	1.123832066875
7025.260446	1.123748023714
7025.611718	1.123664215883
7025.963007	1.123580477943
7026.314314	1.123496756905
7026.665638	1.123413036841
7027.016980	1.123329314142
7027.368340	1.123245587344
7027.719717	1.123161856545
7028.071112	1.123078121454
7028.422524	1.122994382385
7028.773954	1.122910638938
7029.125402	1.122826891378
7029.476867	1.122743139577
7029.828349	1.122659383682
7030.179850	1.122575623558
7030.531367	1.122491859365
7030.882903	1.122408091019
7031.234456	1.122324319296
7031.586026	1.122240546168
7031.937614	1.122156781308
7032.289220	1.122073061545
7032.640843	1.121989518454
7032.992484	1.121906577506
7033.344143	1.121825488043
7033.695819	1.121749566614
7034.047512	1.121686742808
7034.399223	1.121653998204
7034.750952	1.121683637131
7035.102698	1.121829542989
7035.454462	1.122168711137
7035.806244	1.122790968002
7036.158043	1.123770886099
7036.509860	1.125123594355
7036.861694	1.126759321507
7037.213546	1.128463061989
7037.565415	1.129924015017
7037.917302	1.130818826560
7038.269207	1.130920785385
7038.621129	1.130185027409
7038.973069	1.128766120942
7039.325027	1.126958580778
7039.677002	1.125091598246
7040.028994	1.123429161148
7040.381005	1.122115752384
7040.733032	1.121177243417
7041.085078	1.120559103915
7041.437141	1.120174076904
7041.789222	1.119938536977
7042.141320	1.119790461710
7042.493436	1.119692372284
7042.845569	1.119626197407
7043.197720	1.119585619876
7043.549889	1.119568639622
7043.902075	1.119571230947
7044.254279	1.119583789238
7044.606501	1.119591794687
7044.958740	1.119577938536
7045.310997	1.119526603945
7045.663271	1.119430305315
7046.015563	1.119293832252
7046.367872	1.119134242411
7046.720200	1.118977257045
7047.072544	1.118851910645
7047.424907	1.118785126464
7047.777287	1.118796531266
7048.129685	1.118892898668
7048.482100	1.119062458229
7048.834533	1.119271531628
7049.186983	1.119467439543
7049.539452	1.119590049515
7049.891937	1.119589693241
7050.244441	1.119444295625
7050.596962	1.119167387376
7050.949500	1.118802935411
7051.302057	1.118410184483
7051.654631	1.118047369120
7052.007222	1.117763687439
7052.359831	1.117604628416
7052.712458	1.117629152013
7053.065103	1.117930749612
7053.417765	1.118649142584
7053.770444	1.119956866964
7054.123142	1.122009741270
7054.475857	1.124866698176
7054.828589	1.128411202278
7055.181340	1.132327297592
7055.534107	1.136175288870
7055.886893	1.139561332097
7056.239696	1.142322973683
7056.592517	1.144609796473
7056.945355	1.146774356262
7057.298211	1.149101441005
7057.651085	1.151525881266
7058.003977	1.153527154185
7058.356886	1.154298535240
7058.709812	1.153118731623
7059.062757	1.149720640864
7059.415719	1.144450653329
7059.768698	1.138141622209
7060.121695	1.131790261485
7060.474710	1.126221305895
7060.827743	1.121893979732
7061.180793	1.118905433368
7061.533861	1.117162422231
7061.886946	1.116696648473
7062.240050	1.118214593388
7062.593170	1.124181691669
7062.946309	1.140971925939
7063.299465	1.182681478692
7063.652639	1.276729428130
7064.005830	1.469906730912
7064.359039	1.831007538586
7064.712266	2.443754064397
7065.065511	3.383937077989
7065.418773	4.680585799244
7065.772053	6.272359508429
7066.125350	7.981939760403
7066.478665	9.532582574608
7066.831998	10.615584200581
7067.185348	10.989270183230
7067.538716	10.566638806870
7067.892102	9.448271370106
7068.245506	7.883467110417
7068.598927	6.180145505927
7068.952366	4.607814660874
7069.305822	3.334634589206
7069.659296	2.414899784332
7070.012788	1.816385795888
7070.366297	1.463372898130
7070.719825	1.273861458926
7071.073369	1.180975219251
7071.426932	1.139301641537
7071.780512	1.122140074350
7072.134110	1.115623727873
7072.487725	1.113316940932
7072.841359	1.112530118458
7073.195010	1.112245980802
7073.548678	1.112115392652
7073.902364	1.112030171200
7074.256068	1.111961382544
7074.609790	1.111904403020
7074.963529	1.111862029912
7075.317286	1.111840145504
7075.671061	1.111848586515
7076.024854	1.111906891466
7076.378664	1.112056407473
7076.732491	1.112378088621
7077.086337	1.113009169528
7077.440200	1.114143744711
7077.794081	1.115997807282
7078.147979	1.118727266160
7078.501896	1.122312165595
7078.855830	1.126454772308
7079.209781	1.130559585041
7079.563751	1.133845056483
7079.917738	1.135573808157
7080.271742	1.135312683375
7080.625765	1.133098472800
7080.979805	1.129423364395
7081.333863	1.125048476360
7081.687938	1.120741727858
7082.042032	1.117062681465
7082.396143	1.114271460131
7082.750271	1.112362857887
7083.104418	1.111170917357
7083.458582	1.110478814421
7083.812763	1.110093280345
7084.166963	1.109875304985
7084.521180	1.109739786618
7084.875415	1.109641672895
7085.229668	1.109561431962
7085.583938	1.109496150528
7085.938226	1.109458487509
7086.292532	1.109484335395
7086.646855	1.109649214152
7087.001197	1.110090259388
7087.355555	1.111023383508
7087.709932	1.112735375155
7088.064326	1.115526157265
7088.418739	1.119588258204
7088.773168	1.124845963389
7089.127616	1.130823061242
7089.482081	1.136634086776
7089.836564	1.141162160476
7090.191065	1.143394852286
7090.545583	1.142784696691
7090.900119	1.139459202371
7091.254673	1.134170657676
7091.609245	1.128014167022
7091.963834	1.122056457579
7092.318441	1.117044783906
7092.673066	1.113299646197
7093.027708	1.110779972273
7093.382369	1.109236714621
7093.737047	1.108364590250
7094.091742	1.107899534787
7094.446456	1.107655028856
7094.801187	1.107517359570
7095.155936	1.107424527477
7095.510703	1.107345339727
7095.865487	1.107265147243
7096.220289	1.107178100470
7096.575109	1.107083389945
7096.929947	1.106983142536
7097.284802	1.106880776596
7097.639675	1.106779609879
7097.994566	1.106681931814
7098.349475	1.106588692459
7098.704401	1.106499697970
7099.059345	1.106414046131
7099.414307	1.106330553641
7099.769287	1.106248068059
7100.124284	1.106165674580
7100.479299	1.106082851505
7100.834332	1.105999598431
7101.189382	1.105916522789
7101.544451	1.105834841960
7101.899537	1.105756251443
7102.254641	1.105682593136
7102.609762	1.105615284564
7102.964902	1.105554562385
7103.320059	1.105498783788
7103.675234	1.105444188545
7104.030426	1.105385488154
7104.385637	1.105317306627
7104.740865	1.105235989207
7105.096111	1.105140952977
7105.451375	1.105034895303
7105.806656	1.104922743097
7106.161955	1.104809896178
7106.517272	1.104700607196
7106.872607	1.104597138413
7107.227959	1.104499823060
7107.583330	1.104407724101
7107.938718	1.104319444005
7108.294124	1.104233796205
7108.649547	1.104150328321
7109.004989	1.104069943996
7109.360448	1.103996032300
7109.715925	1.103936496960
7110.071419	1.103906734114
7110.426932	1.103932719466
7110.782462	1.104051960982
7111.138010	1.104308827159
7111.493576	1.104741194693
7111.849159	1.105358905223
7112.204761	1.106121008422
7112.560380	1.106924575718
7112.916017	1.107617638791
7113.271671	1.108039027461
7113.627344	1.108072270011
7113.983034	1.107689173454
7114.338742	1.106960736153
7114.694468	1.106029371677
7115.050212	1.105057769479
7115.405973	1.104179984625
7115.761752	1.103472170391
7116.117549	1.102950494031
7116.473364	1.102589580279
7116.829197	1.102346313377
7117.185047	1.102178226927
7117.540915	1.102052758621
7117.896801	1.101948923471
7118.252705	1.101854980535
7118.608626	1.101765128383
7118.964566	1.101676809904
7119.320523	1.101589012116
7119.676498	1.101501373538
7120.032490	1.101413776847
7120.388501	1.101326187902
7120.744529	1.101238597370
7121.100575	1.101151003162
7121.456639	1.101063404610
7121.812721	1.100975801727
7122.168821	1.100888194395
7122.524938	1.100800582762
7122.881073	1.100712966796
7123.237226	1.100625346464
7123.593397	1.100537721603
7123.949585	1.100450092450
7124.305792	1.100362458930
7124.662016	1.100274821031
7125.018258	1.100187178748
7125.374518	1.100099532076
7125.730795	1.100011881002
7126.087091	1.099924225781
7126.443404	1.099836566549
7126.799735	1.099748905158
7127.156084	1.099661247967
7127.512451	1.099573618012
7127.868835	1.099486089372
7128.225238	1.099398878352
7128.581658	1.099312556136
7128.938096	1.099228481971
7129.294552	1.099149553431
7129.651025	1.099081264903
7130.007517	1.099032789846
7130.364026	1.099017482980
7130.720553	1.099052493327
7131.077098	1.099160192275
7131.433661	1.099385652657
7131.790241	1.099879837111
7132.146840	1.101194822692
7132.503456	1.105170421552
7132.860090	1.117270841265
7133.216742	1.152010464258
7133.573412	1.243939276036
7133.930099	1.466553251084
7134.286805	1.958577710259
7134.643528	2.949304309765
7135.000269	4.762782421525
7135.357028	7.771095661433
7135.713805	12.273279990053
7136.070600	18.309532097311
7136.427412	25.476250063854
7136.784242	32.852246773692
7137.141090	39.135616349982
7137.497956	42.999803541587
7137.854840	43.545822369228
7138.211742	40.641645399161
7138.568661	34.973903896312
7138.925599	27.784532021219
7139.282554	20.429822688287
7139.639527	13.975258251189
7139.996518	8.985321917435
7140.353527	5.539870754856
7140.710553	3.397747584997
7141.067598	2.192322360770
7141.424660	1.576214379226
7141.781740	1.289474504772
7142.138838	1.167725147275
7142.495954	1.120481949731
7142.853088	1.103692184454
7143.210239	1.098201480927
7143.567409	1.096524645725
7143.924596	1.096020860756
7144.281801	1.095846286711
7144.639024	1.095756098456
7144.996265	1.095685682018
7145.353524	1.095619501330
7145.710801	1.095554149081
7146.068095	1.095488943095
7146.425407	1.095423758512
7146.782738	1.095358574530
7147.140086	1.095293388070
7147.497452	1.095228199995
7147.854835	1.095163016412
7148.212237	1.095097865507
7148.569657	1.095032862402
7148.927094	1.094968437562
7149.284549	1.094906052905
7149.642022	1.094850223735
7149.999514	1.094813603666
7150.357022	1.094828306403
7150.714549	1.094968036070
7151.072094	1.095385693297
7151.429656	1.096368893942
7151.787237	1.098413618135
7152.144835	1.102325520421
7152.502451	1.109399004975
7152.860085	1.121808761212
7153.217737	1.143434964954
7153.575407	1.181298658762
7153.933095	1.247396376846
7154.290800	1.359910077253
7154.648524	1.541831530218
7155.006265	1.814891821706
7155.364025	2.188317696998
7155.721802	2.645559765717
7156.079597	3.135909608242
7156.437410	3.578728196365
7156.795241	3.883320473439
7157.153089	3.978752239595
7157.510956	3.840415050615
7157.868840	3.499849814233
7158.226743	3.032616507824
7158.584663	2.530653066236
7158.942601	2.072983439890
7159.300557	1.707291989102
7159.658531	1.447063481229
7160.016523	1.280610273685
7160.374533	1.184344789204
7160.732561	1.133803872950
7161.090606	1.109638743335
7161.448670	1.099082327663
7161.806751	1.094846625708
7162.164850	1.093263205788
7162.522967	1.092683691370
7162.881103	1.092446639977
7163.239256	1.092317155130
7163.597427	1.092219097666
7163.955615	1.092129410802
7164.313822	1.092041844538
7164.672047	1.091955138283
7165.030289	1.091869920613
7165.388550	1.091788970856
7165.746828	1.091719779038
7166.105124	1.091680165069
7166.463439	1.091708155992
7166.821771	1.091876157295
7167.180121	1.092305955727
7167.538489	1.093175504820
7167.896875	1.094703955305
7168.255278	1.097104220832
7168.613700	1.100509775574
7168.972140	1.104914680761
7169.330597	1.110203008496
7169.689073	1.116362080774
7170.047566	1.123947764361
7170.406078	1.134775133340
7170.764607	1.152637144178
7171.123154	1.183629712549
7171.481719	1.235490189183
7171.840302	1.315433343197
7172.198903	1.426528381526
7172.557522	1.563674964295
7172.916159	1.711251312580
7173.274814	1.844613930792
7173.633487	1.936230339770
7173.992177	1.964669573937
7174.350886	1.922529041183
7174.709612	1.819329670073
7175.068357	1.677844672851
7175.427119	1.525801352342
7175.785899	1.387073078111
7176.144698	1.276120456304
7176.503514	1.197098159060
7176.862348	1.146546682178
7177.221200	1.117380087070
7177.580070	1.102209338419
7177.938958	1.095154330992
7178.297864	1.092291761115
7178.656788	1.091331832769
7179.015730	1.091074328207
7179.374689	1.090949767950
7179.733667	1.090727258993
7180.092663	1.090354390671
7180.451676	1.089869806045
7180.810708	1.089348779111
7181.169758	1.088867901879
7181.528825	1.088489264968
7181.887910	1.088266347850
7182.247014	1.088269030494
7182.606135	1.088618672824
7182.965274	1.089517116995
7183.324432	1.091246042700
7183.683607	1.094110748474
7184.042800	1.098315326688
7184.402011	1.103792475894
7184.761240	1.110059459530
7185.120487	1.116200290020
7185.479752	1.121043485348
7185.839035	1.123510573325
7186.198336	1.122999359856
7186.557655	1.119614438772
7186.916992	1.114123620266
7187.276347	1.107670022054
7187.635720	1.101383812299
7187.995110	1.096071450989
7188.354519	1.092096133168
7188.713946	1.089445333343
7189.073390	1.087902049723
7189.432853	1.087225144877
7189.792334	1.087279732184
7190.151832	1.088099917413
7190.511349	1.089886073341
7190.870883	1.092939151892
7191.230436	1.097534129245
7191.590007	1.103751910055
7191.949595	1.111320755205
7192.309201	1.119542676882
7192.668826	1.127366103549
7193.028468	1.133608313660
7193.388129	1.137255971596
7193.747807	1.137729484095
7194.107504	1.135014835010
7194.467218	1.129630532596
7194.826950	1.122464509334
7195.186701	1.114549390366
7195.546469	1.106844121631
7195.906255	1.100070579353
7196.266060	1.094632657439
7196.625882	1.090622471463
7196.985722	1.087895284105
7197.345580	1.086177108834
7197.705457	1.085165929154
7198.065351	1.084600256344
7198.425263	1.084288448004
7198.785194	1.084107930241
7199.145142	1.083989192158
7199.505108	1.083896955661
7199.865092	1.083815097464
7200.225095	1.083736953425
7200.585115	1.083660024431
7200.945153	1.083583458447
7201.305209	1.083506990633
7201.665284	1.083430545889
7202.025376	1.083354104092
7202.385486	1.083277659670
7202.745614	1.083201210329
7203.105761	1.083124754458
7203.465925	1.083048291394
7203.826107	1.082971821066
7204.186308	1.082895344269
7204.546526	1.082818862257
7204.906762	1.082742376448
7205.267017	1.082665887858
7205.627289	1.082589396948
7205.987579	1.082512903597
7206.347888	1.082436407845
7206.708214	1.082359909181
7207.068559	1.082283407327
7207.428921	1.082206901844
7207.789301	1.082130392888
7208.149700	1.082053880074
7208.510116	1.081977363465
7208.870551	1.081900843020
7209.231003	1.081824317772
7209.591474	1.081747748749
7209.951963	1.081670726920
7210.312469	1.081591968881
7210.672994	1.081510815122
7211.033537	1.081428467972
7211.394097	1.081345927051
7211.754676	1.081263435295
7212.115273	1.081181123080
7212.475887	1.081099271487
7212.836520	1.081018481973
7213.197171	1.080939897175
7213.557840	1.080865420556
7213.918527	1.080797767239
7214.279232	1.080740097560
7214.639955	1.080695022827
7215.000696	1.080663047707
7215.361455	1.080640975287
7215.722232	1.080621204763
7216.083027	1.080592785960
7216.443840	1.080544360656
7216.804671	1.080468002240
7217.165521	1.080362197139
7217.526388	1.080232435670
7217.887273	1.080089107754
7218.248177	1.079943814556
7218.609098	1.079805947797
7218.970038	1.079681067710
7219.330995	1.079571784081
7219.691971	1.079481409237
7220.052964	1.079421279680
7220.413976	1.079424168315
7220.775006	1.079567346836
7221.136054	1.080007037547
7221.497119	1.081017919144
7221.858203	1.083015981048
7222.219305	1.086525823859
7222.580425	1.092050864960
7222.941563	1.099835874041
7223.302719	1.109582425989
7223.663894	1.120256437728
7224.025086	1.130151694235
7224.386296	1.137286946663
7224.747524	1.140035893438
7225.108771	1.137721512404
7225.470035	1.130878579819
7225.831318	1.121045892974
7226.192618	1.110197875727
7226.553937	1.100102271691
7226.915274	1.091885187012
7227.276629	1.085929100182
7227.638001	1.082045171391
7227.999392	1.079763736754
7228.360801	1.078604027911
7228.722228	1.078267880543
7229.083674	1.078784741963
7229.445137	1.080671228494
7229.806618	1.085142336614
7230.168117	1.094322362509
7230.529635	1.111274266536
7230.891170	1.139562341654
7231.252724	1.182112603059
7231.614296	1.239442784437
7231.975885	1.307867514995
7232.337493	1.378727394486
7232.699119	1.439615074039
7233.060763	1.477725700096
7233.422425	1.484197580122
7233.784105	1.457450898456
7234.145804	1.403811532243
7234.507520	1.335093362876
7234.869254	1.264408633709
7235.231007	1.202262563855
7235.592778	1.154501478114
7235.954566	1.122447943271
7236.316373	1.104460859000
7236.678198	1.097759559277
7237.040041	1.099644002585
7237.401902	1.107839698786
7237.763781	1.120212160936
7238.125678	1.134338399161
7238.487594	1.147384844577
7238.849527	1.156486450893
7239.211479	1.159483163779
7239.573448	1.155617905466
7239.935436	1.145787209383
7240.297442	1.132178736639
7240.659466	1.117469702255
7241.021508	1.103977522843
7241.383568	1.093120146865
7241.745646	1.085323383126
7242.107742	1.080273537521
7242.469857	1.077298123537
7242.831989	1.075687127635
7243.194140	1.074871669887
7243.556309	1.074471713862
7243.918496	1.074267463140
7244.280701	1.074146731051
7244.642924	1.074058401336
7245.005165	1.073981528730
7245.367424	1.073908354413
7245.729702	1.073836270413
7246.091997	1.073764479202
7246.454311	1.073692757732
7246.816643	1.073621049659
7247.178993	1.073549341301
7247.541361	1.073477630176
7247.903747	1.073405915447
7248.266151	1.073334197314
7248.628573	1.073262475481
7248.991014	1.073190750135
7249.353472	1.073119021138
7249.715949	1.073047288681
7250.078444	1.072975553084
7250.440957	1.072903816387
7250.803488	1.072832088524
7251.166037	1.072760414939
7251.528605	1.072688982054
7251.891190	1.072618489916
7252.253794	1.072551328719
7252.616416	1.072494912065
7252.979055	1.072470067313
7253.341713	1.072529619442
7253.704390	1.072793983816
7254.067084	1.073508217520
7254.429796	1.075113177333
7254.792527	1.078298347903
7255.155276	1.083972555979
7255.518042	1.093074693125
7255.880827	1.106187492133
7256.243630	1.123029661642
7256.606452	1.142049802120
7256.969291	1.160419333538
7257.332149	1.174616072514
7257.695024	1.181493795640
7258.057918	1.179408190933
7258.420830	1.168851145226
7258.783760	1.152258115313
7259.146709	1.133090873882
7259.509675	1.114668427655
7259.872659	1.099279491483
7260.235662	1.087871089184
7260.598683	1.080271515185
7260.961722	1.075681054267
7261.324779	1.073147080928
7261.687855	1.071864434385
7262.050948	1.071284258419
7262.414060	1.071095841532
7262.777189	1.071156406489
7263.140337	1.071417069687
7263.503503	1.071863791584
7263.866688	1.072476960508
7264.229890	1.073210513772
7264.593111	1.073991959670
7264.956349	1.074740581894
7265.319606	1.075393001034
7265.682881	1.075920098568
7266.046175	1.076324260035
7266.409486	1.076619594261
7266.772816	1.076810077742
7267.136163	1.076880931946
7267.499529	1.076806829394
7267.862913	1.076567753125
7268.226315	1.076160797918
7268.589736	1.075604379878
7268.953174	1.074939837918
7269.316631	1.074235024600
7269.680106	1.073586101258
7270.043599	1.073107337927
7270.407110	1.072902172295
7270.770640	1.073021251180
7271.134188	1.073425935424
7271.497753	1.073979368865
7271.861337	1.074477653583
7272.224939	1.074714250309
7272.588560	1.074551762079
7272.952198	1.073968515729
7273.315855	1.073058706064
7273.679530	1.071988696404
7274.043223	1.070933432752
7274.406934	1.070023173692
7274.770664	1.069319700810
7275.134411	1.068822801025
7275.498177	1.068494175656
7275.861961	1.068283189836
7276.225763	1.068144593006
7276.589584	1.068046271578
7276.953422	1.067970779810
7277.317279	1.067917681694
7277.681154	1.067918489809
7278.045047	1.068088846222
7278.408958	1.068771417788
7278.772888	1.070871207202
7279.136836	1.076536448159
7279.500802	1.090331078659
7279.864786	1.120862544798
7280.228788	1.182345908216
7280.592809	1.294849654981
7280.956847	1.481380300637
7281.320904	1.760363726950
7281.684980	2.134139343344
7282.049073	2.577543723349
7282.413184	3.033415747510
7282.777314	3.421153826170
7283.141462	3.658810874388
7283.505628	3.691061625756
7283.869813	3.510095506527
7284.234015	3.158680746351
7284.598236	2.713783009599
7284.962475	2.259290727224
7285.326732	1.861045801123
7285.691008	1.553977760655
7286.055302	1.343221752406
7286.419613	1.214249811801
7286.783943	1.144850406127
7287.148292	1.113855289802
7287.512658	1.105119445734
7287.877043	1.107984979176
7288.241446	1.116445871637
7288.605867	1.129005556712
7288.970307	1.150633799145
7289.334764	1.197761249915
7289.699240	1.306630871656
7290.063734	1.543704287110
7290.428246	2.013378916648
7290.792777	2.853740279559
7291.157326	4.208759680190
7291.521893	6.170957911542
7291.886478	8.704936495291
7292.251081	11.584543169746
7292.615703	14.388496117926
7292.980343	16.584797823119
7293.345001	17.690438201319
7293.709677	17.443192864083
7294.074372	15.902354965151
7294.439085	13.425523849592
7294.803816	10.533891856637
7295.168565	7.735097261938
7295.533333	5.385351830992
7295.898119	3.637936981876
7296.262923	2.473630144343
7296.627745	1.773708932890
7296.992585	1.392366033683
7297.357444	1.203461012600
7297.722321	1.118173551337
7298.087216	1.083001740645
7298.452130	1.069713503692
7298.817062	1.065083679622
7299.182012	1.063566029249
7299.546980	1.063066659667
7299.911966	1.062871029449
7300.276971	1.062758097566
7300.641994	1.062665738537
7301.007035	1.062578070512
7301.372095	1.062491428168
7301.737172	1.062405148391
7302.102268	1.062319432761
7302.467383	1.062235160073
7302.832515	1.062154410427
7303.197666	1.062081483076
7303.562835	1.062024288122
7303.928022	1.061995742677
7304.293228	1.062014563237
7304.658451	1.062105246505
7305.023694	1.062298788656
7305.388954	1.062638900992
7305.754232	1.063201089306
7306.119529	1.064129567088
7306.484844	1.065684504591
7306.850178	1.068270217907
7307.215529	1.072393501485
7307.580899	1.078505307043
7307.946287	1.086733403188
7308.311694	1.096597240629
7308.677119	1.106866710239
7309.042562	1.115723780566
7309.408023	1.121255609200
7309.773502	1.122110929331
7310.139000	1.118016117006
7310.504516	1.109885365257
7310.870051	1.099468142575
7311.235603	1.088720857237
7311.601174	1.079210963655
7311.966763	1.071793258788
7312.332371	1.066615859582
7312.697997	1.063348138591
7313.063641	1.061463961215
7313.429303	1.060456337602
7313.794984	1.059941797445
7314.160683	1.059675974052
7314.526400	1.059524139476
7314.892135	1.059423280373
7315.257889	1.059356558235
7315.623661	1.059352166442
7315.989451	1.059522984748
7316.355260	1.060181944517
7316.721087	1.062096352851
7317.086932	1.066967871914
7317.452796	1.078209034501
7317.818677	1.101983076398
7318.184577	1.148238678698
7318.550496	1.231137781579
7318.916432	1.367977261444
7319.282387	1.575730888935
7319.648361	1.864930363212
7320.014352	2.231916561608
7320.380362	2.652143316863
7320.746390	3.078504967490
7321.112437	3.448380591130
7321.478502	3.700629018814
7321.844585	3.799451835146
7322.210686	3.757799327690
7322.576806	3.651085563194
7322.942944	3.613412168373
7323.309100	3.812422136591
7323.675275	4.403910671423
7324.041468	5.473565796737
7324.407679	6.981678677499
7324.773908	8.734706494774
7325.140156	10.407810332555
7325.506422	11.626412612467
7325.872707	12.085080155103
7326.239010	11.655041464007
7326.605331	10.429000059058
7326.971670	8.680955253437
7327.338028	6.762656470913
7327.704404	4.988770585363
7328.070798	3.560665803679
7328.437211	2.550129617672
7328.803642	1.931082677221
7329.170091	1.629700944891
7329.536559	1.565972398964
7329.903045	1.674011897978
7330.269549	1.902901630844
7330.636072	2.207575863530
7331.002613	2.539970653457
7331.369172	2.846832316011
7331.735750	3.075419795934
7332.102346	3.184032888332
7332.468960	3.152255915366
7332.835593	2.986226494028
7333.202244	2.716522986355
7333.568913	2.389311221226
7333.935601	2.053903596542
7334.302307	1.751075794659
7334.669031	1.505803957219
7335.035773	1.325972634669
7335.402534	1.206071635489
7335.769314	1.133266772307
7336.136111	1.093112199870
7336.502927	1.073248174896
7336.869762	1.064816753842
7337.236614	1.062254940612
7337.603485	1.062375992541
7337.970375	1.063423200842
7338.337282	1.064415689366
7338.704208	1.064816261268
7339.071153	1.064407131279
7339.438115	1.063236384007
7339.805097	1.061546649276
7340.172096	1.059667115080
7340.539114	1.057899705347
7340.906150	1.056441366386
7341.273204	1.055363088374
7341.640277	1.054636431046
7342.007368	1.054180819668
7342.374478	1.053906203869
7342.741606	1.053738330885
7343.108752	1.053626674369
7343.475917	1.053541642494
7343.843100	1.053468003222
7344.210301	1.053398782039
7344.577521	1.053331116540
7344.944759	1.053263947899
7345.312015	1.053196922305
7345.679290	1.053129932224
7346.046583	1.053062948570
7346.413895	1.052995963903
7346.781224	1.052928976714
7347.148573	1.052861986479
7347.515939	1.052794993183
7347.883324	1.052727996635
7348.250728	1.052660996787
7348.618149	1.052593993384
7348.985590	1.052526986522
7349.353048	1.052459976024
7349.720525	1.052392962104
7350.088020	1.052325944763
7350.455534	1.052258924243
7350.823066	1.052191900293
7351.190616	1.052124873264
7351.558185	1.052057842839
7351.925772	1.051990809234
7352.293377	1.051923772255
7352.661001	1.051856732031
7353.028643	1.051789688372
7353.396304	1.051722641421
7353.763983	1.051655591112
7354.131680	1.051588537515
7354.499396	1.051521480484
7354.867130	1.051454420689
7355.234883	1.051387382116
7355.602654	1.051320637471
7355.970443	1.051255118085
7356.338251	1.051191410778
7356.706077	1.051128670340
7357.073921	1.051066110846
7357.441784	1.051003559830
7357.809666	1.050941005965
7358.177565	1.050878448914
7358.545483	1.050815888781
7358.913420	1.050753325451
7359.281375	1.050690759060
7359.649348	1.050628189451
7360.017340	1.050565616832
7360.385350	1.050503040999
7360.753378	1.050440462176
7361.121425	1.050377880087
7361.489490	1.050315294967
7361.857574	1.050252706722
7362.225676	1.050190115453
7362.593797	1.050127520863
7362.961935	1.050064923211
7363.330093	1.050002322399
7363.698268	1.049939718439
7364.066463	1.049877111221
7364.434675	1.049814500907
7364.802906	1.049751887432
7365.171155	1.049689270918
7365.539423	1.049626651160
7365.907709	1.049564028409
7366.276014	1.049501402766
7366.644337	1.049438774987
7367.012678	1.049376148038
7367.381038	1.049313533244
7367.749416	1.049250970524
7368.117813	1.049188587087
7368.486228	1.049126756207
7368.854662	1.049066480433
7369.223114	1.049010212126
7369.591584	1.048963390910
7369.960073	1.048936881574
7370.328580	1.048950024067
7370.697106	1.049033009180
7371.065650	1.049225965069
7371.434212	1.049571440996
7371.802793	1.050098325922
7372.171393	1.050799733962
7372.540010	1.051613699357
7372.908647	1.052419868363
7373.277301	1.053062878658
7373.645974	1.053403778064
7374.014666	1.053392872317
7374.383376	1.053167293402
7374.752104	1.053221232069
7375.120851	1.054781045547
7375.489616	1.060615827607
7375.858400	1.076544331684
7376.227202	1.113700609990
7376.596023	1.191010445109
7376.964862	1.336279112813
7377.333719	1.583284588159
7377.702595	1.962364184900
7378.071489	2.484448883478
7378.440402	3.123254236181
7378.809333	3.805139900102
7379.178283	4.416611916677
7379.547251	4.832821980294
7379.916238	4.958554263558
7380.285243	4.763551562679
7380.654266	4.294323034207
7381.023308	3.656136978684
7381.392369	2.974721649336
7381.761448	2.356638020866
7382.130545	1.865063547188
7382.499661	1.516769793285
7382.868795	1.294903777608
7383.237948	1.167101882375
7383.607119	1.100264663229
7383.976308	1.068432845683
7384.345516	1.054590700752
7384.714743	1.049095014736
7385.083988	1.047169505508
7385.453251	1.046822808624
7385.822533	1.047599864468
7386.191833	1.050086961880
7386.561152	1.055936695779
7386.930490	1.068133123487
7387.299845	1.091131805329
7387.669220	1.130403505607
7388.038612	1.190945865007
7388.408023	1.274723512499
7388.777453	1.377762892378
7389.146901	1.488421916048
7389.516368	1.588470932545
7389.885853	1.657594789385
7390.255356	1.680015053433
7390.624878	1.650325141904
7390.994419	1.575598305848
7391.363978	1.472644941813
7391.733555	1.361873231083
7392.103151	1.260805032133
7392.472765	1.180011783718
7392.842398	1.122491840691
7393.212050	1.085673152270
7393.581720	1.064350678266
7393.951408	1.053123675416
7394.321115	1.047720207535
7394.690840	1.045321342948
7395.060584	1.044318047964
7395.430346	1.043900879513
7395.800127	1.043707011497
7396.169926	1.043590491322
7396.539744	1.043498373147
7396.909580	1.043413274801
7397.279435	1.043330018249
7397.649308	1.043247201165
7398.019200	1.043164477418
7398.389110	1.043081769393
7398.759039	1.042999060948
7399.128986	1.042916349097
7399.498952	1.042833633466
7399.868936	1.042750914258
7400.238938	1.042668192068
7400.608960	1.042585469321
7400.978999	1.042502751961
7401.349058	1.042420052533
7401.719134	1.042337396384
7402.089229	1.042254827346
7402.459343	1.042172410919
7402.829475	1.042090229168
7403.199626	1.042008359478
7403.569795	1.041926837129
7403.939983	1.041845611801
7404.310189	1.041764534335
7404.680414	1.041683586405
7405.050657	1.041603711434
7405.420919	1.041526221708
7405.791199	1.041450210661
7406.161498	1.041374117483
7406.531816	1.041297674063
7406.902151	1.041221268219
7407.272506	1.041145752831
7407.642879	1.041073533411
7408.013270	1.041012348978
7408.383680	1.040986047648
7408.754108	1.041061715681
7409.124555	1.041409793015
7409.495021	1.042419315920
7409.865505	1.044883070537
7410.236008	1.050229116237
7410.606529	1.060694503056
7410.977068	1.079233543754
7411.347626	1.108908251658
7411.718203	1.151635661304
7412.088798	1.206535864571
7412.459412	1.268599639625
7412.830044	1.328648517198
7413.200695	1.375214074569
7413.571364	1.398010816764
7413.942052	1.391611304214
7414.312758	1.357535290557
7414.683483	1.303657934126
7415.054227	1.241249112672
7415.424989	1.181164126554
7415.795769	1.130928048157
7416.166568	1.093695197507
7416.537386	1.068951195414
7416.908222	1.054097646585
7417.279077	1.045998231118
7417.649950	1.041962463184
7418.020842	1.040107395644
7418.391752	1.039304741429
7418.762681	1.038962337517
7419.133628	1.038804522887
7419.504594	1.038716457815
7419.875579	1.038654671735
7420.246582	1.038603713582
7420.617603	1.038559223320
7420.988643	1.038525348599
7421.359702	1.038521158587
7421.730779	1.038594199640
7422.101875	1.038839127210
7422.472990	1.039415175775
7422.844123	1.040548788462
7423.215274	1.042501574775
7423.586444	1.045487379680
7423.957633	1.049544483750
7424.328840	1.054406373286
7424.700066	1.059446871126
7425.071310	1.063769143518
7425.442573	1.066447932555
7425.813854	1.066842972882
7426.185154	1.064839784786
7426.556473	1.060894401100
7426.927810	1.055857949876
7427.299165	1.050673212680
7427.670540	1.046090201669
7428.041932	1.042514279052
7428.413344	1.040012057759
7428.784774	1.038422329180
7429.156222	1.037491995924
7429.527689	1.036977871217
7429.899175	1.036695367875
7430.270679	1.036527355039
7430.642202	1.036410983884
7431.013744	1.036316049011
7431.385304	1.036229256485
7431.756882	1.036145518291
7432.128479	1.036063191252
7432.500095	1.035981802661
7432.871729	1.035901104127
7433.243382	1.035820741128
7433.615054	1.035740212640
7433.986744	1.035658981980
7434.358452	1.035576644388
7434.730179	1.035493068996
7435.101925	1.035408440021
7435.473690	1.035323179632
7435.845473	1.035237792747
7436.217274	1.035152710425
7436.589094	1.035068193474
7436.960933	1.034984318906
7437.332790	1.034901028582
7437.704666	1.034818222551
7438.076561	1.034735923739
7438.448474	1.034654688780
7438.820406	1.034576747703
7439.192356	1.034509007073
7439.564325	1.034470129646
7439.936313	1.034505160362
7440.308319	1.034711348181
7440.680343	1.035275281275
7441.052387	1.036511256399
7441.424449	1.038873848949
7441.796529	1.042902580557
7442.168628	1.049060962178
7442.540746	1.057475466503
7442.912882	1.067657648059
7443.285037	1.078365218426
7443.657211	1.087754936928
7444.029403	1.093863900652
7444.401614	1.095264978973
7444.773843	1.091600450304
7445.146091	1.083721967122
7445.518358	1.073361872613
7445.890643	1.062509246091
7446.262947	1.052796419827
7446.635269	1.045148046695
7447.007610	1.039764590441
7447.379970	1.036341357648
7447.752348	1.034355650063
7448.124745	1.033291887836
7448.497161	1.032757865984
7448.869595	1.032513863197
7449.242048	1.032467711271
7449.614519	1.032694047695
7449.987009	1.033535937978
7450.359518	1.035847888022
7450.732045	1.041420538167
7451.104591	1.053543516343
7451.477156	1.077477614215
7451.849739	1.120351842814
7452.222341	1.189855849763
7452.594961	1.291340894922
7452.967600	1.423783397071
7453.340258	1.576243801558
7453.712934	1.727216441089
7454.085629	1.848634031309
7454.458343	1.914091163456
7454.831075	1.908134671964
7455.203826	1.832171347340
7455.576595	1.703923259846
7455.949383	1.550711842069
7456.322190	1.400042500754
7456.695016	1.271893720670
7457.067860	1.175487118547
7457.440723	1.110551920759
7457.813604	1.071100722594
7458.186504	1.049370764444
7458.559423	1.038473814395
7458.932360	1.033474309712
7459.305316	1.031356828128
7459.678290	1.030510390315
7460.051284	1.030171707727
7460.424295	1.030017256416
7460.797326	1.029923640143
7461.170375	1.029848333797
7461.543443	1.029778055066
7461.916530	1.029709035012
7462.289635	1.029640300831
7462.662759	1.029571624378
7463.035901	1.029502961805
7463.409062	1.029434326627
7463.782242	1.029365816486
7464.155440	1.029297815644
7464.528657	1.029231688389
7464.901893	1.029171830329
7465.275148	1.029131089542
7465.648421	1.029143419820
7466.021712	1.029289625261
7466.395023	1.029741907592
7466.768352	1.030826119147
7467.141700	1.033082534937
7467.515066	1.037277531102
7467.888451	1.044295921253
7468.261855	1.054856712983
7468.635277	1.069073683915
7469.008719	1.086012599634
7469.382178	1.103507536399
7469.755657	1.118474115923
7470.129154	1.127747304627
7470.502670	1.129156963288
7470.876204	1.122345740910
7471.249757	1.108909323690
7471.623329	1.091783464446
7471.996920	1.074199549456
7472.370529	1.058713873992
7472.744157	1.046696004023
7473.117803	1.038357356196
7473.491468	1.033135705466
7473.865152	1.030161219341
7474.238855	1.028604319239
7474.612576	1.027841656443
7474.986316	1.027477761906
7475.360075	1.027294339285
7475.733852	1.027184836463
7476.107648	1.027102815359
7476.481463	1.027030087774
7476.855296	1.026960223883
7477.229148	1.026891167052
7477.603019	1.026822323026
7477.976909	1.026753542840
7478.350817	1.026684809999
7478.724744	1.026616180652
7479.098689	1.026547805206
7479.472654	1.026480105161
7479.846637	1.026415488718
7480.220638	1.026362945548
7480.594659	1.026346010807
7480.968698	1.026419809310
7481.342756	1.026702129456
7481.716832	1.027417138281
7482.090927	1.028938949449
7482.465041	1.031802485655
7482.839174	1.036632386836
7483.213325	1.043948188905
7483.587495	1.053857316463
7483.961684	1.065738679633
7484.335891	1.078100245301
7484.710118	1.088782264422
7485.084362	1.095534977218
7485.458626	1.096777904563
7485.832908	1.092193693142
7486.207209	1.082852495704
7486.581529	1.070800059341
7486.955867	1.058326181942
7487.330225	1.047269287194
7487.704600	1.038637199837
7488.078995	1.032611741927
7488.453408	1.028813168073
7488.827840	1.026630540125
7489.202291	1.025472984869
7489.576761	1.024892608650
7489.951249	1.024603352628
7490.325756	1.024446449675
7490.700281	1.024344058440
7491.074826	1.024262136901
7491.449389	1.024187317402
7491.823971	1.024114853023
7492.198571	1.024043188968
7492.573191	1.023971815060
7492.947829	1.023900520091
7493.322485	1.023829179053
7493.697161	1.023757736193
7494.071855	1.023686270654
7494.446568	1.023615132112
7494.821300	1.023545165641
7495.196050	1.023478054391
7495.570819	1.023416736626
7495.945607	1.023365697282
7496.320414	1.023330733515
7496.695239	1.023317705940
7497.070083	1.023330061560
7497.444946	1.023365642722
7497.819828	1.023414222262
7498.194728	1.023457634809
7498.569647	1.023473638700
7498.944585	1.023442742852
7499.319542	1.023355212571
7499.694517	1.023214826325
7500.069511	1.023037400117
7500.444524	1.022844869581
7500.819556	1.022657942867
7501.194606	1.022490659845
7501.569675	1.022348614561
7501.944763	1.022230473997
7502.319870	1.022131086020
7502.694995	1.022044428947
7503.070139	1.021965455669
7503.445302	1.021890770761
7503.820484	1.021818599606
7504.195684	1.021748778779
7504.570903	1.021682748891
7504.946141	1.021621609404
7505.321398	1.021564920246
7505.696673	1.021512179528
7506.071968	1.021462611587
7506.447281	1.021414336173
7506.822612	1.021364398996
7507.197963	1.021309486488
7507.573332	1.021247001099
7507.948720	1.021176021464
7508.324127	1.021097661397
7508.699553	1.021014639045
7509.074997	1.020930281255
7509.450460	1.020847462347
7509.825942	1.020767928237
7510.201443	1.020692184556
7510.576962	1.020619816431
7510.952500	1.020549970908
7511.328057	1.020481760051
7511.703633	1.020414482949
7512.079228	1.020347681249
7512.454841	1.020281098490
7512.830473	1.020214609919
7513.206124	1.020148162135
7513.581794	1.020081733939
7513.957482	1.020015316270
7514.333190	1.019948904590
7514.708916	1.019882495590
7515.084660	1.019816087201
7515.460424	1.019749678272
7515.836206	1.019683267920
7516.212008	1.019616855722
7516.587828	1.019550441104
7516.963666	1.019484023962
7517.339524	1.019417603669
7517.715400	1.019351180213
7518.091296	1.019284753610
7518.467210	1.019218326235
7518.843142	1.019151907471
7519.219094	1.019085533095
7519.595064	1.019019324617
7519.971053	1.018953659940
7520.347061	1.018889601778
7520.723088	1.018829852057
7521.099134	1.018780584169
7521.475198	1.018754398432
7521.851281	1.018774048736
7522.227383	1.018875332935
7522.603504	1.019105975484
7522.979643	1.019516724608
7523.355802	1.020143205932
7523.731979	1.020983143111
7524.108175	1.021981281268
7524.484390	1.023037415030
7524.860623	1.024045116752
7525.236876	1.024949402968
7525.613147	1.025791146017
7525.989437	1.026701050903
7526.365746	1.027827817444
7526.742074	1.029226709508
7527.118420	1.030771303997
7527.494786	1.032154279329
7527.871170	1.033003914569
7528.247573	1.033081919594
7528.623995	1.032484062917
7529.000435	1.031764055657
7529.376895	1.031934475645
7529.753373	1.034331436061
7530.129870	1.040338149531
7530.506386	1.050965048159
7530.882921	1.066334138923
7531.259474	1.085226633191
7531.636047	1.104959907023
7532.012638	1.121831375052
7532.389248	1.132134701282
7532.765877	1.133405050153
7533.142524	1.125325822752
7533.519191	1.109831799432
7533.895876	1.090348676035
7534.272581	1.070562531562
7534.649304	1.053309802134
7535.026045	1.040024319710
7535.402806	1.030817680633
7535.779586	1.024962114762
7536.156384	1.021446771182
7536.533201	1.019373789634
7536.910037	1.018127169276
7537.286892	1.017370713646
7537.663766	1.016970356877
7538.040659	1.016911625194
7538.417570	1.017238301716
7538.794500	1.018005625463
7539.171450	1.019233228243
7539.548418	1.020855395754
7539.925404	1.022686132611
7540.302410	1.024426507633
7540.679435	1.025730372669
7541.056478	1.026313361266
7541.433540	1.026058430496
7541.810621	1.025063320622
7542.187721	1.023601670707
7542.564840	1.022015949391
7542.941978	1.020596023704
7543.319134	1.019499827776
7543.696310	1.018742907107
7544.073504	1.018244299327
7544.450717	1.017891943194
7544.827949	1.017592360709
7545.205200	1.017289370837
7545.582470	1.016958339730
7545.959758	1.016592616664
7546.337066	1.016194932729
7546.714392	1.015775984015
7547.091737	1.015354922998
7547.469101	1.014956400722
7547.846484	1.014603689164
7548.223886	1.014311612091
7548.601306	1.014083323299
7548.978746	1.013912181167
7549.356204	1.013787084068
7549.733682	1.013698651986
7550.111178	1.013644433697
7550.488693	1.013632434215
7550.866226	1.013682486273
7551.243779	1.013824277416
7551.621351	1.014090197472
7551.998941	1.014502094785
7552.376551	1.015054165396
7552.754179	1.015698577831
7553.131826	1.016342918685
7553.509492	1.016866088852
7553.887177	1.017151116550
7554.264881	1.017123388732
7554.642604	1.016777469523
7555.020345	1.016179924875
7555.398106	1.015446674787
7555.775885	1.014704795914
7556.153683	1.014056513519
7556.531500	1.013558980011
7556.909336	1.013223146764
7557.287191	1.013026344513
7557.665065	1.012929202596
7558.042958	1.012889257569
7558.420869	1.012868457803
7558.798800	1.012836137942
7559.176749	1.012770541727
7559.554718	1.012660646181
7559.932705	1.012507738990
7560.310711	1.012325084100
7560.688736	1.012134949462
7561.066780	1.011964133634
7561.444843	1.011840065654
7561.822924	1.011788497134
7562.201025	1.011831575966
7562.579144	1.011983707673
7562.957283	1.012243767063
7563.335440	1.012585880150
7563.713616	1.012954742408
7564.091811	1.013272016631
7564.470025	1.013455729131
7564.848258	1.013446705819
7565.226510	1.013230087575
7565.604781	1.012840798762
7565.983071	1.012349923817
7566.361379	1.011839035527
7566.739707	1.011375034207
7567.118053	1.010995770846
7567.496419	1.010709399035
7567.874803	1.010503371584
7568.253206	1.010356210072
7568.631628	1.010246702615
7569.010069	1.010158558300
7569.388529	1.010081265724
7569.767008	1.010008938287
7570.145506	1.009938664728
7570.524023	1.009869161955
7570.902558	1.009799925436
7571.281113	1.009730789245
7571.659687	1.009661749634
7572.038279	1.009592961493
7572.416890	1.009524907197
7572.795521	1.009458830823
7573.174170	1.009397593678
7573.552838	1.009347071693
7573.931525	1.009317938966
7574.310231	1.009327081139
7574.688956	1.009397082719
7575.067700	1.009551821428
7575.446463	1.009807094901
7575.825245	1.010157919250
7576.204046	1.010567888244
7576.582865	1.010968117735
7576.961704	1.011271075341
7577.340561	1.011397436983
7577.719438	1.011305755941
7578.098333	1.011011007166
7578.477248	1.010582474060
7578.856181	1.010121688713
7579.235133	1.009730388897
7579.614105	1.009481422093
7579.993095	1.009401428292
7580.372104	1.009466639632
7580.751132	1.009611945599
7581.130179	1.009752281820
7581.509245	1.009808231153
7581.888330	1.009728902753
7582.267434	1.009505200329
7582.646557	1.009168163691
7583.025698	1.008773589554
7583.404859	1.008380581208
7583.784039	1.008033615230
7584.163238	1.007754376278
7584.542455	1.007543677843
7584.921692	1.007389303100
7585.300947	1.007274597207
7585.680222	1.007184451988
7586.059515	1.007107899773
7586.438828	1.007038248963
7586.818159	1.006972162469
7587.197510	1.006908770024
7587.576879	1.006849411263
7587.956267	1.006798247455
7588.335675	1.006763691005
7588.715101	1.006760165911
7589.094546	1.006808992836
7589.474010	1.006936450305
7589.853494	1.007167102834
7590.232996	1.007512231101
7590.612517	1.007956828171
7590.992057	1.008452291871
7591.371616	1.008922438016
7591.751194	1.009285102299
7592.130791	1.009482006139
7592.510407	1.009501701631
7592.890042	1.009381337622
7593.269696	1.009184272460
7593.649369	1.008965579792
7594.029061	1.008745649172
7594.408772	1.008506891844
7594.788502	1.008213540541
7595.168251	1.007840308345
7595.548019	1.007391942589
7595.927806	1.006903735319
7596.307612	1.006425915315
7596.687437	1.006003297751
7597.067280	1.005661388710
7597.447143	1.005403618744
7597.827025	1.005217371814
7598.206926	1.005083152028
7598.586846	1.004982085176
7598.966785	1.004899778012
7599.346743	1.004826990252
7599.726719	1.004758580210
7600.106715	1.004692028263
7600.486730	1.004626231245
7600.866764	1.004560747783
7601.246817	1.004495407435
7601.626889	1.004430139820
7602.006979	1.004364910914
7602.387089	1.004299703515
7602.767218	1.004234515199
7603.147366	1.004169370864
7603.527533	1.004104370878
7603.907719	1.004039825836
7604.287924	1.003976587396
7604.668148	1.003916730443
7605.048390	1.003864696699
7605.428652	1.003829236779
7605.808933	1.003826325559
7606.189233	1.003880377185
7606.569552	1.004021535675
7606.949890	1.004278065239
7607.330247	1.004662810334
7607.710623	1.005157101524
7608.091018	1.005700325716
7608.471432	1.006194407893
7608.851865	1.006527367134
7609.232318	1.006609929786
7609.612789	1.006410202375
7609.993279	1.005970859713
7610.373788	1.005403190229
7610.754316	1.004866599975
7611.134863	1.004549968024
7611.515430	1.004665584118
7611.896015	1.005449259871
7612.276619	1.007142864204
7612.657243	1.009933030617
7613.037885	1.013841360960
7613.418546	1.018603027244
7613.799227	1.023607292751
7614.179926	1.027973099327
7614.560645	1.030776143336
7614.941382	1.031354206414
7615.322139	1.029552143596
7615.702915	1.025781011903
7616.083709	1.020859628779
7616.464523	1.015721046526
7616.845356	1.011127175819
7617.226208	1.007507223900
7617.607078	1.004952029621
7617.987968	1.003317208806
7618.368877	1.002357108881
7618.749805	1.001829227350
7619.130752	1.001546966933
7619.511718	1.001389334952
7619.892703	1.001287876322
7620.273707	1.001208143859
7620.654731	1.001134663666
7621.035773	1.001061495712
7621.416834	1.000987158467
7621.797915	1.000912068484
7622.179014	1.000837214725
7622.560133	1.000763461846
7622.941270	1.000691261128
7623.322427	1.000620658155
7623.703602	1.000551497647
7624.084797	1.000483757822
7624.466011	1.000418059449
7624.847244	1.000356529356
7625.228495	1.000304283320
7625.609766	1.000271648735
7625.991056	1.000276698057
7626.372366	1.000346646264
7626.753694	1.000515559656
7627.135041	1.000815709720
7627.516407	1.001262006514
7627.897793	1.001833616582
7628.279197	1.002461919871
7628.660620	1.003035351832
7629.042063	1.003425827378
7629.423525	1.003529776954
7629.805005	1.003306150673
7630.186505	1.002792399250
7630.568024	1.002090028983
7630.949562	1.001327132308
7631.331119	1.000616767391
7631.712695	1.000029755761
7632.094290	0.999589007094
7632.475905	0.999281003158
7632.857538	0.999074490964
7633.239190	0.998937708373
7633.620862	0.998851897047
7634.002552	0.998827185409
7634.384262	0.998936521369
7634.765991	0.999395313872
7635.147739	1.000726148165
7635.529506	1.004045742215
7635.911292	1.011466180876
7636.293097	1.026484915161
7636.674921	1.054054394558
7637.056764	1.099877710025
7637.438627	1.168564097509
7637.820508	1.260789799193
7638.202409	1.370452172741
7638.584328	1.483512900632
7638.966267	1.580054963289
7639.348225	1.639711788050
7639.730202	1.648599446732
7640.112198	1.604553115987
7640.494213	1.517976916172
7640.876247	1.407848863158
7641.258301	1.294977092251
7641.640373	1.195765088164
7642.022465	1.118952563614
7642.404575	1.065832813564
7642.786705	1.032745750698
7643.168854	1.014078572072
7643.551022	1.004495673717
7643.933209	0.999996213117
7644.315415	0.998046090975
7644.697641	0.997248466337
7645.079885	0.996922400777
7645.462149	0.996771477137
7645.844431	0.996679727748
7646.226733	0.996606196302
7646.609054	0.996537786600
7646.991394	0.996470713169
7647.373753	0.996404040415
7647.756131	0.996337748177
7648.138529	0.996272425938
7648.520945	0.996209744392
7648.903381	0.996153662106
7649.285836	0.996112526119
7649.668310	0.996101943472
7650.050802	0.996147436937
7650.433315	0.996284598295
7650.815846	0.996553514038
7651.198396	0.996985070886
7651.580966	0.997580614737
7651.963554	0.998292449606
7652.346162	0.999017311201
7652.728789	0.999613038823
7653.111435	0.999938396913
7653.494100	0.999901751151
7653.876784	0.999495828295
7654.259488	0.998800603630
7654.642210	0.997952735059
7655.024952	0.997097511183
7655.407713	0.996346280823
7655.790493	0.995755839874
7656.173292	0.995331999898
7656.556110	0.995047145599
7656.938947	0.994860589442
7657.321804	0.994734673279
7657.704680	0.994641891548
7658.087574	0.994565189047
7658.470488	0.994495430599
7658.853421	0.994428400614
7659.236374	0.994362455067
7659.619345	0.994297073313
7660.002336	0.994232121448
7660.385345	0.994167568386
7660.768374	0.994103478100
7661.151422	0.994040278780
7661.534489	0.993979621352
7661.917576	0.993926739333
7662.300681	0.993896282729
7662.683806	0.993925050070
7663.066949	0.994095996262
7663.450112	0.994575987185
7663.833294	0.995661535688
7664.216496	0.997810052219
7664.599716	1.001614299345
7664.982956	1.007670690871
7665.366214	1.016321949893
7665.749492	1.027329720399
7666.132789	1.039626807859
7666.516106	1.051339055612
7666.899441	1.060188990823
7667.282796	1.064197442171
7667.666169	1.062395754043
7668.049562	1.055199682475
7668.432974	1.044247888803
7668.816405	1.031791013373
7669.199856	1.019941524161
7669.583325	1.010123050723
7669.966814	1.002895133757
7670.350322	0.998112459215
7670.733849	0.995243216605
7671.117395	0.993668503529
7671.500961	0.992866908568
7671.884546	0.992477929668
7672.268149	0.992287358783
7672.651772	0.992183104517
7673.035415	0.992112592226
7673.419076	0.992053370444
7673.802756	0.991996668198
7674.186456	0.991939488593
7674.570175	0.991881081710
7674.953913	0.991821292716
7675.337671	0.991759756019
7675.721447	0.991695702755
7676.105243	0.991628306083
7676.489058	0.991557360846
7676.872892	0.991484010581
7677.256745	0.991411443569
7677.640617	0.991345857865
7678.024509	0.991298249706
7678.408420	0.991287256568
7678.792350	0.991342170072
7679.176299	0.991503525741
7679.560267	0.991817373102
7679.944255	0.992320171535
7680.328262	0.993015558014
7680.712288	0.993851341646
7681.096333	0.994710650359
7681.480397	0.995429592147
7681.864481	0.995842354704
7682.248584	0.995838348625
7682.632706	0.995405258375
7683.016847	0.994638086533
7683.401008	0.993716109539
7683.785187	0.992875480783
7684.169386	0.992424107512
7684.553604	0.992848769596
7684.937841	0.995047543482
7685.322098	1.000672085331
7685.706374	1.012466143061
7686.090669	1.034345622263
7686.474983	1.070852701375
7686.859316	1.125692437701
7687.243669	1.199459417026
7687.628040	1.287344530735
7688.012431	1.378171279563
7688.396842	1.456000976548
7688.781271	1.504451459830
7689.165720	1.512257715050
7689.550188	1.477516345259
7689.934675	1.408431124216
7690.319181	1.320164404676
7690.703707	1.229438936518
7691.088252	1.149510178641
7691.472816	1.087502546121
7691.857399	1.044543937593
7692.242001	1.017750010559
7692.626623	1.002639683464
7693.011264	0.994945821733
7693.395924	0.991484309240
7693.780604	0.990270345470
7694.165302	0.990246943777
7694.550020	0.990920507150
7694.934757	0.992054083730
7695.319514	0.993464079887
7695.704289	0.994920966083
7696.089084	0.996141717000
7696.473898	0.996850539241
7696.858731	0.996867729656
7697.243584	0.996176799461
7697.628456	0.994932017053
7698.013347	0.993401240304
7698.398257	0.991873015375
7698.783187	0.990571609047
7699.168135	0.989611889539
7699.553103	0.989000368249
7699.938091	0.988667443503
7700.323097	0.988509408260
7700.708123	0.988424483384
7701.093168	0.988336135949
7701.478232	0.988203041238
7701.863316	0.988017589197
7702.248419	0.987796133848
7702.633541	0.987565468119
7703.018682	0.987350492139
7703.403843	0.987166767842
7703.789022	0.987018917290
7704.174222	0.986903250082
7704.559440	0.986811904445
7704.944677	0.986736334263
7705.329934	0.986669278327
7705.715210	0.986605426342
7706.100506	0.986541389890
7706.485821	0.986475452977
7706.871154	0.986407355537
7707.256508	0.986338160092
7707.641880	0.986269367398
7708.027272	0.986201816529
7708.412683	0.986136325943
7708.798113	0.986074352640
7709.183563	0.986018278012
7709.569031	0.985971937775
7709.954520	0.985940898528
7710.340027	0.985931813375
7710.725554	0.985950390761
7711.111099	0.985998116511
7711.496665	0.986068899493
7711.882249	0.986147743882
7712.267853	0.986213597755
7712.653476	0.986247137759
7713.039118	0.986241861653
7713.424780	0.986214658203
7713.810461	0.986211145376
7714.196161	0.986301718235
7714.581880	0.986565992697
7714.967619	0.987066187026
7715.353377	0.987814725704
7715.739154	0.988747462837
7716.124951	0.989718058029
7716.510767	0.990525230463
7716.896602	0.990970690118
7717.282457	0.990927063082
7717.668330	0.990384781048
7718.054223	0.989454401633
7718.440136	0.988323425417
7718.826067	0.987190196778
7719.212018	0.986206210203
7719.597989	0.985448483926
7719.983978	0.984924346672
7720.369987	0.984595793936
7720.756015	0.984406805738
7721.142063	0.984302836527
7721.528129	0.984240155231
7721.914215	0.984188092428
7722.300321	0.984128163350
7722.686445	0.984052309879
7723.072589	0.983960679822
7723.458753	0.983858765981
7723.844935	0.983754146850
7724.231137	0.983653621693
7724.617358	0.983561515051
7725.003599	0.983479378552
7725.389859	0.983406671474
7725.776138	0.983341726481
7726.162436	0.983282456465
7726.548754	0.983226653741
7726.935091	0.983172056759
7727.321448	0.983116459836
7727.707823	0.983058009536
7728.094218	0.982995608275
7728.480633	0.982929202582
7728.867067	0.982859782051
7729.253520	0.982789125264
7729.639992	0.982719624945
7730.026484	0.982654778870
7730.412995	0.982601160345
7730.799525	0.982572806280
7731.186074	0.982598714671
7731.572643	0.982732843570
7731.959232	0.983062974499
7732.345839	0.983710473574
7732.732466	0.984810013424
7733.119113	0.986461792036
7733.505778	0.988662175239
7733.892463	0.991239410296
7734.279167	0.993835480752
7734.665891	0.995967361569
7735.052634	0.997164597247
7735.439396	0.997132576198
7735.826178	0.995864486103
7736.212979	0.993643831115
7736.599799	0.990936311385
7736.986639	0.988227198087
7737.373498	0.985881543390
7737.760376	0.984079512363
7738.147274	0.982831812994
7738.534191	0.982042968086
7738.921127	0.981581061667
7739.308083	0.981326535511
7739.695058	0.981193074485
7740.082053	0.981127575654
7740.469066	0.981100162319
7740.856100	0.981092868121
7741.243152	0.981091596807
7741.630224	0.981082785614
7742.017315	0.981054128631
7742.404426	0.980997433978
7742.791556	0.980911197159
7743.178705	0.980801011322
7743.565873	0.980677362006
7743.953061	0.980551871044
7744.340269	0.980433788584
7744.727495	0.980328124764
7745.114741	0.980235761781
7745.502007	0.980155020557
7745.889292	0.980084250059
7746.276596	0.980026870461
7746.663919	0.980006171611
7747.051262	0.980113441361
7747.438624	0.980653922206
7747.826006	0.982543812723
7748.213407	0.988266899890
7748.600827	1.003891982661
7748.988267	1.042716635492
7749.375726	1.130676549163
7749.763205	1.312264592897
7750.150703	1.653269701819
7750.538220	2.234174755323
7750.925756	3.128209349046
7751.313312	4.363605816997
7751.700888	5.880986389956
7752.088482	7.508190671320
7752.476097	8.976661558333
7752.863730	9.988016981472
7753.251383	10.311481280177
7753.639055	9.869312493995
7754.026747	8.767090913274
7754.414458	7.252829564015
7754.802188	5.626438086999
7755.189938	4.144647600527
7755.577707	2.961722092362
7755.965496	2.120776804634
7756.353304	1.583462481352
7756.741131	1.273145335311
7757.128978	1.110600444999
7757.516844	1.033309016900
7757.904730	1.000103288081
7758.292635	0.987518032719
7758.680559	0.983724690982
7759.068503	0.983331093795
7759.456466	0.984023096077
7759.844448	0.984793978649
7760.232450	0.985176937422
7760.620471	0.984981836936
7761.008512	0.984217616179
7761.396572	0.983042473091
7761.784652	0.981693568074
7762.172751	0.980408928506
7762.560869	0.979372877332
7762.949007	0.978704498103
7763.337164	0.978484110484
7763.725341	0.978792716120
7764.113537	0.979732640526
7764.501752	0.981405174815
7764.889987	0.983841434514
7765.278241	0.986911110616
7765.666515	0.990259855362
7766.054808	0.993330239493
7766.443120	0.995490224001
7766.831452	0.996233719933
7767.219803	0.995365394418
7767.608174	0.993076284544
7767.996564	0.989869483651
7768.384974	0.986375141027
7768.773403	0.983147290332
7769.161851	0.980530672167
7769.550319	0.978633835386
7769.938806	0.977386779511
7770.327313	0.976631514842
7770.715839	0.976199645022
7771.104384	0.975955984027
7771.492949	0.975810404457
7771.881533	0.975711045405
7772.270137	0.975631605538
7772.658760	0.975560127154
7773.047403	0.975491615477
7773.436065	0.975424064335
7773.824747	0.975356654405
7774.213448	0.975289057153
7774.602168	0.975221188925
7774.990908	0.975153096360
7775.379667	0.975084863592
7775.768446	0.975016536210
7776.157244	0.974948088845
7776.546062	0.974879444900
7776.934899	0.974810529859
7777.323755	0.974741322068
7777.712631	0.974671874589
7778.101526	0.974602298492
7778.490441	0.974532726547
7778.879375	0.974463273424
7779.268329	0.974394011201
7779.657302	0.974324963783
7780.046295	0.974256117242
7780.435307	0.974187435164
7780.824338	0.974118874057
7781.213389	0.974050393088
7781.602460	0.973981959466
7781.991550	0.973913549732
7782.380659	0.973845150220
7782.769788	0.973776754830
7783.158936	0.973708364841
7783.548104	0.973639987236
7783.937291	0.973571670521
7784.326497	0.973503921660
7784.715723	0.973438928048
7785.104969	0.973379372178
7785.494234	0.973325931205
7785.883518	0.973283217370
7786.272822	0.973269748256
7786.662146	0.973333575228
7787.051488	0.973583169994
7787.440851	0.974236699808
7787.830232	0.975681469638
7788.219634	0.978513923328
7788.609054	0.983504463199
7788.998495	0.991423395273
7789.387954	1.002703402333
7789.777433	1.017014403731
7790.166932	1.032946882353
7790.556450	1.048051798781
7790.945988	1.059376906418
7791.335545	1.064383572703
7791.725121	1.061864688490
7792.114717	1.052411359817
7792.504333	1.038182816432
7792.893968	1.022101077243
7793.283622	1.006880567323
7793.673296	0.994327651467
7794.062989	0.985130285984
7794.452702	0.979075634586
7794.842435	0.975465255274
7795.232187	0.973499278219
7795.621958	0.972509542256
7796.011749	0.972037126680
7796.401559	0.971811158960
7796.791389	0.971691253503
7797.181238	0.971612723045
7797.571107	0.971548859449
7797.960995	0.971489728543
7798.350903	0.971431989086
7798.740830	0.971374624512
7799.130777	0.971317362226
7799.520743	0.971260171352
7799.910729	0.971203177207
7800.300735	0.971146833699
7800.690759	0.971092474883
7801.080804	0.971043623843
7801.470867	0.971008657705
7801.860951	0.971005417798
7802.251054	0.971067674539
7802.641176	0.971251530892
7803.031318	0.971637084499
7803.421479	0.972318523247
7803.811660	0.973377550687
7804.201860	0.974843020368
7804.592080	0.976652504271
7804.982319	0.978640509146
7805.372578	0.980572520236
7805.762857	0.982219604660
7806.153155	0.983437875239
7806.543472	0.984204422188
7806.933809	0.984583554981
7807.324165	0.984644326044
7807.714541	0.984387789651
7808.104937	0.983738162231
7808.495352	0.982605787090
7808.885786	0.980977040205
7809.276240	0.978967864175
7809.666714	0.976806154708
7810.057207	0.974757616999
7810.447720	0.973041233528
7810.838252	0.971781269089
7811.228803	0.971023237447
7811.619375	0.970773196681
7812.009965	0.971017342866
7812.400576	0.971727874884
7812.791205	0.972842775719
7813.181855	0.974229694603
7813.572524	0.975666623951
7813.963212	0.976866230884
7814.353920	0.977547166928
7814.744647	0.977525673476
7815.135394	0.976782737449
7815.526161	0.975470506733
7815.916947	0.973853691236
7816.307753	0.972216032203
7816.698578	0.970776621512
7817.089423	0.969648299231
7817.480287	0.968843282516
7817.871171	0.968308503537
7818.262074	0.967966485288
7818.652997	0.967744949772
7819.043939	0.967590350091
7819.434901	0.967469091375
7819.825883	0.967362805948
7820.216884	0.967262606198
7820.607904	0.967164650111
7820.998945	0.967067444346
7821.390004	0.966970464923
7821.781084	0.966873545170
7822.172182	0.966776637058
7822.563301	0.966679727959
7822.954439	0.966582814796
7823.345596	0.966485896974
7823.736773	0.966388974318
7824.127970	0.966292046805
7824.519186	0.966195114579
7824.910422	0.966098177319
7825.301677	0.966001235267
7825.692952	0.965904288450
7826.084246	0.965807336709
7826.475560	0.965710380147
7826.866894	0.965613418730
7827.258247	0.965516452487
7827.649620	0.965419481401
7828.041012	0.965322505429
7828.432424	0.965225524633
7828.823855	0.965128538910
7829.215306	0.965031548486
7829.606777	0.964934553060
7829.998267	0.964837552924
7830.389777	0.964740547815
7830.781306	0.964643537940
7831.172855	0.964546523171
7831.564423	0.964449503640
7831.956011	0.964352479155
7832.347619	0.964255450217
7832.739246	0.964158416918
7833.130893	0.964061379951
7833.522559	0.963964340682
7833.914245	0.963867301668
7834.305950	0.963770266414
7834.697676	0.963673239458
7835.089420	0.963576224962
7835.481185	0.963479224314
7835.872968	0.963382127362
7836.264772	0.963282518240
7836.656595	0.963163915422
7837.048437	0.962995118525
7837.440300	0.962778468218
7837.832182	0.962545360657
7838.224083	0.962310241231
7838.616004	0.962075011924
7839.007945	0.961839764273
7839.399905	0.961604515440
7839.791885	0.961369277470
7840.183884	0.961134059066
7840.575903	0.960898865358
7840.967941	0.960663701069
7841.360000	0.960428567506
7841.752077	0.960193461650
7842.144175	0.959958370149
7842.536292	0.959723269949
7842.928429	0.959488129953
7843.320585	0.959252920809
7843.712761	0.959017623481
7844.104956	0.958782237633
7844.497171	0.958546780020
7844.889406	0.958311280147
7845.281660	0.958075767863
7845.673934	0.957840266501
7846.066227	0.957604786974
7846.458541	0.957369330481
7846.850873	0.957133890528
7847.243226	0.956898459341
7847.635598	0.956663028618
7848.027989	0.956427593348
7848.420400	0.956192149484
7848.812831	0.955956695767
7849.205282	0.955721230467
7849.597752	0.955485753988
7849.990241	0.955250265562
7850.382751	0.955014765658
7850.775280	0.954779253706
7851.167828	0.954543730195
7851.560397	0.954308194696
7851.952984	0.954072647631
7852.345592	0.953837088544
7852.738219	0.953601517881
7853.130866	0.953365935200
7853.523532	0.953130340934
7853.916218	0.952894734660
7854.308924	0.952659116886
7854.701649	0.952423487119
7855.094394	0.952187845773
7855.487158	0.951952192362
7855.879942	0.951716527485
7856.272746	0.951480850631
7856.665570	0.951245162175
7857.058413	0.951009461674
7857.451276	0.950773749653
7857.844158	0.950538025627
7858.237060	0.950302290072
7858.629982	0.950066542441
7859.022923	0.949830783242
7859.415884	0.949595012111
7859.808865	0.949359229358
7860.201865	0.949123434574
7860.594885	0.948887628266
7860.987924	0.948651809872
7861.380984	0.948415979976
7861.774062	0.948180153730
7862.167161	0.947945076269
7862.560279	0.947719912774
7862.953417	0.947538916947
7863.346575	0.947428032775
7863.739752	0.947357408306
7864.132949	0.947295002246
7864.526165	0.947233161825
7864.919401	0.947171328138
7865.312657	0.947109491444
7865.705932	0.947047651601
7866.099228	0.946985808755
7866.492542	0.946923962760
7866.885877	0.946862113774
7867.279231	0.946800261863
7867.672605	0.946738407082
7868.065998	0.946676549667
7868.459411	0.946614691021
7868.852844	0.946552836281
7869.246297	0.946491008326
7869.639769	0.946429298915
7870.033261	0.946368047903
7870.426772	0.946308403946
7870.820303	0.946253898151
7871.213854	0.946214379217
7871.607425	0.946214710319
7872.001015	0.946311539781
7872.394625	0.946620931246
7872.788254	0.947355797839
7873.181904	0.948863823549
7873.575572	0.951646718403
7873.969261	0.956337415128
7874.362969	0.963622323275
7874.756697	0.974118565850
7875.150445	0.988235526235
7875.544212	1.006040227896
7875.937999	1.027113211907
7876.331806	1.050366124830
7876.725633	1.073854898824
7877.119479	1.094743292881
7877.513345	1.109640208305
7877.907230	1.115408634596
7878.301135	1.110234729112
7878.695060	1.094461117528
7879.089005	1.070691036018
7879.482969	1.043028900278
7879.876953	1.015800421642
7880.270957	0.992359804930
7880.664980	0.974468363588
7881.059023	0.962356143776
7881.453086	0.955230256899
7881.847169	0.951870362589
7882.241271	0.951052075910
7882.635393	0.951729323466
7883.029534	0.953052822550
7883.423696	0.954343664475
7883.817877	0.955098663286
7884.212078	0.955031688192
7884.606298	0.954105894036
7885.000538	0.952510358801
7885.394798	0.950571498592
7885.789078	0.948632630234
7886.183377	0.946952583203
7886.577696	0.945658899202
7886.972035	0.944758398610
7887.366393	0.944181987152
7887.760771	0.943834193306
7888.155169	0.943627918466
7888.549587	0.943499635113
7888.944024	0.943410432965
7889.338481	0.943340332541
7889.732958	0.943279487484
7890.127455	0.943222188877
7890.521971	0.943165889963
7890.916507	0.943109855751
7891.311062	0.943053895009
7891.705638	0.942997966140
7892.100233	0.942942101712
7892.494848	0.942886455376
7892.889483	0.942831506194
7893.284137	0.942778578556
7893.678811	0.942730972931
7894.073505	0.942696079956
7894.468218	0.942688668854
7894.862952	0.942734801277
7895.257705	0.942874366108
7895.652477	0.943158546598
7896.047270	0.943638039353
7896.442082	0.944340577704
7896.836914	0.945242884650
7897.231766	0.946250156225
7897.626637	0.947199260163
7898.021528	0.947894671816
7898.416439	0.948169162287
7898.811370	0.947944130706
7899.206320	0.947259943830
7899.601291	0.946260288155
7899.996281	0.945138844844
7900.391290	0.944075237261
7900.786320	0.943188922237
7901.181369	0.942525374442
7901.576438	0.942070479491
7901.971527	0.941777955553
7902.366635	0.941594749465
7902.761763	0.941476489969
7903.156911	0.941392660253
7903.552079	0.941325229875
7903.947266	0.941264853348
7904.342474	0.941207233264
7904.737701	0.941150605399
7905.132947	0.941094319034
7905.528214	0.941038155741
7905.923500	0.940982044384
7906.318806	0.940925959257
7906.714132	0.940869888052
7907.109478	0.940813823452
7907.504843	0.940757760961
7907.900228	0.940701697979
7908.295633	0.940645633313
7908.691058	0.940589566337
7909.086502	0.940533497053
7909.481966	0.940477425733
7909.877450	0.940421352813
7910.272954	0.940365279205
7910.668478	0.940309205810
7911.064021	0.940253133794
7911.459584	0.940197064117
7911.855167	0.940140997115
7912.250770	0.940084931763
7912.646392	0.940028865716
7913.042034	0.939972794715
7913.437696	0.939916714342
7913.833378	0.939860620800
7914.229080	0.939804513201
7914.624801	0.939748388449
7915.020542	0.939692137766
7915.416303	0.939635119113
7915.812084	0.939576409091
7916.207884	0.939516384324
7916.603705	0.939456057547
7916.999545	0.939395804059
7917.395404	0.939335659389
7917.791284	0.939275587951
7918.187184	0.939215516503
7918.583103	0.939155348080
7918.979042	0.939094989808
7919.375001	0.939034384775
7919.770979	0.938973536239
7920.166978	0.938912511578
7920.562996	0.938851442319
7920.959034	0.938790559634
7921.355092	0.938730371950
7921.751170	0.938672189059
7922.147267	0.938619380242
7922.543384	0.938579939092
7922.939521	0.938570921048
7923.335678	0.938624683561
7923.731855	0.938795135591
7924.128052	0.939159563571
7924.524268	0.939809480858
7924.920504	0.940825345442
7925.316760	0.942237167091
7925.713036	0.943984837098
7926.109331	0.945900772333
7926.505647	0.947733908516
7926.901982	0.949214264734
7927.298337	0.950131859157
7927.694712	0.950391383064
7928.091106	0.950017452947
7928.487521	0.949116461554
7928.883955	0.947825881105
7929.280409	0.946281617223
7929.676883	0.944611485227
7930.073377	0.942940274292
7930.469890	0.941387235762
7930.866424	0.940050289973
7931.262977	0.938986739195
7931.659550	0.938204429183
7932.056143	0.937669191675
7932.452756	0.937323545197
7932.849388	0.937106630458
7933.246041	0.936967716960
7933.642713	0.936871232574
7934.039405	0.936795558680
7934.436117	0.936729118692
7934.832849	0.936666394498
7935.229600	0.936605028266
7935.626371	0.936544112740
7936.023163	0.936483331983
7936.419974	0.936422586577
7936.816805	0.936361847866
7937.213655	0.936301108461
7937.610526	0.936240366574
7938.007417	0.936179621976
7938.404327	0.936118875937
7938.801257	0.936058135093
7939.198207	0.935997431027
7939.595177	0.935936903284
7939.992166	0.935877108841
7940.389176	0.935820076903
7940.786205	0.935772528094
7941.183255	0.935754678709
7941.580324	0.935821691170
7941.977413	0.936109103598
7942.374521	0.936913863936
7942.771650	0.938815739370
7943.168799	0.942814724486
7943.565967	0.950398856985
7943.963155	0.963403312854
7944.360363	0.983521720636
7944.757591	1.011453774434
7945.154839	1.045926323655
7945.552107	1.083093988719
7945.949394	1.116872897723
7946.346702	1.140426463057
7946.744029	1.148383418749
7947.141376	1.138819848879
7947.538743	1.114008749189
7947.936130	1.079537988848
7948.333537	1.042264721600
7948.730963	1.008125707328
7949.128410	0.980743368816
7949.525876	0.961189051066
7949.923362	0.948643325411
7950.320868	0.941389364487
7950.718394	0.937653731923
7951.115940	0.936082128383
7951.513506	0.935879288077
7951.911092	0.936744490004
7952.308697	0.938715006368
7952.706323	0.941969491771
7953.103968	0.946607764862
7953.501633	0.952437344746
7953.899318	0.958836682539
7954.297023	0.964782881718
7954.694748	0.969085100506
7955.092492	0.970761414243
7955.490257	0.969397198367
7955.888041	0.965305957164
7956.285846	0.959407545336
7956.683670	0.952888060426
7957.081514	0.946813207513
7957.479378	0.941864844969
7957.877262	0.938277203643
7958.275166	0.935937612879
7958.673090	0.934556149168
7959.071033	0.933816151968
7959.468997	0.933464136145
7959.866980	0.933343361011
7960.264983	0.933397371870
7960.663007	0.933667989269
7961.061050	0.934296506412
7961.459113	0.935517983058
7961.857196	0.937624832724
7962.255298	0.940876866416
7962.653421	0.945357868761
7963.051564	0.950821911867
7963.449726	0.956612295865
7963.847909	0.961737448474
7964.246111	0.965126468222
7964.644333	0.965984600446
7965.042575	0.964089463594
7965.440838	0.959877537611
7965.839120	0.954275245048
7966.237421	0.948363447964
7966.635743	0.943041013101
7967.034085	0.938826814291
7967.432447	0.935843893468
7967.830828	0.933934816627
7968.229230	0.932817477307
7968.627651	0.932209178948
7969.026093	0.931891774965
7969.424554	0.931726016174
7969.823035	0.931639139376
7970.221536	0.931609458410
7970.620057	0.931661156139
7971.018598	0.931874231903
7971.417159	0.932407407711
7971.815740	0.933522056357
7972.214341	0.935582541835
7972.612961	0.938999622600
7973.011602	0.944092112850
7973.410262	0.950880721225
7973.808943	0.958888502832
7974.207643	0.967070218768
7974.606364	0.973975514497
7975.005104	0.978149008824
7975.403864	0.978626038018
7975.802644	0.975293965077
7976.201444	0.968933403961
7976.600264	0.960917467863
7976.999104	0.952726822969
7977.397964	0.945513456126
7977.796844	0.939882413404
7978.195744	0.935918454229
7978.594664	0.933366756198
7978.993604	0.931842118302
7979.392563	0.930980033685
7979.791543	0.930505818989
7980.190542	0.930241819007
7980.589562	0.930085345599
7980.988601	0.929981768451
7981.387661	0.929903956111
7981.786740	0.929840144714
7982.185839	0.929788972924
7982.584959	0.929760744806
7982.984098	0.929785452524
7983.383257	0.929928654466
7983.782436	0.930314024479
7984.181635	0.931144632006
7984.580854	0.932704744882
7984.980093	0.935316148570
7985.379352	0.939229614306
7985.778631	0.944462187528
7986.177930	0.950639815140
7986.577249	0.956941872031
7986.976588	0.962231055336
7987.375947	0.965370001264
7987.775326	0.965612143176
7988.174724	0.962884564045
7988.574143	0.957816585315
7988.973582	0.951499023540
7989.373040	0.945099457604
7989.772519	0.939518360731
7990.172018	0.935218621241
7990.571536	0.932249321359
7990.971075	0.930391476664
7991.370633	0.929326271957
7991.770212	0.928756817690
7992.169810	0.928463827598
7992.569429	0.928310855606
7992.969067	0.928225347000
7993.368726	0.928175745541
7993.768404	0.928154050909
7994.168103	0.928165049033
7994.567821	0.928219608898
7994.967559	0.928328996364
7995.367318	0.928498267196
7995.767096	0.928719709972
7996.166894	0.928972783487
7996.566713	0.929238478520
7996.966551	0.929537701800
7997.366409	0.930006088679
7997.766288	0.931015171455
7998.166186	0.933337864252
7998.566104	0.938322230297
7998.966043	0.947974956951
7999.366001	0.964785494052
7999.765979	0.991113215368
8000.165978	1.028096418879
8000.565996	1.074355350268
8000.966034	1.125110035918
8001.366093	1.172450678311
8001.766171	1.207124915446
8002.166269	1.221415256427
8002.566387	1.211911476177
8002.966526	1.180819954214
8003.366684	1.135124471550
8003.766862	1.084030866045
8004.167061	1.035973098201
8004.567279	0.996495336454
8004.967518	0.967652502481
8005.367776	0.948715319426
8005.768054	0.937466244442
8006.168353	0.931388264754
8006.568671	0.928383406229
8006.969010	0.927010236550
8007.369368	0.926416511667
8007.769747	0.926159367165
8008.170145	0.926034059501
8008.570564	0.925955738906
8008.971002	0.925892737322
8009.371461	0.925834409542
8009.771939	0.925777610201
8010.172438	0.925721729158
8010.572956	0.925667216299
8010.973495	0.925615463024
8011.374054	0.925569264409
8011.774633	0.925533572852
8012.175231	0.925516431292
8012.575850	0.925530294522
8012.976489	0.925594795054
8013.377148	0.925743492969
8013.777827	0.926038347443
8014.178525	0.926594262605
8014.579244	0.927608902651
8014.979983	0.929379480786
8015.380742	0.932274281598
8015.781521	0.936627265545
8016.182321	0.942553710086
8016.583140	0.949743815525
8016.983979	0.957347248884
8017.384838	0.964065677278
8017.785717	0.968487657231
8018.186617	0.969561122950
8018.587536	0.966990145221
8018.988475	0.961353161307
8019.389435	0.953880190691
8019.790414	0.946007002556
8020.191414	0.938927367781
8020.592434	0.933329599968
8020.993473	0.929375907891
8021.394533	0.926856782310
8021.795613	0.925399752806
8022.196712	0.924636285797
8022.597832	0.924289205276
8022.998972	0.924191113965
8023.400132	0.924263185653
8023.801312	0.924479483625
8024.202512	0.924830766176
8024.603732	0.925294969018
8025.004973	0.925820450924
8025.406233	0.926328134562
8025.807513	0.926734262940
8026.208814	0.926985847308
8026.610134	0.927091021643
8027.011475	0.927124469135
8027.412835	0.927198176192
8027.814216	0.927406371848
8028.215617	0.927770309390
8028.617038	0.928212720561
8029.018478	0.928579006845
8029.419939	0.928698288852
8029.821420	0.928455511903
8030.222922	0.927839392030
8030.624443	0.926944713189
8031.025984	0.925932942053
8031.427545	0.924976649081
8031.829127	0.924218127064
8032.230728	0.923760842323
8032.632350	0.923693629821
8033.033992	0.924133201182
8033.435653	0.925264799997
8033.837335	0.927360270407
8034.239037	0.930753231893
8034.640759	0.935753416965
8035.042501	0.942496784833
8035.444263	0.950761962080
8035.846045	0.959831151507
8036.247848	0.968499973717
8036.649670	0.975307096625
8037.051513	0.978948410213
8037.453375	0.978716047540
8037.855258	0.974750261551
8038.257161	0.967970041034
8038.659084	0.959720010031
8039.061027	0.951318980774
8039.462990	0.943722380157
8039.864973	0.937409542209
8040.266976	0.932467232828
8040.669000	0.928757344364
8041.071043	0.926063918520
8041.473107	0.924175000705
8041.875191	0.922911554915
8042.277294	0.922138765855
8042.679418	0.921790740269
8043.081562	0.921928495034
8043.483727	0.922843155399
8043.885911	0.925203389427
8044.288115	0.930210046426
8044.690340	0.939656310870
8045.092584	0.955726157780
8045.494849	0.980372528122
8045.897134	1.014274356851
8046.299439	1.055684969229
8046.701764	1.099787302861
8047.104109	1.139201878923
8047.506474	1.165851230379
8047.908859	1.173619021078
8048.311265	1.160622813480
8048.713691	1.129948363151
8049.116136	1.088455914489
8049.518602	1.044286875280
8049.921088	1.004307648673
8050.323594	0.972561259583
8050.726120	0.950091815178
8051.128667	0.935783073183
8051.531233	0.927531753736
8051.933820	0.923198537807
8052.336427	0.921110900026
8052.739054	0.920175021936
8053.141701	0.919771523936
8053.544368	0.919592066190
8053.947055	0.919502863417
8054.349763	0.919460406352
8054.752490	0.919474187691
8055.155238	0.919604278357
8055.558006	0.919983274845
8055.960794	0.920850765722
8056.363602	0.922578687263
8056.766430	0.925651591577
8057.169278	0.930560501974
8057.572147	0.937593254434
8057.975036	0.946565627833
8058.377944	0.956615344694
8058.780873	0.966215501020
8059.183822	0.973501493740
8059.586792	0.976844968020
8059.989781	0.975439942446
8060.392791	0.969613719597
8060.795820	0.960698580062
8061.198870	0.950532969211
8061.601940	0.940846356495
8062.005030	0.932806567191
8062.408141	0.926874943049
8062.811271	0.922936147068
8063.214422	0.920558566896
8063.617593	0.919239057430
8064.020784	0.918553518632
8064.423995	0.918208453295
8064.827226	0.918029062241
8065.230478	0.917923488800
8065.633749	0.917848397790
8066.037041	0.917785143118
8066.440353	0.917726280700
8066.843685	0.917668999026
8067.247037	0.917612273005
8067.650410	0.917555737073
8068.053802	0.917499262682
8068.457215	0.917442806045
8068.860648	0.917386352776
8069.264101	0.917329898393
8069.667574	0.917273441876
8070.071068	0.917216983341
8070.474581	0.917160524377
8070.878115	0.917104069412
8071.281669	0.917047628808
8071.685243	0.916991225421
8072.088838	0.916934903349
8072.492452	0.916878738417
8072.896087	0.916822842572
8073.299742	0.916767353380
8073.703417	0.916712397026
8074.107112	0.916658024480
8074.510828	0.916604139564
8074.914563	0.916550467374
8075.318319	0.916496630825
8075.722095	0.916442252664
8076.125891	0.916386941597
8076.529708	0.916330496922
8076.933544	0.916273116396
8077.337401	0.916215281704
8077.741278	0.916157535918
8078.145175	0.916100278540
8078.549093	0.916043641185
8078.953030	0.915987494560
8079.356988	0.915931602762
8079.760966	0.915875957239
8080.164964	0.915821485481
8080.568982	0.915771770414
8080.973021	0.915737300081
8081.377080	0.915745114310
8081.781159	0.915857945774
8082.185258	0.916206263855
8082.589377	0.917030867616
8082.993517	0.918719982271
8083.397677	0.921805668121
8083.801857	0.926871814100
8084.206057	0.934342483170
8084.610277	0.944179203615
8085.014518	0.955606010386
8085.418779	0.967041355912
8085.823060	0.976377882324
8086.227361	0.981589274335
8086.631682	0.981437492343
8087.036024	0.975944988676
8087.440386	0.966386053533
8087.844768	0.954802226954
8088.249170	0.943292639923
8088.653593	0.933414927311
8089.058036	0.925917512291
8089.462499	0.920817443481
8089.866982	0.917679608691
8090.271486	0.915918168376
8090.676009	0.915004557998
8091.080553	0.914555761722
8091.485117	0.914335742284
8091.889702	0.914217708014
8092.294306	0.914142127062
8092.698931	0.914086336043
8093.103576	0.914048575960
8093.508241	0.914044003727
8093.912927	0.914109298595
8094.317633	0.914311883193
8094.722359	0.914757250374
8095.127105	0.915583911616
8095.531871	0.916933974832
8095.936658	0.918893813264
8096.341465	0.921416877714
8096.746292	0.924262821197
8097.151140	0.926998280057
8097.556007	0.929087468681
8097.960895	0.930055670970
8098.365803	0.929659473062
8098.770732	0.927980585334
8099.175681	0.925394025244
8099.580649	0.922427442297
8099.985639	0.919583667240
8100.390648	0.917207173603
8100.795678	0.915438577883
8101.200728	0.914249453998
8101.605798	0.913516785629
8102.010888	0.913094499515
8102.415999	0.912858417527
8102.821130	0.912722105653
8103.226281	0.912633742762
8103.631452	0.912566135736
8104.036644	0.912506698968
8104.441856	0.912450252930
8104.847088	0.912394974734
8105.252341	0.912340508852
8105.657614	0.912287266242
8106.062907	0.912236266360
8106.468220	0.912189125053
8106.873553	0.912147897702
8107.278907	0.912114566328
8107.684281	0.912090107611
8108.089676	0.912073373593
8108.495090	0.912060328556
8108.900525	0.912044287330
8109.305980	0.912017464701
8109.711456	0.911973448748
8110.116951	0.911909543290
8110.522467	0.911827817678
8110.928004	0.911734311597
8111.333560	0.911636846207
8111.739137	0.911542634285
8112.144734	0.911457028466
8112.550351	0.911384509493
8112.955989	0.911333101054
8113.361647	0.911324376376
8113.767325	0.911412854304
8114.173024	0.911719120395
8114.578743	0.912476870094
8114.984482	0.914081383911
8115.390241	0.917105565566
8115.796021	0.922230564395
8116.201821	0.930043287533
8116.607641	0.940707515231
8117.013481	0.953613309986
8117.419342	0.967201420849
8117.825223	0.979156392437
8118.231125	0.987016001348
8118.637046	0.989003725644
8119.042988	0.984711069896
8119.448951	0.975284562918
8119.854933	0.963017532233
8120.260936	0.950556591252
8120.666959	0.940098442651
8121.073003	0.932889966050
8121.479067	0.929133323568
8121.885151	0.928206403754
8122.291255	0.929041038150
8122.697380	0.930540566999
8123.103525	0.931979661095
8123.509690	0.933346826126
8123.915876	0.935562818172
8124.322082	0.940471673240
8124.728308	0.950494028051
8125.134555	0.967884931199
8125.540822	0.993681620627
8125.947109	1.026649953470
8126.353416	1.062746118526
8126.759744	1.095599215743
8127.166092	1.118154519679
8127.572461	1.124985099120
8127.978850	1.114270085467
8128.385259	1.088461877245
8128.791688	1.053299171643
8129.198138	1.015691961729
8129.604608	0.981524845374
8130.011098	0.954305101465
8130.417609	0.934981230244
8130.824140	0.922639473812
8131.230691	0.915501105658
8131.637263	0.911739892647
8132.043855	0.909920182885
8132.450468	0.909099015004
8132.857100	0.908740254778
8133.263753	0.908575139172
8133.670427	0.908483589338
8134.077120	0.908417451189
8134.483834	0.908359308586
8134.890569	0.908303461669
8135.297323	0.908248219282
8135.704098	0.908193128165
8136.110894	0.908138082511
8136.517709	0.908083065401
8136.924546	0.908028080653
8137.331402	0.907973132666
8137.738279	0.907918218805
8138.145176	0.907863324043
8138.552093	0.907808420439
8138.959031	0.907753472631
8139.365989	0.907698447972
8139.772968	0.907643328424
8140.179966	0.907588117629
8140.586986	0.907532839743
8140.994025	0.907477530203
8141.401085	0.907422223879
8141.808165	0.907366945496
8142.215266	0.907311705975
8142.622387	0.907256504142
8143.029528	0.907201332014
8143.436690	0.907146179360
8143.843872	0.907091037724
8144.251074	0.907035900249
8144.658297	0.906980763766
8145.065540	0.906925625986
8145.472803	0.906870486168
8145.880087	0.906815343782
8146.287391	0.906760198672
8146.694716	0.906705050953
8147.102061	0.906649900411
8147.509426	0.906594747108
8147.916812	0.906539591073
8148.324218	0.906484432292
8148.731644	0.906429270994
8149.139091	0.906374107575
8149.546558	0.906318945370
8149.954046	0.906263799588
8150.361554	0.906208736785
8150.769082	0.906154021235
8151.176630	0.906100609358
8151.584199	0.906051647188
8151.991789	0.906016525259
8152.399399	0.906020604322
8152.807029	0.906125618046
8153.214679	0.906466317877
8153.622350	0.907304413564
8154.030042	0.909086792616
8154.437753	0.912470465390
8154.845485	0.918253057510
8155.253238	0.927149916428
8155.661011	0.939417015778
8156.068804	0.954429707305
8156.476618	0.970439279479
8156.884452	0.984756447563
8157.292306	0.994444179462
8157.700181	0.997273626114
8158.108076	0.992541544855
8158.515992	0.981350846617
8158.923928	0.966186806490
8159.331884	0.950013523222
8159.739861	0.935340481331
8160.147858	0.923653271258
8160.555876	0.915343910095
8160.963914	0.910013059967
8161.371972	0.906897111019
8161.780051	0.905216032365
8162.188150	0.904358466545
8162.596270	0.903923780344
8163.004410	0.903684628327
8163.412570	0.903527241150
8163.820751	0.903400870061
8164.228952	0.903285195175
8164.637174	0.903172877610
8165.045416	0.903061518543
8165.453678	0.902950406188
8165.861961	0.902839348748
8166.270265	0.902728298820
8166.678588	0.902617246209
8167.086932	0.902506188296
8167.495297	0.902395125098
8167.903682	0.902284056240
8168.312087	0.902172981998
8168.720513	0.902061901972
8169.128959	0.901950816589
8169.537426	0.901839725531
8169.945913	0.901728629043
8170.354421	0.901617527001
8170.762949	0.901506419612
8171.171497	0.901395306846
8171.580066	0.901284189072
8171.988655	0.901173066166
8172.397265	0.901061938391
8172.805895	0.900950805595
8173.214545	0.900839667657
8173.623216	0.900728523982
8174.031907	0.900617374243
8174.440619	0.900506217633
8174.849352	0.900395054184
8175.258104	0.900283883702
8175.666877	0.900172706778
8176.075671	0.900061523704
8176.484485	0.899950335300
8176.893319	0.899839141615
8177.302174	0.899727943212
8177.711050	0.899616739745
8178.119945	0.899505531306
8178.528862	0.899394317816
8178.937798	0.899283100297
8179.346755	0.899171883090
8179.755733	0.899060686639
8180.164731	0.898949592377
8180.573749	0.898838897968
8180.982788	0.898729590615
8181.391848	0.898624645557
8181.800927	0.898532178430
8182.210028	0.898472157051
8182.619148	0.898488198500
8183.028290	0.898646386781
8183.437451	0.898856727862
8183.846633	0.898499495894
8184.255836	0.897290647263
8184.665059	0.896256980862
8185.074302	0.896270752514
8185.483566	0.897367297487
8185.892851	0.899095485559
8186.302156	0.900746524518
8186.711481	0.901626547988
8187.120827	0.901403197140
8187.530193	0.900345024246
8187.939580	0.899261707314
8188.348987	0.899090865515
8188.758415	0.900294968464
8189.167863	0.902393469617
8189.577332	0.903935448883
8189.986821	0.902997476694
8190.396330	0.897989016905
8190.805860	0.888355513745
8191.215411	0.874820593100
8191.624982	0.859071704051
8192.034573	0.843096264917
8192.444185	0.828521999190
8192.853818	0.816243357471
8193.263471	0.806408374840
8193.673144	0.798653768384
8194.082838	0.792406461621
8194.492552	0.787114579444
8194.902287	0.782360431885
8195.312043	0.777877434417
8195.721818	0.773517642346
8196.131615	0.769208621781
8196.541432	0.764919174155
8196.951269	0.760638728843
8197.361127	0.756368113829
8197.771005	0.752118605963
8198.180904	0.747916965455
8198.590823	0.743814805810
8199.000763	0.739898593693
8199.410723	0.736292924751
8199.820704	0.733146164436
8200.230705	0.730590293507
8200.640727	0.728680270637
8201.050769	0.727341765974
8201.460832	0.726376133960
8201.870915	0.725566020848
8202.281019	0.724877899424
8202.691144	0.724678968553
8203.101288	0.725818629351
8203.511454	0.729428372770
8203.921640	0.736405303056
8204.331846	0.746737045525
8204.742073	0.759001737454
8205.152320	0.770400025798
8205.562588	0.777472410611
8205.972876	0.777288085619
8206.383185	0.768576534519
8206.793515	0.752238996408
8207.203865	0.730982388581
8207.614235	0.708285316306
8208.024626	0.687226797350
8208.435037	0.669702546122
8208.845469	0.656266074623
8209.255922	0.646488773536
8209.666395	0.639531785233
8210.076889	0.634625050758
8210.487403	0.631304518013
8210.897937	0.629523113381
8211.308493	0.629573138445
8211.719068	0.631119970316
8212.129664	0.632881004236
8212.540281	0.633649053661
8212.950919	0.632656793663
8213.361576	0.629636623385
8213.772255	0.624910155792
8214.182954	0.619317054460
8214.593673	0.613996807405
8215.004413	0.610145377895
8215.415173	0.608838854667
8215.825954	0.610917343906
8216.236756	0.616843441149
8216.647578	0.626468572286
8217.058421	0.638763804866
8217.469284	0.651708671101
8217.880168	0.662555909647
8218.291072	0.668527152081
8218.701997	0.667719964695
8219.112942	0.659808817749
8219.523908	0.646171781335
8219.934895	0.629370849761
8220.345902	0.612260685814
8220.756929	0.597171133547
8221.167977	0.585504517844
8221.579046	0.577816779669
8221.990135	0.574196218405
8222.401245	0.574646534879
8222.812375	0.579233367543
8223.223526	0.587905100443
8223.634698	0.600083887193
8224.045890	0.614276358728
8224.457102	0.628007001046
8224.868335	0.638261635895
8225.279589	0.642361709667
8225.690863	0.638905470120
8226.102158	0.628309373391
8226.513474	0.612667180429
8226.924810	0.595013578068
8227.336166	0.578394541558
8227.747543	0.565198600894
8228.158941	0.556986534195
8228.570359	0.554731306119
8228.981798	0.559148409110
8229.393257	0.570769475557
8229.804737	0.589585180281
8230.216238	0.614381181479
8230.627759	0.642172656308
8231.039300	0.668245773599
8231.450863	0.687097516077
8231.862446	0.694077213152
8232.274049	0.687038449094
8232.685673	0.667170713622
8233.097318	0.638557345642
8233.508983	0.606680206721
8233.920668	0.576623165618
8234.332375	0.551772623067
8234.744102	0.533419153077
8235.155849	0.521146840790
8235.567617	0.513591310736
8235.979406	0.509153398123
8236.391215	0.506452283519
8236.803045	0.504504903305
8237.214895	0.502721619840
8237.626767	0.500819178091
8238.038658	0.498754355953
8238.450570	0.496799991437
8238.862503	0.495377643957
8239.274457	0.494415453075
8239.686431	0.493627186046
8240.098425	0.493022951695
8240.510441	0.492816736257
8240.922476	0.493353291252
8241.334533	0.495113547970
8241.746610	0.498679590238
8242.158707	0.504599967907
8242.570826	0.513137530629
8242.982964	0.523958778809
8243.395124	0.535916367973
8243.807304	0.547108691052
8244.219505	0.555311558400
8244.631726	0.558677432775
8245.043968	0.556405915240
8245.456230	0.549050812542
8245.868513	0.538299376664
8246.280817	0.526340922480
8246.693142	0.515144512529
8247.105487	0.505967096661
8247.517852	0.499236959602
8247.930238	0.494746209122
8248.342645	0.491969421339
8248.755073	0.490339616573
8249.167521	0.489402152490
8249.579989	0.488854016268
8249.992479	0.488517731351
8250.404989	0.488297151295
8250.817519	0.488141194584
8251.230070	0.488021939173
8251.642642	0.487923660902
8252.055235	0.487837624737
8252.467848	0.487759170651
8252.880481	0.487685650132
8253.293136	0.487614939394
8253.705811	0.487544650005
8254.118506	0.487472101513
8254.531223	0.487394888282
8254.943959	0.487311636519
8255.356717	0.487222488795
8255.769495	0.487129022692
8256.182294	0.487033650852
8256.595113	0.486938830074
8257.007953	0.486846485516
8257.420814	0.486757886482
8257.833695	0.486673947132
8258.246597	0.486595698925
8258.659520	0.486524602985
8259.072463	0.486462437555
8259.485427	0.486410732470
8259.898412	0.486370145920
8260.311417	0.486340853788
8260.724443	0.486326022680
8261.137490	0.486341963488
8261.550557	0.486440665332
8261.963645	0.486752110231
8262.376753	0.487551591956
8262.789882	0.489344713900
8263.203032	0.492934796373
8263.616203	0.499399460277
8264.029394	0.509883297968
8264.442606	0.525153655519
8264.855838	0.544996330328
8265.269091	0.567704198852
8265.682365	0.590018624569
8266.095659	0.607775441496
8266.508975	0.617165048582
8266.922310	0.616116897470
8267.335667	0.605141358424
8267.749044	0.587170160920
8268.162442	0.566455487241
8268.575860	0.547072350569
8268.989299	0.531708341950
8269.402759	0.521188382203
8269.816240	0.514763900169
8270.229741	0.510863854026
8270.643263	0.507898710333
8271.056805	0.504806025196
8271.470368	0.501219195106
8271.883952	0.497320984006
8272.297557	0.493545304092
8272.711182	0.490297172157
8273.124828	0.487794582228
8273.538494	0.486047418473
8273.952182	0.484924697460
8274.365890	0.484244473432
8274.779618	0.483840719750
8275.193368	0.483593015124
8275.607138	0.483427403404
8276.020928	0.483303887672
8276.434740	0.483202522019
8276.848572	0.483113463184
8277.262424	0.483031499925
8277.676298	0.482953592531
8278.090192	0.482877889697
8278.504107	0.482803297503
8278.918043	0.482729217160
8279.331999	0.482655351324
8279.745976	0.482581567519
8280.159973	0.482507814678
8280.573992	0.482434080373
8280.988031	0.482360372134
8281.402091	0.482286712056
8281.816171	0.482213135268
8282.230272	0.482139684268
8282.644394	0.482066397159
8283.058537	0.481993286928
8283.472700	0.481920319034
8283.886884	0.481847399002
8284.301089	0.481774382701
8284.715314	0.481701112232
8285.129560	0.481627469044
8285.543827	0.481553416923
8285.958114	0.481479016991
8286.372423	0.481404403330
8286.786752	0.481329734990
8287.201101	0.481255145504
8287.615472	0.481180713442
8288.029863	0.481106458626
8288.444275	0.481032359230
8288.858707	0.480958373942
8289.273161	0.480884461238
8289.687635	0.480810588310
8290.102129	0.480736734220
8290.516645	0.480662886623
8290.931181	0.480589039726
8291.345738	0.480515190700
8291.760316	0.480441338846
8292.174914	0.480367484516
8292.589533	0.480293644801
8293.004173	0.480220177906
8293.418834	0.480149936312
8293.833515	0.480089844137
8294.248217	0.480042574777
8294.662940	0.480007010374
8295.077683	0.479995517632
8295.492447	0.480051809262
8295.907232	0.480286088274
8296.322038	0.480944804645
8296.736865	0.482519690990
8297.151712	0.485877946602
8297.566580	0.492350063651
8297.981469	0.503662267991
8298.396378	0.521593433096
8298.811308	0.547333353376
8299.226259	0.580724392698
8299.641231	0.619784158528
8300.056223	0.660923205032
8300.471236	0.699957082546
8300.886270	0.733466255192
8301.301325	0.759688252256
8301.716401	0.778322242761
8302.131497	0.789385842000
8302.546614	0.792040048498
8302.961751	0.784412907198
8303.376910	0.764719657534
8303.792089	0.732942408576
8304.207289	0.691846620841
8304.622510	0.646558271856
8305.037751	0.602928825425
8305.453014	0.565669342441
8305.868297	0.537250233906
8306.283600	0.517954187146
8306.698925	0.506774007616
8307.114270	0.502501525180
8307.529636	0.504439053113
8307.945023	0.512482291416
8308.360431	0.526641067368
8308.775859	0.546282072771
8309.191308	0.569483320284
8309.606778	0.592881343081
8310.022269	0.612221636444
8310.437781	0.623503393177
8310.853313	0.624266038554
8311.268866	0.614419703992
8311.684440	0.596212286798
8312.100034	0.573363151559
8312.515650	0.549808252925
8312.931286	0.528627466050
8313.346943	0.511528295644
8313.762621	0.498912831578
8314.178319	0.490297888606
8314.594039	0.484801651606
8315.009779	0.481509959592
8315.425540	0.479672995678
8315.841321	0.478771874551
8316.257124	0.478517516878
8316.672947	0.478825537934
8317.088791	0.479781009339
8317.504656	0.481583025683
8317.920541	0.484451280152
8318.336448	0.488491051431
8318.752375	0.493548311417
8319.168323	0.499123018019
8319.584292	0.504414419506
8320.000281	0.508521933750
8320.416292	0.510735830094
8320.832323	0.510780014187
8321.248375	0.508877474461
8321.664448	0.505610798838
8322.080542	0.501667521300
8322.496656	0.497606098894
8322.912791	0.493756254682
8323.328947	0.490261781375
8323.745124	0.487181292039
8324.161322	0.484560326248
8324.577540	0.482440662186
8324.993780	0.480830024151
8325.410040	0.479676825186
8325.826321	0.478877014750
8326.242622	0.478309013583
8326.658945	0.477874436711
8327.075288	0.477525160858
8327.491652	0.477272481684
8327.908037	0.477187375086
8328.324443	0.477402645342
8328.740870	0.478117205492
8329.157317	0.479586761878
8329.573786	0.482076081979
8329.990275	0.485757812178
8330.406785	0.490576392478
8330.823315	0.496138322740
8331.239867	0.501711396485
8331.656439	0.506382742206
8332.073033	0.509341245810
8332.489647	0.510160910377
8332.906281	0.508937783115
8333.322937	0.506205683615
8333.739614	0.502682716346
8334.156311	0.498993282319
8334.573029	0.495504011137
8334.989768	0.492322358121
8335.406528	0.489406152512
8335.823309	0.486689769662
8336.240111	0.484157936711
8336.656933	0.481853389289
8337.073776	0.479844463908
8337.490641	0.478186961108
8337.907525	0.476901728597
8338.324431	0.475974111992
8338.741358	0.475373611008
8339.158305	0.475092477140
8339.575274	0.475206414380
8339.992263	0.475962690597
8340.409273	0.477892203720
8340.826304	0.481913508464
8341.243356	0.489351226735
8341.660428	0.501753788401
8342.077522	0.520418984165
8342.494636	0.545661212944
8342.911771	0.576066533361
8343.328927	0.608152910667
8343.746104	0.636820758125
8344.163302	0.656651511171
8344.580520	0.663631050055
8344.997760	0.656542551234
8345.415020	0.637357994554
8345.832301	0.610450229338
8346.249603	0.581036633430
8346.666926	0.553591535941
8347.084270	0.530856547423
8347.501635	0.513680627578
8347.919020	0.501507457844
8348.336427	0.493117454401
8348.753854	0.487263798591
8349.171302	0.483019285414
8349.588771	0.479836245863
8350.006261	0.477438702714
8350.423772	0.475683528001
8350.841303	0.474462187583
8351.258856	0.473660936192
8351.676429	0.473163039307
8352.094023	0.472864658475
8352.511639	0.472686147625
8352.929275	0.472574014964
8353.346931	0.472496607248
8353.764609	0.472438444410
8354.182308	0.472397184781
8354.600027	0.472386369770
8355.017768	0.472447347121
8355.435529	0.472674067650
8355.853311	0.473252021780
8356.271115	0.474504128636
8356.688939	0.476920650082
8357.106783	0.481133396167
8357.524649	0.487791373406
8357.942536	0.497325760506
8358.360444	0.509660539215
8358.778372	0.524008139429
8359.196321	0.538927071216
8359.614292	0.552758827038
8360.032283	0.564390017818
8360.450295	0.574067969938
8360.868328	0.583841639931
8361.286382	0.597219542692
8361.704456	0.617889950149
8362.122552	0.647801719765
8362.540669	0.685381512732
8362.958806	0.724883227699
8363.376965	0.757551284085
8363.795144	0.774438498311
8364.213344	0.769747741153
8364.631565	0.743111110014
8365.049807	0.699681385877
8365.468070	0.648059427952
8365.886354	0.597192453308
8366.304659	0.553735351728
8366.722985	0.520859931834
8367.141331	0.498577222153
8367.559699	0.484944691377
8367.978087	0.477375123903
8368.396496	0.473540407144
8368.814927	0.471754774023
8369.233378	0.470979740857
8369.651850	0.470659817223
8370.070343	0.470544034533
8370.488857	0.470570861822
8370.907392	0.470848468373
8371.325948	0.471759818384
8371.744525	0.474244532013
8372.163122	0.480319672294
8372.581741	0.493840998298
8373.000380	0.521313596140
8373.419041	0.572225604564
8373.837722	0.658057573812
8374.256425	0.789148923755
8374.675148	0.969395876769
8375.093892	1.190295253393
8375.512657	1.427438677335
8375.931444	1.642777581177
8376.350251	1.793892492415
8376.769079	1.847617578537
8377.187927	1.792093828431
8377.606797	1.641227569768
8378.025688	1.429210200414
8378.444600	1.198022653089
8378.863533	0.984142671221
8379.282486	0.810114623828
8379.701461	0.683091400821
8380.120456	0.598719296955
8380.539473	0.546971297268
8380.958510	0.517065358655
8381.377569	0.500244510984
8381.796648	0.490604564819
8382.215748	0.484756021453
8382.634870	0.481050367840
8383.054012	0.478808369561
8383.473175	0.477735412982
8383.892359	0.477569729320
8384.311564	0.477944806984
8384.730790	0.478413764780
8385.150037	0.478562157886
8385.569305	0.478129236238
8385.988594	0.477072875123
8386.407904	0.475550084391
8386.827235	0.473829563662
8387.246587	0.472183289599
8387.665960	0.470807068943
8388.085354	0.469799681403
8388.504768	0.469207977308
8388.924204	0.469142677014
8389.343661	0.469995089573
8389.763138	0.472824504486
8390.182637	0.479997270753
8390.602157	0.496072694377
8391.021697	0.528676477512
8391.441259	0.588699870855
8391.860841	0.688820702918
8392.280445	0.839516828489
8392.700069	1.042816701176
8393.119715	1.285913210967
8393.539381	1.538347158216
8393.959069	1.756232805588
8394.378777	1.894037111675
8394.798507	1.919964894084
8395.218257	1.827920038676
8395.638029	1.639926520520
8396.057821	1.397743826211
8396.477634	1.148058345117
8396.897469	0.928428023561
8397.317324	0.759548574594
8397.737200	0.645186023508
8398.157098	0.577321221312
8398.577016	0.542723240926
8398.996956	0.528150078174
8399.416916	0.523192923544
8399.836897	0.521116319858
8400.256900	0.518484119923
8400.676923	0.514238138313
8401.096967	0.508658067254
8401.517033	0.502479183715
8401.937119	0.496338208318
8402.357226	0.490583479120
8402.777355	0.485344893935
8403.197504	0.480687874575
8403.617674	0.476712154426
8404.037866	0.473554279154
8404.458078	0.471333517366
8404.878312	0.470098802761
8405.298566	0.469803700542
8405.718842	0.470302957428
8406.139138	0.471358331200
8406.559455	0.472653577149
8406.979794	0.473831883728
8407.400153	0.474564414595
8407.820534	0.474633979483
8408.240935	0.473997581781
8408.661358	0.472795882089
8409.081802	0.471309186154
8409.502266	0.469903234212
8409.922752	0.469044197873
8410.343258	0.469483467295
8410.763786	0.472716405421
8411.184335	0.481781777258
8411.604905	0.502326982782
8412.025495	0.543546202386
8412.446107	0.618149739826
8412.866740	0.740217972857
8413.287394	0.920167967319
8413.708069	1.157473911056
8414.128765	1.433952080705
8414.549482	1.711918643626
8414.970220	1.940691633224
8415.390979	2.071071503333
8415.811759	2.072451857462
8416.232560	1.944477858276
8416.653382	1.717193518851
8417.074225	1.439608904744
8417.495089	1.162616427854
8417.915975	0.924368423703
8418.336881	0.743563720643
8418.757808	0.621117708915
8419.178757	0.546804220464
8419.599726	0.506540473313
8420.020717	0.487485629295
8420.441728	0.480283409661
8420.862761	0.479212607877
8421.283815	0.481350200411
8421.704889	0.485523494553
8422.125985	0.491381389451
8422.547102	0.498670457397
8422.968240	0.506766724509
8423.389399	0.514542297329
8423.810579	0.520594912147
8424.231780	0.523721451032
8424.653002	0.523375593562
8425.074245	0.519846693170
8425.495509	0.514064610164
8425.916795	0.507164641654
8426.338101	0.500074964295
8426.759428	0.493330188148
8427.180777	0.487135806909
8427.602146	0.481553295366
8428.023537	0.476647239896
8428.444949	0.472518547017
8428.866382	0.469251938364
8429.287835	0.466852870630
8429.709310	0.465228266336
8430.130806	0.464217060843
8430.552323	0.463644234186
8430.973862	0.463370069915
8431.395421	0.463322420233
8431.817001	0.463514760057
8432.238603	0.464055779346
8432.660225	0.465147908367
8433.081869	0.467061257743
8433.503533	0.470070200784
8433.925219	0.474357641235
8434.346926	0.479937833394
8434.768654	0.486717588673
8435.190403	0.494859648110
8435.612173	0.505595193092
8436.033964	0.522505249413
8436.455776	0.552994512191
8436.877609	0.609223893498
8437.299464	0.707301883486
8437.721339	0.863488896533
8438.143236	1.087063584825
8438.565154	1.371560254655
8438.987092	1.688442652353
8439.409052	1.988185383148
8439.831033	2.211409195157
8440.253035	2.307516545639
8440.675059	2.253062000651
8441.097103	2.060817899283
8441.519168	1.774814802302
8441.941255	1.454036455342
8442.363363	1.153110397728
8442.785491	0.908625022401
8443.207641	0.735239160145
8443.629812	0.630058950049
8444.052004	0.580494902380
8444.474217	0.571077057171
8444.896451	0.587161551855
8445.318707	0.615980824287
8445.740983	0.646659437153
8446.163281	0.670517473846
8446.585600	0.681911971715
8447.007940	0.678971947238
8447.430300	0.663442501599
8447.852683	0.639433885161
8448.275086	0.611628650008
8448.697510	0.583820071360
8449.119955	0.558352814398
8449.542422	0.536412127326
8449.964910	0.518660472232
8450.387419	0.505696867908
8450.809948	0.498105258490
8451.232500	0.496176511527
8451.655072	0.499547483416
8452.077665	0.506994951812
8452.500279	0.516528462593
8452.922915	0.525798658625
8453.345572	0.532692096136
8453.768250	0.535871441762
8454.190949	0.535018857420
8454.613669	0.530687460756
8455.036410	0.523882123891
8455.459172	0.515623988059
8455.881956	0.506710800255
8456.304761	0.497712217801
8456.727586	0.489082818731
8457.150433	0.481242182401
8457.573301	0.474555464432
8457.996191	0.469252539148
8458.419101	0.465366822917
8458.842033	0.462743759511
8459.264985	0.461111250853
8459.687959	0.460169174273
8460.110954	0.459657617408
8460.533970	0.459387620833
8460.957007	0.459240925477
8461.380066	0.459153258790
8461.803145	0.459092615684
8462.226246	0.459045918483
8462.649368	0.459018512121
8463.072511	0.459049417776
8463.495675	0.459266871246
8463.918861	0.460035971257
8464.342067	0.462291400460
8464.765295	0.468183753724
8465.188544	0.482133438349
8465.611814	0.512180548479
8466.035105	0.571061201790
8466.458417	0.675840609844
8466.881751	0.844609523093
8467.305105	1.089419521884
8467.728481	1.406664795355
8468.151878	1.768952479431
8468.575296	2.124120391561
8468.998736	2.405390380888
8469.422196	2.551223190934
8469.845678	2.527118674347
8470.269181	2.338856817755
8470.692705	2.030242585641
8471.116250	1.666567806419
8471.539817	1.312293766435
8471.963404	1.013320860185
8472.387013	0.790031493766
8472.810643	0.640792970995
8473.234294	0.551057147565
8473.657966	0.502559067544
8474.081660	0.479329757767
8474.505374	0.469996987734
8474.929110	0.467545572200
8475.352867	0.468042198993
8475.776646	0.469368738783
8476.200445	0.470387123792
8476.624266	0.470532053469
8477.048107	0.469651063837
8477.471970	0.467913517085
8477.895855	0.465695291477
8478.319760	0.463437174792
8478.743687	0.461524977106
8479.167634	0.460234878976
8479.591603	0.459748557905
8480.015594	0.460201511101
8480.439605	0.461710345885
8480.863638	0.464339312210
8481.287691	0.468006173780
8481.711766	0.472376141421
8482.135862	0.476822762178
8482.559980	0.480521801064
8482.984118	0.482680874235
8483.408278	0.482825380154
8483.832459	0.481014485301
8484.256662	0.477888677364
8484.680885	0.474537678256
8485.105130	0.472259075323
8485.529395	0.472295779680
8485.953683	0.475593038383
8486.377991	0.482565482669
8486.802320	0.492878163818
8487.226671	0.505321714376
8487.651043	0.517923652887
8488.075436	0.528384863616
8488.499851	0.534752996887
8488.924286	0.536051657281
8489.348743	0.532542849981
8489.773221	0.525480172647
8490.197720	0.516503445091
8490.622241	0.507022318868
8491.046783	0.497892603857
8491.471346	0.489459900154
8491.895930	0.481814025576
8492.320535	0.475024923054
8492.745162	0.469224809904
8493.169810	0.464551407806
8493.594479	0.461053119321
8494.019169	0.458645322270
8494.443881	0.457143321341
8494.868613	0.456346742890
8495.293368	0.456141525451
8495.718143	0.456605748051
8496.142939	0.458122578990
8496.567757	0.461491551844
8496.992596	0.467984186517
8497.417456	0.479235024502
8497.842338	0.496851011632
8498.267241	0.521720591929
8498.692165	0.553229356130
8499.117110	0.588845073565
8499.542076	0.624644468177
8499.967064	0.657138103085
8500.392073	0.686214921894
8500.817103	0.718354145379
8501.242155	0.768701731704
8501.667227	0.860356136749
8502.092321	1.019452593419
8502.517437	1.265696776164
8502.942573	1.600213222399
8503.367731	1.995395392589
8503.792910	2.393161181961
8504.218110	2.716185534745
8504.643332	2.890777804632
8505.068575	2.872764459910
8505.493839	2.664183276805
8505.919124	2.312237947185
8506.344431	1.891130253000
8506.769758	1.476224915917
8507.195107	1.122663648229
8507.620478	0.856196321427
8508.045870	0.676419021941
8508.471282	0.567046167020
8508.896717	0.506754728677
8509.322172	0.476535269847
8509.747649	0.462722116384
8510.173147	0.456943356748
8510.598666	0.454715411030
8511.024207	0.453909046217
8511.449769	0.453619716031
8511.875352	0.453501592731
8512.300956	0.453435181307
8512.726582	0.453383040106
8513.152229	0.453334502162
8513.577897	0.453286797433
8514.003587	0.453239268321
8514.429297	0.453191771992
8514.855030	0.453144279621
8515.280783	0.453096786408
8515.706558	0.453049292525
8516.132354	0.453001804341
8516.558171	0.452954346621
8516.984009	0.452906952356
8517.409869	0.452859177831
8517.835750	0.452809418008
8518.261653	0.452759355488
8518.687577	0.452720653086
8519.113522	0.452717393312
8519.539488	0.452796301588
8519.965476	0.453044707940
8520.391484	0.453607073361
8520.817515	0.454687856990
8521.243566	0.456522301556
8521.669639	0.459300255722
8522.095733	0.463048901733
8522.521849	0.467515553764
8522.947985	0.472120170607
8523.374143	0.476040755154
8523.800323	0.478437669246
8524.226523	0.478739798720
8524.652745	0.476860930663
8525.078989	0.473236204453
8525.505253	0.468662560223
8525.931539	0.464033428879
8526.357846	0.460108567186
8526.784175	0.457426069519
8527.210525	0.456375988778
8527.636896	0.457366026423
8528.063289	0.460957762046
8528.489702	0.467849878900
8528.916138	0.478635555406
8529.342594	0.493369367945
8529.769072	0.511119450811
8530.195571	0.529783398460
8530.622091	0.546402521453
8531.048633	0.557980179872
8531.475196	0.562491220684
8531.901781	0.559583854560
8532.328386	0.550594876810
8532.755014	0.537881803018
8533.181662	0.523865665908
8533.608332	0.510295266328
8534.035023	0.498029679595
8534.461735	0.487275973404
8534.888469	0.477985653423
8535.315224	0.470128277534
8535.742000	0.463744744275
8536.168798	0.458858897302
8536.595617	0.455382870068
8537.022458	0.453098403184
8537.449320	0.451714738478
8537.876203	0.450961637493
8538.303107	0.450689767773
8538.730033	0.450999747238
8539.156980	0.452477510459
8539.583949	0.456651233541
8540.010939	0.466761023551
8540.437950	0.488779183797
8540.864982	0.532276949638
8541.292036	0.610280240878
8541.719112	0.737003222967
8542.146208	0.922845219442
8542.573326	1.167594862701
8543.000466	1.454997470770
8543.427626	1.753104698154
8543.854808	2.023374262174
8544.282012	2.236756305018
8544.709237	2.389291699792
8545.136483	2.507163405260
8545.563750	2.634949328696
8545.991039	2.810162207427
8546.418349	3.036708918016
8546.845681	3.272955112650
8547.273034	3.443485198991
8547.700408	3.470411482486
8548.127804	3.308397637706
8548.555221	2.965173323569
8548.982659	2.497819673601
8549.410119	1.988865451097
8549.837600	1.516118502804
8550.265103	1.130761570583
8550.692627	0.850789484615
8551.120172	0.667709196773
8551.547739	0.559172270373
8551.975327	0.500464956497
8552.402936	0.471293561323
8552.830567	0.457862532808
8553.258220	0.452065119645
8553.685893	0.449680611351
8554.113588	0.448724873852
8554.541305	0.448339478433
8554.969042	0.448175128598
8555.396801	0.448094974227
8555.824582	0.448046376475
8556.252384	0.448009302963
8556.680207	0.447976266472
8557.108052	0.447944565333
8557.535918	0.447913275538
8557.963805	0.447882102240
8558.391714	0.447850958820
8558.819645	0.447819824002
8559.247596	0.447788701326
8559.675569	0.447757628105
8560.103564	0.447726747336
8560.531580	0.447696544008
8560.959617	0.447668509691
8561.387676	0.447646798631
8561.815756	0.447641852272
8562.243857	0.447677245356
8562.671980	0.447800468128
8563.100125	0.448095986029
8563.528290	0.448694165525
8563.956477	0.449763896239
8564.384686	0.451474887665
8564.812916	0.453924025087
8565.241167	0.457042089676
8565.669440	0.460523595519
8566.097734	0.463834291659
8566.526050	0.466327582908
8566.954387	0.467445194662
8567.382745	0.466919189369
8567.811125	0.464875763293
8568.239526	0.461786185476
8568.667949	0.458291192204
8569.096393	0.454989405888
8569.524859	0.452286195808
8569.953346	0.450351307761
8570.381854	0.449169399032
8570.810384	0.448628683963
8571.238935	0.448593616707
8571.667508	0.448935391235
8572.096102	0.449526258460
8572.524717	0.450222902312
8572.953354	0.450864952968
8573.382013	0.451300406376
8573.810692	0.451430557568
8574.239394	0.451255806392
8574.668116	0.450913312048
8575.096860	0.450745004252
8575.525626	0.451488385726
8575.954413	0.454707749395
8576.383221	0.463641055513
8576.812051	0.484521462282
8577.240903	0.528053104034
8577.669775	0.610129766376
8578.098670	0.750299075892
8578.527585	0.966494260521
8578.956522	1.265931239957
8579.385481	1.634793806424
8579.814461	2.032163256251
8580.243462	2.394046786667
8580.672485	2.649642741336
8581.101530	2.745060720146
8581.530595	2.663886187173
8581.959683	2.433868774155
8582.388791	2.115730113302
8582.817922	1.779722177044
8583.247073	1.481684870693
8583.676246	1.249322781764
8584.105441	1.082560022732
8584.534657	0.964224166434
8584.963894	0.873413324706
8585.393153	0.794957731921
8585.822434	0.722410324798
8586.251735	0.655936983836
8586.681059	0.598300734045
8587.110404	0.551667151926
8587.539770	0.516322811811
8587.969158	0.490943565821
8588.398567	0.473469258833
8588.827997	0.461844514908
8589.257450	0.454369384172
8589.686923	0.449749799622
8590.116418	0.447028100100
8590.545935	0.445507527875
8590.975473	0.444699664318
8591.405032	0.444283744615
8591.834613	0.444066705513
8592.264216	0.443943822698
8592.693840	0.443865426636
8593.123485	0.443814173127
8593.553152	0.443795933612
8593.982840	0.443852009308
8594.412550	0.444117676195
8594.842282	0.444989771564
8595.272035	0.447528488081
8595.701809	0.454287634240
8596.131605	0.470772162613
8596.561422	0.507513511596
8596.991261	0.582173210424
8597.421121	0.720139837923
8597.851003	0.951275772612
8598.280906	1.300778388859
8598.710831	1.774603572623
8599.140777	2.344231212879
8599.570745	2.939476231105
8600.000734	3.457658871472
8600.430745	3.790792559335
8600.860778	3.861863593882
8601.290831	3.653707782608
8601.720907	3.215730665630
8602.151003	2.644866543611
8602.581122	2.050805129508
8603.011262	1.522454498237
8603.441423	1.109267721798
8603.871606	0.820964718969
8604.301810	0.639938059962
8604.732036	0.537096733147
8605.162283	0.484053952945
8605.592552	0.459180149670
8606.022842	0.448626009774
8606.453154	0.444728183980
8606.883488	0.443804681842
8607.313843	0.444362820133
8607.744219	0.445947053242
8608.174617	0.448480227926
8608.605037	0.451892668870
8609.035478	0.455915822605
8609.465940	0.460010514527
8609.896424	0.463440099944
8610.326930	0.465471661463
8610.757457	0.465626670747
8611.188006	0.463862305692
8611.618576	0.460589780311
8612.049167	0.456522243268
8612.479781	0.452439265706
8612.910415	0.449003702036
8613.341072	0.446755629918
8613.771750	0.446374980758
8614.202449	0.449290442553
8614.633170	0.458704183861
8615.063912	0.481003299953
8615.494676	0.527200985669
8615.925462	0.613471576761
8616.356269	0.759278741596
8616.787097	0.981719432902
8617.217947	1.286167748315
8617.648819	1.656118436131
8618.079712	2.047767668021
8618.510627	2.394995503615
8618.941563	2.626328380113
8619.372521	2.688624165415
8619.803501	2.566878510008
8620.234502	2.290081474189
8620.665524	1.920019826215
8621.096568	1.528907765718
8621.527634	1.176895666437
8621.958721	0.898787757263
8622.389830	0.702927260426
8622.820960	0.578871617847
8623.252112	0.507805692916
8623.683285	0.470845395580
8624.114480	0.453344409956
8624.545697	0.445781405790
8624.976935	0.442789706070
8625.408194	0.441700134743
8625.839475	0.441328963531
8626.270778	0.441205286070
8626.702103	0.441161110182
8627.133448	0.441144282719
8627.564816	0.441143943371
8627.996205	0.441164364892
8628.427615	0.441216184524
8628.859048	0.441311788479
8629.290501	0.441459914559
8629.721977	0.441658876653
8630.153474	0.441890718491
8630.584992	0.442120137042
8631.016532	0.442301017645
8631.448094	0.442389123893
8631.879677	0.442352298508
8632.311282	0.442177902368
8632.742908	0.441893661580
8633.174556	0.441559236320
8633.606225	0.441227729124
8634.037917	0.440933125619
8634.469629	0.440690629820
8634.901364	0.440499804853
8635.333119	0.440350823699
8635.764897	0.440230940853
8636.196696	0.440128845496
8636.628517	0.440036431827
8637.060359	0.439948747753
8637.492223	0.439863147063
8637.924108	0.439778376434
8638.356015	0.439693904303
8638.787944	0.439609528218
8639.219894	0.439525178024
8639.651866	0.439440832172
8640.083859	0.439356484153
8640.515874	0.439272132602
8640.947911	0.439187776913
8641.379969	0.439103417596
8641.812049	0.439019056129
8642.244150	0.438934702029
8642.676273	0.438850397260
8643.108418	0.438766317755
8643.540584	0.438683132487
8643.972772	0.438603157138
8644.404981	0.438533674638
8644.837212	0.438495440923
8645.269465	0.438541895218
8645.701739	0.438796789752
8646.134035	0.439516335852
8646.566352	0.441170399992
8646.998692	0.444511081363
8647.431052	0.450561064585
8647.863435	0.460434239392
8648.295839	0.474936135566
8648.728264	0.494010621963
8649.160712	0.516262773891
8649.593180	0.538887055530
8650.025671	0.558227889617
8650.458183	0.570881240329
8650.890717	0.574873568906
8651.323272	0.570312517276
8651.755849	0.559153122765
8652.188448	0.544232443878
8652.621068	0.528142169089
8653.053710	0.512530373246
8653.486373	0.498068415333
8653.919058	0.484877821390
8654.351765	0.473005722356
8654.784494	0.462647635741
8655.217244	0.454084112525
8655.650015	0.447493297908
8656.082809	0.442820861224
8656.515624	0.439783792704
8656.948460	0.437973269917
8657.381318	0.436978112754
8657.814198	0.436473013224
8658.247100	0.436263750713
8658.680023	0.436320552860
8659.112968	0.436852109911
8659.545934	0.438479597207
8659.978922	0.442556731682
8660.411932	0.451623976335
8660.844964	0.469857153202
8661.278017	0.503176033029
8661.711091	0.558622205768
8662.144188	0.642914659343
8662.577306	0.760682517230
8663.010445	0.913712838211
8663.443607	1.102799325769
8663.876790	1.332392701874
8664.309995	1.615427330284
8664.743221	1.973096837062
8665.176469	2.424915236302
8665.609738	2.969700561552
8666.043030	3.566225880510
8666.476343	4.127243878335
8666.909677	4.536884565171
8667.343034	4.688760288233
8667.776412	4.528067662598
8668.209811	4.075853383553
8668.643233	3.422265342552
8669.076676	2.692850109003
8669.510140	2.005854787351
8669.943627	1.440548279278
8670.377135	1.027079660753
8670.810664	0.755622381485
8671.244216	0.594655994030
8671.677789	0.508092328268
8672.111384	0.465750615179
8672.545000	0.446870782601
8672.978638	0.439181907468
8673.412298	0.436315104715
8673.845979	0.435331763928
8674.279682	0.435016954573
8674.713407	0.434918224185
8675.147154	0.434883273935
8675.580922	0.434865897693
8676.014712	0.434854329355
8676.448523	0.434848922830
8676.882357	0.434859228292
8677.316212	0.434911587915
8677.750088	0.435067280839
8678.183987	0.435453097615
8678.617907	0.436301272864
8679.051849	0.437982968009
8679.485812	0.441001901194
8679.919797	0.445905343321
8680.353804	0.453088032843
8680.787832	0.462524800704
8681.221883	0.473549753327
8681.655955	0.484848075717
8682.090048	0.494770050887
8682.524164	0.501906767674
8682.958301	0.505667504931
8683.392460	0.506523857744
8683.826640	0.505732427548
8684.260842	0.504656182381
8684.695066	0.504071068913
8685.129312	0.503866345448
8685.563579	0.503291701576
8685.997868	0.501545987892
8686.432179	0.498297791799
8686.866511	0.493816925685
8687.300865	0.488697073618
8687.735241	0.483428773209
8688.169639	0.478142483439
8688.604058	0.472667639199
8689.038499	0.466807084792
8689.472962	0.460594409330
8689.907447	0.454359695395
8690.341953	0.448599686493
8690.776481	0.443764071605
8691.211031	0.440087147051
8691.645602	0.437551196181
8692.080195	0.435959041591
8692.514810	0.435043327141
8692.949447	0.434554987336
8693.384105	0.434307237077
8693.818785	0.434181038171
8694.253487	0.434110229504
8694.688210	0.434062271116
8695.122956	0.434022869374
8695.557723	0.433986381533
8695.992511	0.433950797116
8696.427322	0.433915467548
8696.862154	0.433880203441
8697.297008	0.433844957945
8697.731884	0.433809735735
8698.166781	0.433774602828
8698.601701	0.433739814616
8699.036641	0.433706238052
8699.471604	0.433676544691
8699.906589	0.433658203620
8700.341595	0.433670105575
8700.776623	0.433755299899
8701.211673	0.434001654481
8701.646744	0.434568409217
8702.081837	0.435708095272
8702.516952	0.437762081012
8702.952089	0.441101458631
8703.387247	0.445995931257
8703.822428	0.452428977086
8704.257630	0.459929660378
8704.692853	0.467525675735
8705.128099	0.473901235228
8705.563366	0.477752889428
8705.998655	0.478218981536
8706.433966	0.475190285676
8706.869299	0.469348890307
8707.304653	0.461916945430
8707.740029	0.454241634400
8708.175427	0.447409630495
8708.610847	0.442039019028
8709.046288	0.438286361470
8709.481751	0.436005476131
8709.917236	0.434953586938
8710.352743	0.434957228214
8710.788272	0.435990574005
8711.223822	0.438153225561
8711.659394	0.441557272654
8712.094988	0.446158195985
8712.530603	0.451596061278
8712.966241	0.457136914462
8713.401900	0.461785593149
8713.837581	0.464567021908
8714.273284	0.464872038125
8714.709008	0.462703400262
8715.144755	0.458690718100
8715.580523	0.453859263743
8716.016313	0.449265826395
8716.452124	0.445672714817
8716.887958	0.443392520187
8717.323813	0.442336372070
8717.759690	0.442201466185
8718.195589	0.442683289137
8718.631510	0.443603491825
8719.067452	0.444908357087
8719.503417	0.446574594692
8719.939403	0.448462999049
8720.375411	0.450224753859
8720.811440	0.451363987432
8721.247492	0.451419357331
8721.683565	0.450163308732
8722.119660	0.447710483563
8722.555777	0.444477193195
8722.991916	0.441020177605
8723.428076	0.437844108112
8723.864258	0.435268506160
8724.300463	0.433395450417
8724.736689	0.432161902490
8725.172936	0.431430467945
8725.609206	0.431078998572
8726.045497	0.431076855703
8726.481810	0.431561150278
8726.918145	0.432933229591
8727.354502	0.435974950475
8727.790881	0.441935772610
8728.227281	0.452480405791
8728.663704	0.469358057975
8729.100148	0.493718813242
8729.536614	0.525200144444
8729.973101	0.561167937875
8730.409611	0.596650904024
8730.846142	0.625345322528
8731.282695	0.641567307372
8731.719271	0.642428062149
8732.155867	0.629214815445
8732.592486	0.607232133971
8733.029127	0.584069181201
8733.465789	0.566993348510
8733.902473	0.560520246284
8734.339179	0.565070876759
8734.775907	0.577151561031
8735.212657	0.590911564677
8735.649428	0.600427933026
8736.086222	0.601783819977
8736.523037	0.594102866229
8736.959874	0.579208599993
8737.396733	0.560270681122
8737.833614	0.540272174941
8738.270516	0.521077892466
8738.707441	0.503381848033
8739.144387	0.487243916762
8739.581355	0.472680019316
8740.018345	0.459926480904
8740.455357	0.449343919587
8740.892391	0.441170293058
8741.329446	0.435352282202
8741.766524	0.431548926656
8742.203623	0.429260658103
8742.640744	0.427982039749
8743.077887	0.427303915344
8743.515052	0.426946613887
8743.952239	0.426744572629
8744.389447	0.426612453436
8744.826678	0.426514341211
8745.263930	0.426446765896
8745.701204	0.426443372153
8746.138500	0.426620890230
8746.575818	0.427321368344
8747.013157	0.429475883433
8747.450519	0.435420133222
8747.887903	0.450477606865
8748.325308	0.485505866875
8748.762735	0.560107722853
8749.200184	0.705164683814
8749.637655	0.961787594034
8750.075148	1.373070343446
8750.512663	1.966828220020
8750.950199	2.732468616579
8751.387758	3.601928586643
8751.825338	4.448259530518
8752.262940	5.111049200957
8752.700564	5.444608595720
8753.138210	5.369838130523
8753.575878	4.904651771916
8754.013568	4.156987384172
8754.451279	3.284154993366
8754.889013	2.439370750689
8755.326768	1.730144389871
8755.764546	1.202734137222
8756.202345	0.851332190408
8756.640166	0.640100138797
8757.078009	0.525026571322
8757.515874	0.468037611851
8757.953760	0.442324639307
8758.391669	0.431739367934
8758.829600	0.427760403883
8759.267552	0.426395311274
8759.705526	0.425968844002
8760.143523	0.425847558029
8760.581541	0.425814612055
8761.019581	0.425802838392
8761.457643	0.425793937340
8761.895726	0.425784295628
8762.333832	0.425774275272
8762.771960	0.425764939750
8763.210109	0.425757054114
8763.648281	0.425750872170
8764.086474	0.425746249781
8764.524690	0.425742868849
8764.962927	0.425740450910
8765.401186	0.425738908193
8765.839467	0.425738425435
8766.277770	0.425739472007
8766.716095	0.425742717349
8767.154441	0.425748812402
8767.592810	0.425758033464
8768.031201	0.425769881464
8768.469613	0.425782834698
8768.908048	0.425794474134
8769.346504	0.425802071198
8769.784982	0.425803479568
8770.223482	0.425797969299
8770.662005	0.425786689346
8771.100549	0.425772901047
8771.539115	0.425763091349
8771.977703	0.425771881302
8772.416312	0.425836979831
8772.854944	0.426055914591
8773.293598	0.426662688710
8773.732274	0.428163439637
8774.170971	0.431532177542
8774.609691	0.438414227303
8775.048432	0.451196838701
8775.487196	0.472724610769
8775.925981	0.505460578138
8776.364788	0.550113938422
8776.803617	0.604168515185
8777.242468	0.661126993958
8777.681342	0.711296443494
8778.120237	0.744306475757
8778.559154	0.752555389802
8778.998093	0.734049713408
8779.437053	0.693185499292
8779.876036	0.639052664574
8780.315041	0.582153990112
8780.754068	0.531154932006
8781.193116	0.491001756164
8781.632187	0.462807709344
8782.071280	0.444995031400
8782.510394	0.434809896876
8782.949531	0.429515639774
8783.388689	0.427002450279
8783.827870	0.425905062339
8784.267072	0.425456946445
8784.706296	0.425278190489
8785.145543	0.425200833232
8785.584811	0.425158191157
8786.024101	0.425126376769
8786.463413	0.425097643926
8786.902747	0.425069713088
8787.342103	0.425041974680
8787.781482	0.425014280321
8788.220882	0.424986596279
8788.660304	0.424958913943
8789.099748	0.424931228880
8789.539214	0.424903537411
8789.978702	0.424875836646
8790.418212	0.424848125362
8790.857743	0.424820404495
8791.297297	0.424792677159
8791.736873	0.424764946639
8792.176471	0.424737216189
8792.616091	0.424709487716
8793.055733	0.424681762119
8793.495396	0.424654038676
8793.935082	0.424626316640
8794.374790	0.424598595158
8794.814520	0.424570873354
8795.254271	0.424543150730
8795.694045	0.424515427003
8796.133841	0.424487702181
8796.573658	0.424459976511
8797.013498	0.424432250687
8797.453360	0.424404526724
8797.893243	0.424376808252
8798.333149	0.424349102317
8798.773077	0.424321419843
8799.213026	0.424293775567
8799.652998	0.424266185076
8800.092992	0.424238658998
8800.533007	0.424211194761
8800.973045	0.424183771582
8801.413105	0.424156355264
8801.853186	0.424128929567
8802.293290	0.424101587891
8802.733416	0.424074772797
8803.173563	0.424049870126
8803.613733	0.424030567443
8804.053925	0.424025605841
8804.494138	0.424053544399
8804.934374	0.424149426511
8805.374632	0.424371262703
8805.814912	0.424800856075
8806.255213	0.425529873321
8806.695537	0.426628904267
8807.135883	0.428109979449
8807.576251	0.429878906420
8808.016640	0.431706092636
8808.457052	0.433261000723
8808.897486	0.434204395357
8809.337942	0.434304072109
8809.778420	0.433522432908
8810.218920	0.432031205674
8810.659442	0.430145535434
8811.099986	0.428211893305
8811.540552	0.426504231497
8811.981140	0.425169632868
8812.421750	0.424232551574
8812.862382	0.423638697776
8813.303036	0.423310884807
8813.743712	0.423198011503
8814.184411	0.423312560844
8814.625131	0.423759488248
8815.065873	0.424754658293
8815.506637	0.426617490307
8815.947424	0.429710952107
8816.388232	0.434308792829
8816.829063	0.440405037254
8817.269915	0.447537014969
8817.710790	0.454733270978
8818.151686	0.460677820074
8818.592605	0.464083817914
8819.033545	0.464139814297
8819.474508	0.460818404330
8819.915493	0.454887030718
8820.356500	0.447615373015
8820.797529	0.440331187549
8821.238579	0.434036128043
8821.679652	0.429225964291
8822.120747	0.425930444363
8822.561864	0.423885344463
8823.003004	0.422723425371
8823.444165	0.422108868125
8823.885348	0.421796160388
8824.326553	0.421632957013
8824.767781	0.421536957109
8825.209030	0.421469373547
8825.650302	0.421415651687
8826.091595	0.421375921294
8826.532911	0.421364588536
8826.974248	0.421418367281
8827.415608	0.421611885022
8827.856990	0.422077281886
8828.298394	0.423017960548
8828.739820	0.424699235729
8829.181268	0.427396410366
8829.622738	0.431292648156
8830.064230	0.436346948122
8830.505744	0.442186617479
8830.947281	0.448093280270
8831.388839	0.453126683923
8831.830420	0.456366909470
8832.272022	0.457188366587
8832.713647	0.455451572894
8833.155293	0.451532899726
8833.596962	0.446188776550
8834.038653	0.440322365803
8834.480366	0.434752182110
8834.922101	0.430064714653
8835.363858	0.426588325911
8835.805638	0.424479555091
8836.247439	0.423891925479
8836.689262	0.425164579348
8837.131108	0.428926427924
8837.572975	0.436046968323
8838.014865	0.447368112811
8838.456777	0.463209663926
8838.898711	0.482796994030
8839.340667	0.503908932715
8839.782645	0.523063597431
8840.224645	0.536364499231
8840.666667	0.540763831653
8841.108712	0.535189696283
8841.550778	0.520973014798
8841.992867	0.501356045844
8842.434978	0.480362692047
8842.877110	0.461624634931
8843.319265	0.447702042324
8843.761442	0.440080716204
8844.203641	0.439625010562
8844.645863	0.447041141358
8845.088106	0.462942955250
8845.530371	0.487371271706
8845.972659	0.518980613504
8846.414969	0.554418655059
8846.857300	0.588476849441
8847.299654	0.615267518375
8847.742030	0.630070965637
8848.184429	0.630974234242
8848.626849	0.619403470474
8849.069291	0.599241631627
8849.511756	0.575057099890
8849.954242	0.550446860357
8850.396751	0.527299138673
8850.839282	0.506094907523
8851.281835	0.486741878744
8851.724410	0.469274464718
8852.167008	0.454058163489
8852.609627	0.441571111805
8853.052269	0.432074567061
8853.494932	0.425437256268
8853.937618	0.421183923214
8854.380326	0.418677970479
8854.823056	0.417307707118
8855.265808	0.416596914339
8855.708583	0.416230480189
8856.151379	0.416026805655
8856.594198	0.415893608785
8857.037039	0.415790387917
8857.479902	0.415707273684
8857.922787	0.415666854176
8858.365694	0.415768856393
8858.808623	0.416336563918
8859.251575	0.418302352893
8859.694548	0.424091572148
8860.137544	0.439379663386
8860.580562	0.476045960521
8861.023602	0.556130597192
8861.466664	0.715361549404
8861.909749	1.003018198571
8862.352855	1.473710236369
8862.795984	2.167998754887
8863.239135	3.084320526162
8863.682308	4.152939224366
8864.125503	5.228652606502
8864.568721	6.115664146779
8865.011960	6.623422211271
8865.455222	6.632833702474
8865.898506	6.141563509674
8866.341812	5.264970535094
8866.785140	4.192155127445
8867.228490	3.119950974584
8867.671863	2.196160039752
8868.115257	1.493347728996
8868.558674	1.015136978747
8869.002113	0.721902517767
8869.445574	0.559067586354
8869.889058	0.476907612609
8870.332563	0.439153529245
8870.776091	0.423327489110
8871.219641	0.417269769390
8871.663213	0.415152647317
8872.106807	0.414479145133
8872.550424	0.414286915872
8872.994062	0.414240934445
8873.437723	0.414235515107
8873.881406	0.414240382670
8874.325111	0.414247649286
8874.768839	0.414255443871
8875.212588	0.414263360093
8875.656360	0.414271314612
8876.100154	0.414279288248
8876.543970	0.414287273674
8876.987808	0.414295266415
8877.431669	0.414303263584
8877.875551	0.414311263197
8878.319456	0.414319264210
8878.763383	0.414327266074
8879.207333	0.414335268552
8879.651304	0.414343271863
8880.095298	0.414351277079
8880.539314	0.414359288971
8880.983352	0.414367324435
8881.427412	0.414375440007
8881.871494	0.414383805333
8882.315599	0.414392881308
8882.759726	0.414403797784
8883.203875	0.414419038424
8883.648046	0.414443464938
8884.092240	0.414485451021
8884.536456	0.414557438997
8884.980693	0.414674754006
8885.424954	0.414851526987
8885.869236	0.415093637608
8886.313541	0.415390872150
8886.757867	0.415713168918
8887.202216	0.416017712230
8887.646588	0.416274687125
8888.090981	0.416523142540
8888.535397	0.416980557648
8888.979834	0.418252898270
8889.424295	0.421712531200
8889.868777	0.430088744424
8890.313281	0.448186719604
8890.757808	0.483382521402
8891.202357	0.545211212387
8891.646928	0.643253300630
8892.091522	0.782992469948
8892.536138	0.960552178481
8892.980776	1.158715406980
8893.425436	1.347309460872
8893.870118	1.489737844480
8894.314823	1.554293700400
8894.759550	1.525595268316
8895.204299	1.410526534939
8895.649070	1.235567786301
8896.093864	1.036901420736
8896.538679	0.848347618815
8896.983517	0.692575328812
8897.428378	0.578374674238
8897.873260	0.503276573745
8898.318165	0.458684785788
8898.763092	0.434668117644
8899.208041	0.422893234932
8899.653013	0.417618430826
8900.098007	0.415446400701
8900.543023	0.414612911491
8900.988061	0.414303664905
8901.433122	0.414181848647
8901.878204	0.414121768871
8902.323309	0.414080766496
8902.768437	0.414045486385
8903.213586	0.414011956322
8903.658758	0.413978990958
8904.103952	0.413946212180
8904.549168	0.413913490698
8904.994407	0.413880785042
8905.439668	0.413848086996
8905.884951	0.413815398736
8906.330256	0.413782722831
8906.775584	0.413750059425
8907.220934	0.413717406341
8907.666306	0.413684760422
8908.111701	0.413652119494
8908.557117	0.413619483438
8909.002556	0.413586856822
8909.448017	0.413554252320
8909.893501	0.413521697661
8910.339007	0.413489243315
8910.784535	0.413456969493
8911.230085	0.413424983083
8911.675658	0.413393396800
8912.121253	0.413362284363
8912.566870	0.413331620295
8913.012510	0.413301230237
8913.458171	0.413270785602
8913.903855	0.413239868841
8914.349562	0.413208099026
8914.795290	0.413175269769
8915.241041	0.413141441233
8915.686814	0.413106964812
8916.132610	0.413072521717
8916.578428	0.413039428354
8917.024268	0.413010761024
8917.470130	0.412994360119
8917.916015	0.413009446805
8918.361922	0.413098974553
8918.807851	0.413348718449
8919.253803	0.413909742336
8919.699776	0.415012376638
8920.145772	0.416950224231
8920.591791	0.420010300353
8921.037832	0.424342077249
8921.483895	0.429796793199
8921.929980	0.435814025605
8922.376088	0.441448146625
8922.822218	0.445582957286
8923.268370	0.447283142969
8923.714545	0.446134609425
8924.160741	0.442404789744
8924.606961	0.436937686448
8925.053202	0.430841500160
8925.499466	0.425126548797
8925.945752	0.420450061210
8926.392060	0.417048736158
8926.838391	0.414832378777
8927.284744	0.413549240466
8927.731120	0.412941687866
8928.177517	0.412853206607
8928.623937	0.413286451794
8929.070380	0.414424416219
8929.516845	0.416613125014
8929.963332	0.420283988573
8930.409841	0.425791927728
8930.856372	0.433180996997
8931.302926	0.441954512340
8931.749503	0.450983006940
8932.196101	0.458669969055
8932.642722	0.463386752243
8933.089366	0.464026645163
8933.536031	0.460422464224
8933.982719	0.453412955962
8934.429430	0.444521862374
8934.876162	0.435417632681
8935.322917	0.427414416729
8935.769695	0.421211577028
8936.216494	0.416911576772
8936.663316	0.414220011996
8937.110161	0.412686163030
8937.557027	0.411881717773
8938.003916	0.411485516499
8938.450828	0.411294109534
8938.897761	0.411195321636
8939.344717	0.411134448769
8939.791696	0.411087665776
8940.238697	0.411045645935
8940.685720	0.411005092643
8941.132765	0.410964950482
8941.579833	0.410924912346
8942.026923	0.410884897341
8942.474036	0.410844886002
8942.921170	0.410804874663
8943.368328	0.410764863768
8943.815507	0.410724856202
8944.262709	0.410684857419
8944.709934	0.410644876285
8945.157180	0.410604925535
8945.604449	0.410565019334
8946.051741	0.410525168748
8946.499054	0.410485374493
8946.946391	0.410445619907
8947.393749	0.410405868537
8947.841130	0.410366070129
8948.288533	0.410326174441
8948.735959	0.410286148487
8949.183407	0.410245989384
8949.630877	0.410205724904
8950.078370	0.410165403469
8950.525885	0.410125076734
8950.973423	0.410084784527
8951.420982	0.410044547226
8951.868565	0.410004367620
8952.316169	0.409964238202
8952.763796	0.409924152741
8953.211446	0.409884121073
8953.659117	0.409844122928
8954.106812	0.409803522515
8954.554528	0.409760388835
8955.002267	0.409714689191
8955.450028	0.409670451706
8955.897812	0.409632218124
8956.345618	0.409604288935
8956.793447	0.409591141065
8957.241297	0.409596155358
8957.689171	0.409619358844
8958.137066	0.409655276925
8958.584984	0.409692271349
8959.032925	0.409714489118
8959.480888	0.409706380081
8959.928873	0.409658164739
8960.376881	0.409569709490
8960.824911	0.409450831815
8961.272963	0.409317859949
8961.721038	0.409188171559
8962.169135	0.409075169466
8962.617255	0.408985464522
8963.065397	0.408918639667
8963.513561	0.408868901548
8963.961748	0.408827626414
8964.409958	0.408786025348
8964.858189	0.408737398665
8965.306443	0.408678546359
8965.754720	0.408610008554
8966.203019	0.408535137094
8966.651340	0.408458440150
8967.099684	0.408383926186
8967.548050	0.408314065008
8967.996439	0.408249588364
8968.444850	0.408189927533
8968.893283	0.408133887216
8969.341739	0.408080214840
8969.790217	0.408027914453
8970.238718	0.407976327575
8970.687241	0.407925079738
8971.135787	0.407873984927
8971.584355	0.407822962318
8972.032945	0.407771979071
8972.481558	0.407721018858
8972.930193	0.407670065997
8973.378851	0.407619101019
8973.827531	0.407568103030
8974.276234	0.407517055651
8974.724959	0.407465952812
8975.173706	0.407414800951
8975.622476	0.407363616697
8976.071269	0.407312420867
8976.520083	0.407261231291
8976.968921	0.407210059476
8977.417780	0.407158908709
8977.866662	0.407107776896
8978.315567	0.407056658613
8978.764494	0.407005548481
8979.213443	0.406954441927
8979.662415	0.406903336128
8980.111410	0.406852229225
8980.560427	0.406801120429
8981.009466	0.406750009328
8981.458527	0.406698895795
8981.907612	0.406647779628
8982.356718	0.406596660984
8982.805847	0.406545539627
8983.254999	0.406494385023
8983.704173	0.406442474715
8984.153369	0.406384641070
8984.602588	0.406310532924
8985.051829	0.406220308370
8985.501093	0.406124331224
8985.950380	0.406027633428
8986.399688	0.405930902162
8986.849020	0.405834166048
8987.298373	0.405737424981
8987.747749	0.405640679123
8988.197148	0.405543928542
8988.646569	0.405447173453
8989.096013	0.405350414267
8989.545479	0.405253653624
8989.994967	0.405156898150
8990.444478	0.405060170098
8990.894012	0.404963542487
8991.343568	0.404867266265
8991.793146	0.404772213565
8992.242747	0.404681329826
8992.692370	0.404603978957
8993.142016	0.404567637210
8993.591685	0.404645811520
8994.041375	0.405016320061
8994.491089	0.406065326767
8994.940824	0.408539197597
8995.390583	0.413706138026
8995.840364	0.423421275884
8996.290167	0.439926127780
8996.739993	0.465226631349
8997.189841	0.500064107428
8997.639712	0.542805561738
8998.089605	0.588875574309
8998.539520	0.631340473402
8998.989459	0.662778004869
8999.439419	0.677782204165
8999.889403	0.674892199398
9000.339408	0.656889184710
9000.789437	0.629295245626
9001.239487	0.597959323951
9001.689561	0.567069625304
9002.139656	0.538499804099
9002.589774	0.512450543772
9003.039915	0.488616141505
9003.490078	0.467028880892
9003.940264	0.448208757610
9004.390473	0.432800844739
9004.840703	0.421132878726
9005.290957	0.413012898530
9005.741232	0.407820392910
9006.191531	0.404752531671
9006.641852	0.403056734213
9007.092195	0.402158466895
9007.542561	0.401682794464
9007.992949	0.401414573375
9008.443360	0.401243005423
9008.893793	0.401116777809
9009.344249	0.401018330835
9009.794728	0.400960422453
9010.245229	0.401018931506
9010.695752	0.401449844254
9011.146298	0.403009565602
9011.596867	0.407716441822
9012.047458	0.420426266160
9012.498072	0.451611933722
9012.948708	0.521352721548
9013.399367	0.663438861399
9013.850048	0.926678437607
9014.300752	1.368891634213
9014.751478	2.039540303328
9015.202227	2.951664966620
9015.652998	4.052206203622
9016.103792	5.207377187736
9016.554609	6.219372370461
9017.005448	6.878195679361
9017.456309	7.031889072181
9017.907193	6.643394531117
9018.358100	5.805056365715
9018.809029	4.702993491559
9019.259981	3.550128055178
9019.710955	2.520651202737
9020.161952	1.712782316707
9020.612971	1.147312518574
9021.064013	0.791211981395
9021.515078	0.588349230511
9021.966165	0.483419330920
9022.417274	0.434011810520
9022.868406	0.412793207021
9023.319561	0.404470427079
9023.770738	0.401486643158
9024.221938	0.400509938335
9024.673161	0.400220300349
9025.124405	0.400145509091
9025.575673	0.400132434585
9026.026963	0.400136041099
9026.478276	0.400144608174
9026.929611	0.400156110324
9027.380969	0.400171612239
9027.832349	0.400193623655
9028.283752	0.400225566147
9028.735177	0.400271393281
9029.186625	0.400335919840
9029.638096	0.400428217254
9030.089589	0.400572955369
9030.541105	0.400837241677
9030.992643	0.401380987783
9031.444204	0.402532603082
9031.895788	0.404873052183
9032.347394	0.409279130821
9032.799022	0.416843595531
9033.250674	0.428589720199
9033.702348	0.444968213138
9034.154044	0.465274521059
9034.605763	0.487281246457
9035.057505	0.507416849568
9035.509269	0.521627156173
9035.961055	0.526683689605
9036.412865	0.521371649816
9036.864697	0.506961645612
9037.316551	0.486715994153
9037.768428	0.464690057570
9038.220328	0.444429589418
9038.672250	0.428125258579
9039.124195	0.416451624867
9039.576163	0.408944379698
9040.028153	0.404582976252
9040.480166	0.402286078882
9040.932201	0.401187928145
9041.384259	0.400712063243
9041.836339	0.400526919337
9042.288443	0.400464564001
9042.740568	0.400449244216
9043.192717	0.400450286911
9043.644888	0.400455991713
9044.097081	0.400458278694
9044.549297	0.400445218839
9045.001536	0.400414169764
9045.453797	0.400375756150
9045.906081	0.400336896145
9046.358388	0.400300872282
9046.810717	0.400276637959
9047.263069	0.400296387133
9047.715444	0.400465985138
9048.167841	0.401101274624
9048.620260	0.403054848152
9049.072703	0.408401094791
9049.525168	0.421665651449
9049.977655	0.451633125775
9050.430165	0.513294437854
9050.882698	0.628672392506
9051.335254	0.824475343164
9051.787832	1.124610133543
9052.240432	1.537544461660
9052.693056	2.042266354819
9053.145702	2.580367382173
9053.598370	3.062099091878
9054.051062	3.388986435252
9054.503775	3.486203246433
9054.956512	3.330353955907
9055.409271	2.958606739170
9055.862053	2.454302575466
9056.314857	1.916657411651
9056.767684	1.429546965687
9057.220534	1.042526112073
9057.673406	0.768571645504
9058.126301	0.594246110962
9058.579219	0.494016566386
9059.032159	0.441927545418
9059.485122	0.417874939461
9059.938108	0.409176381674
9060.391116	0.409566114980
9060.844147	0.417452539914
9061.297200	0.434297615766
9061.750277	0.463119835585
9062.203375	0.506779112297
9062.656497	0.565912292663
9063.109641	0.636991265203
9063.562808	0.711580588263
9064.015997	0.778070025576
9064.469210	0.826812322280
9064.922444	0.859274556496
9065.375702	0.902468741112
9065.828982	1.031867256799
9066.282285	1.407276425701
9066.735610	2.322043037977
9067.188958	4.251204656722
9067.642329	7.859563876780
9068.095722	13.909424491026
9068.549139	23.018376657412
9069.002577	35.283299314666
9069.456039	49.900876029594
9069.909523	65.008765360067
9070.363030	77.953730849595
9070.816559	86.010710510801
9071.270111	87.307787678103
9071.723686	81.531321570696
9072.177284	70.048488626693
9072.630904	55.382240089764
9073.084547	40.312930384369
9073.538213	27.042625046277
9073.991901	16.753127561944
9074.445612	9.629243630247
9074.899345	5.188912804679
9075.353102	2.684183458569
9075.806881	1.401009606694
9076.260682	0.802491533834
9076.714507	0.547847692870
9077.168354	0.448883218703
9077.622224	0.413706353919
9078.076116	0.402252874327
9078.530031	0.398825660462
9078.983969	0.397872826900
9079.437930	0.397616086572
9079.891913	0.397538521697
9080.345919	0.397504242063
9080.799947	0.397483173495
9081.253999	0.397476377257
9081.708073	0.397504084430
9082.162170	0.397617275245
9082.616289	0.397924808606
9083.070431	0.398632917130
9083.524596	0.400084870549
9083.978784	0.402771239622
9084.432994	0.407265671934
9084.887227	0.414047937550
9085.341483	0.423223032268
9085.795761	0.434229619260
9086.250062	0.445704351936
9086.704386	0.455662208206
9087.158733	0.462022587274
9087.613102	0.463308543013
9088.067494	0.459201129107
9088.521909	0.450664955318
9088.976346	0.439578044335
9089.430806	0.428059397051
9089.885289	0.417822863972
9090.339795	0.409818515803
9090.794323	0.404229541923
9091.248874	0.400713031520
9091.703448	0.398705696868
9092.158045	0.397658735077
9092.612664	0.397154134738
9093.067306	0.396923885925
9093.521971	0.396818690295
9093.976658	0.396765071898
9094.431368	0.396730758719
9094.886101	0.396703017517
9095.340857	0.396677314164
9095.795635	0.396652186667
9096.250436	0.396627207032
9096.705260	0.396602261369
9097.160107	0.396577322167
9097.614976	0.396552383233
9098.069869	0.396527443286
9098.524783	0.396502502107
9098.979721	0.396477559732
9099.434681	0.396452616113
9099.889664	0.396427671232
9100.344670	0.396402725076
9100.799699	0.396377777784
9101.254750	0.396352829230
9101.709824	0.396327879682
9102.164921	0.396302929225
9102.620041	0.396277978263
9103.075183	0.396253027678
9103.530348	0.396228078914
9103.985536	0.396203100971
9104.440747	0.396177582081
9104.895980	0.396149263517
9105.351237	0.396115973345
9105.806516	0.396079812029
9106.261817	0.396043965767
9106.717142	0.396010233359
9107.172489	0.395980361352
9107.627859	0.395956571137
9108.083252	0.395941151967
9108.538667	0.395935516704
9108.994106	0.395938962102
9109.449567	0.395947681472
9109.905051	0.395954755872
9110.360557	0.395951586595
9110.816087	0.395930509609
9111.271639	0.395887538523
9111.727214	0.395823901509
9112.182812	0.395745563051
9112.638432	0.395660988474
9113.094075	0.395578296525
9113.549741	0.395503109079
9114.005430	0.395437816371
9114.461142	0.395382151286
9114.916876	0.395334409743
9115.372634	0.395292611979
9115.828414	0.395255181187
9116.284217	0.395221074450
9116.740042	0.395189532128
9117.195891	0.395159718355
9117.651762	0.395130555500
9118.107656	0.395101131426
9118.563572	0.395072404344
9119.019512	0.395052153715
9119.475474	0.395068370497
9119.931460	0.395203078998
9120.387468	0.395669379367
9120.843498	0.396964946103
9121.299552	0.400131104751
9121.755628	0.407101622955
9122.211728	0.421016584107
9122.667849	0.446217646718
9123.123994	0.487534118523
9123.580162	0.548584046309
9124.036352	0.629298634259
9124.492566	0.723607656864
9124.948802	0.818761657199
9125.405060	0.897487401176
9125.861342	0.942893728337
9126.317647	0.944329375336
9126.773974	0.901433150385
9127.230324	0.824278333095
9127.686697	0.729529528613
9128.143093	0.634615265351
9128.599511	0.552683217699
9129.055953	0.490241396890
9129.512417	0.447680664576
9129.968904	0.421532998965
9130.425414	0.406978307532
9130.881946	0.399608982383
9131.338502	0.396203573683
9131.795080	0.394764526923
9132.251681	0.394214110072
9132.708305	0.394041428939
9133.164952	0.394034071496
9133.621622	0.394114276897
9134.078314	0.394252353831
9134.535030	0.394425740688
9134.991768	0.394603270885
9135.448529	0.394744809426
9135.905313	0.394811465324
9136.362119	0.394778818302
9136.818949	0.394645314005
9137.275801	0.394432882969
9137.732677	0.394178832344
9138.189575	0.393922788061
9138.646495	0.393695089850
9139.103439	0.393511146136
9139.560406	0.393372365278
9140.017395	0.393271163540
9140.474408	0.393196670651
9140.931443	0.393138819161
9141.388501	0.393090186135
9141.845582	0.393046131885
9142.302685	0.393004127863
9142.759812	0.392962954312
9143.216961	0.392922085295
9143.674134	0.392881316983
9144.131329	0.392840577983
9144.588547	0.392799845735
9145.045788	0.392759113606
9145.503051	0.392718380030
9145.960338	0.392677644445
9146.417647	0.392636906946
9146.874980	0.392596167300
9147.332335	0.392555425754
9147.789713	0.392514682093
9148.247114	0.392473936382
9148.704538	0.392433188614
9149.161984	0.392392438891
9149.619454	0.392351687041
9150.076946	0.392310933214
9150.534461	0.392270177302
9150.992000	0.392229419461
9151.449561	0.392188659451
9151.907145	0.392147897458
9152.364751	0.392107133398
9152.822381	0.392066367390
9153.280034	0.392025599258
9153.737709	0.391984829088
9154.195407	0.391944056850
9154.653129	0.391903282652
9155.110873	0.391862506428
9155.568640	0.391821728126
9156.026430	0.391780947772
9156.484242	0.391740165420
9156.942078	0.391699380952
9157.399936	0.391658594502
9157.857818	0.391617806013
9158.315722	0.391577015478
9158.773650	0.391536222895
9159.231600	0.391495428393
9159.689573	0.391454631954
9160.147569	0.391413833851
9160.605587	0.391373034455
9161.063629	0.391332234278
9161.521694	0.391291434262
9161.979781	0.391250635393
9162.437892	0.391209838494
9162.896025	0.391169043716
9163.354181	0.391128249944
9163.812361	0.391087454776
9164.270563	0.391046654595
9164.728788	0.391005839180
9165.187035	0.390964867807
9165.645306	0.390922885525
9166.103600	0.390878472048
9166.561917	0.390831934833
9167.020256	0.390784729179
9167.478619	0.390737450996
9167.937004	0.390690171867
9168.395412	0.390642894591
9168.853844	0.390595618393
9169.312298	0.390548342551
9169.770775	0.390501066049
9170.229275	0.390453788442
9170.687798	0.390406509463
9171.146344	0.390359229421
9171.604912	0.390311948426
9172.063504	0.390264666981
9172.522119	0.390217384935
9172.980756	0.390170102019
9173.439417	0.390122816871
9173.898100	0.390075528097
9174.356807	0.390028234048
9174.815536	0.389980933571
9175.274288	0.389933626636
9175.733063	0.389886313995
9176.191862	0.389838997064
9176.650683	0.389791677747
9177.109527	0.389744357028
9177.568394	0.389697035770
9178.027283	0.389649713987
9178.486196	0.389602391421
9178.945132	0.389555067552
9179.404091	0.389507742086
9179.863072	0.389460414631
9180.322077	0.389413085067
9180.781105	0.389365753123
9181.240155	0.389318418907
9181.699229	0.389271082320
9182.158325	0.389223743392
9182.617445	0.389176402118
9183.076587	0.389129058430
9183.535752	0.389081712409
9183.994940	0.389034363978
9184.454152	0.388987013226
9184.913386	0.388939660088
9185.372643	0.388892304544
9185.831923	0.388844946693
9186.291226	0.388797586421
9186.750552	0.388750223834
9187.209901	0.388702858800
9187.669273	0.388655491502
9188.128668	0.388608121763
9188.588086	0.388560749720
9189.047527	0.388513375207
9189.506991	0.388465998438
9189.966478	0.388418619171
9190.425987	0.388371237657
9190.885520	0.388323853746
9191.345076	0.388276467429
9191.804655	0.388229078704
9192.264257	0.388181687730
9192.723881	0.388134294257
9193.183529	0.388086898605
9193.643200	0.388039500505
9194.102893	0.387992100296
9194.562610	0.387944697861
9195.022349	0.387897291703
9195.482112	0.387849778170
9195.941898	0.387800770161
9196.401706	0.387744606378
9196.861538	0.387676243716
9197.321392	0.387600355472
9197.781270	0.387522811503
9198.241171	0.387445144361
9198.701094	0.387367485157
9199.161041	0.387289861717
9199.621010	0.387212331210
9200.081003	0.387135005501
9200.541018	0.387058077711
9201.001057	0.386981836386
9201.461118	0.386906642851
9201.921203	0.386832844102
9202.381311	0.386760617768
9202.841441	0.386689787042
9203.301595	0.386619696354
9203.761771	0.386549256257
9204.221971	0.386477241072
9204.682193	0.386402906242
9205.142439	0.386327191369
9205.602708	0.386255582705
9206.062999	0.386205804085
9206.523314	0.386227705444
9206.983652	0.386449208606
9207.444012	0.387168435135
9207.904396	0.389009619974
9208.364803	0.393133917396
9208.825233	0.401430996946
9209.285685	0.416523805537
9209.746161	0.441353923967
9210.206660	0.478188274754
9210.667182	0.527173335491
9211.127727	0.585003225194
9211.588295	0.644568139342
9212.048886	0.696265858133
9212.509499	0.730855849209
9212.970136	0.742713885203
9213.430796	0.731830865965
9213.891480	0.703424445742
9214.352186	0.665379570060
9214.812915	0.624987166628
9215.273667	0.586729600863
9215.734442	0.552004199447
9216.195240	0.520396477818
9216.656062	0.491324894618
9217.116906	0.465006690598
9217.577773	0.442424010280
9218.038664	0.424665157630
9218.499577	0.412245754209
9218.960514	0.404806489614
9219.421473	0.401236060774
9219.882456	0.400044880598
9220.343462	0.399780711261
9220.804490	0.399346429603
9221.265542	0.398159102091
9221.726617	0.396145538924
9222.187715	0.393615633086
9222.648836	0.391099814938
9223.109980	0.389269656497
9223.571147	0.389068970648
9224.032337	0.392163027341
9224.493550	0.401759527886
9224.954786	0.423745245357
9225.416045	0.467908299123
9225.877328	0.548870212655
9226.338633	0.686418811001
9226.799961	0.905364088124
9227.261313	1.235480384395
9227.722688	1.711736859946
9228.184085	2.373082786577
9228.645506	3.255305474977
9229.106950	4.372881214092
9229.568417	5.690382822000
9230.029907	7.095007540030
9230.491420	8.391224556292
9230.952956	9.335290836892
9231.414515	9.707704248259
9231.876097	9.395304835314
9232.337703	8.441448405649
9232.799331	7.035651191246
9233.260983	5.446659940843
9233.722657	3.933237568809
9234.184355	2.674397966063
9234.646076	1.743823306437
9235.107819	1.126369937498
9235.569586	0.756362717478
9236.031376	0.555287719872
9236.493189	0.455904384512
9236.955026	0.411131398236
9237.416885	0.392713989754
9237.878767	0.385784985408
9238.340673	0.383395332985
9238.802601	0.382636057225
9239.264553	0.382410313808
9239.726528	0.382344186134
9240.188526	0.382322472256
9240.650547	0.382314227018
9241.112591	0.382315300340
9241.574658	0.382333321830
9242.036748	0.382387269235
9242.498862	0.382511680016
9242.960998	0.382760164397
9243.423158	0.383202520058
9243.885340	0.383909402620
9244.347546	0.384922093188
9244.809775	0.386213769857
9245.272027	0.387659893370
9245.734302	0.389040252994
9246.196601	0.390086179600
9246.658922	0.390563289331
9247.121267	0.390355892327
9247.583634	0.389511682307
9248.046025	0.388223133109
9248.508439	0.386755546847
9248.970876	0.385358375807
9249.433336	0.384199967533
9249.895819	0.383346665815
9250.358325	0.382781513015
9250.820855	0.382441828566
9251.283408	0.382254589646
9251.745983	0.382158258117
9252.208582	0.382110297468
9252.671204	0.382085470465
9253.133849	0.382070636561
9253.596518	0.382059715107
9254.059209	0.382050185324
9254.521923	0.382041105994
9254.984661	0.382032159463
9255.447422	0.382023248386
9255.910206	0.382014345734
9256.373013	0.382005444494
9256.835843	0.381996530376
9257.298697	0.381987354294
9257.761573	0.381976431208
9258.224473	0.381961404761
9258.687396	0.381942897732
9259.150341	0.381923329397
9259.613311	0.381903648229
9260.076303	0.381883962956
9260.539318	0.381864279809
9261.002357	0.381844611784
9261.465418	0.381825019567
9261.928503	0.381805761212
9262.391611	0.381787837622
9262.854742	0.381774782154
9263.317897	0.381777931974
9263.781074	0.381830270483
9264.244275	0.382018540357
9264.707499	0.382548133582
9265.170746	0.383854363800
9265.634016	0.386756105803
9266.097309	0.392601749778
9266.560625	0.403288031196
9267.023965	0.420977968634
9267.487328	0.447384652990
9267.950714	0.482684497631
9268.414123	0.524450286126
9268.877555	0.567249143307
9269.341011	0.603475651985
9269.804489	0.625450100998
9270.267991	0.628046865883
9270.731516	0.610632844133
9271.195064	0.577315499860
9271.658636	0.535369438016
9272.122230	0.492661754545
9272.585848	0.455317835557
9273.049489	0.426536295308
9273.513153	0.406715690134
9273.976840	0.394419535662
9274.440550	0.387510104143
9274.904284	0.383978238075
9275.368041	0.382328273318
9275.831821	0.381618285311
9276.295624	0.381331597719
9276.759450	0.381217466233
9277.223300	0.381167190486
9277.687173	0.381138412815
9278.151069	0.381116230152
9278.614988	0.381095893088
9279.078930	0.381076027197
9279.542896	0.381056270640
9280.006885	0.381036536746
9280.470896	0.381016806477
9280.934932	0.380997076084
9281.398990	0.380977344780
9281.863072	0.380957612546
9282.327176	0.380937879327
9282.791304	0.380918145149
9283.255455	0.380898410000
9283.719630	0.380878674125
9284.183827	0.380858937906
9284.648048	0.380839202929
9285.112292	0.380819473766
9285.576559	0.380799763836
9286.040850	0.380780107302
9286.505163	0.380760584590
9286.969500	0.380741363724
9287.433860	0.380722756634
9287.898244	0.380705215695
9288.362650	0.380688716730
9288.827080	0.380671186791
9289.291533	0.380650845704
9289.756009	0.380630110698
9290.220509	0.380610830069
9290.685031	0.380591645236
9291.149577	0.380569803921
9291.614146	0.380542557057
9292.078738	0.380508164022
9292.543354	0.380466555213
9293.007993	0.380419360094
9293.472655	0.380369284745
9293.937340	0.380319165635
9294.402049	0.380271146812
9294.866780	0.380226293512
9295.331535	0.380184675056
9295.796313	0.380145732460
9296.261115	0.380108691574
9296.725940	0.380072875378
9297.190787	0.380037923494
9297.655659	0.380004123520
9298.120553	0.379973376963
9298.585471	0.379951981843
9299.050412	0.379957647283
9299.515376	0.380034870762
9299.980363	0.380283926482
9300.445374	0.380906326604
9300.910408	0.382259544067
9301.375465	0.384893537076
9301.840545	0.389517885185
9302.305649	0.396840593082
9302.770776	0.407256904846
9303.235926	0.420457770646
9303.701099	0.435140029483
9304.166296	0.449045331285
9304.631516	0.459456536275
9305.096759	0.464042541829
9305.562026	0.461701555331
9306.027315	0.452987412553
9306.492628	0.439893676320
9306.957965	0.425110776360
9307.423324	0.411133082255
9307.888707	0.399616908378
9308.354113	0.391189534475
9308.819542	0.385651269229
9309.284995	0.382357916419
9309.750471	0.380573645396
9310.215970	0.379684658367
9310.681493	0.379269779774
9311.147038	0.379080627269
9311.612607	0.378988561231
9312.078199	0.378934348006
9312.543815	0.378893545823
9313.009454	0.378857069147
9313.475116	0.378821863827
9313.940801	0.378786998553
9314.406510	0.378752215559
9314.872242	0.378717449584
9315.337997	0.378682685813
9315.803776	0.378647920963
9316.269578	0.378613154672
9316.735403	0.378578386617
9317.201251	0.378543616912
9317.667123	0.378508845344
9318.133018	0.378474072032
9318.598936	0.378439296715
9319.064878	0.378404512668
9319.530843	0.378369661492
9319.996831	0.378334593293
9320.462842	0.378299268303
9320.928877	0.378263832700
9321.394935	0.378228378824
9321.861017	0.378192922546
9322.327121	0.378157464351
9322.793249	0.378122004532
9323.259401	0.378086542915
9323.725575	0.378051079532
9324.191773	0.378015614354
9324.657995	0.377980147485
9325.124239	0.377944678744
9325.590507	0.377909208292
9326.056798	0.377873736031
9326.523113	0.377838262045
9326.989450	0.377802786253
9327.455812	0.377767308736
9327.922196	0.377731829365
9328.388604	0.377696348282
9328.855035	0.377660865432
9329.321489	0.377625381277
9329.787967	0.377589897015
9330.254468	0.377554418689
9330.720992	0.377518969449
9331.187540	0.377483632091
9331.654111	0.377448673981
9332.120706	0.377414880307
9332.587323	0.377384334454
9333.053964	0.377362016643
9333.520629	0.377358589180
9333.987316	0.377394329431
9334.454027	0.377503049442
9334.920762	0.377733045191
9335.387519	0.378140630573
9335.854301	0.378772505636
9336.321105	0.379638047195
9336.787933	0.380680854382
9337.254784	0.381766159163
9337.721658	0.382699684983
9338.188556	0.383280836467
9338.655477	0.383373586877
9339.122421	0.382965367759
9339.589389	0.382188962723
9340.056380	0.381303510642
9340.523395	0.380652991369
9340.990433	0.380625287429
9341.457494	0.381616958581
9341.924578	0.383982671238
9342.391686	0.387939841337
9342.858818	0.393427240050
9343.325972	0.399971036273
9343.793150	0.406655393277
9344.260352	0.412278303760
9344.727576	0.415684929455
9345.194824	0.416153769431
9345.662096	0.413650708717
9346.129391	0.408819057493
9346.596709	0.402714478077
9347.064050	0.396428677600
9347.531415	0.390782945756
9347.998803	0.386201548640
9348.466215	0.382758809135
9348.933650	0.380315592449
9349.401108	0.378654262207
9349.868590	0.377563674973
9350.336095	0.376872397950
9350.803624	0.376451216134
9351.271176	0.376205519135
9351.738751	0.376067800615
9352.206349	0.375991455621
9352.673971	0.375945511045
9353.141617	0.375910474476
9353.609286	0.375875114273
9354.076978	0.375834153756
9354.544693	0.375786583772
9355.012432	0.375734149811
9355.480195	0.375679841455
9355.947980	0.375626557031
9356.415789	0.375576238657
9356.883622	0.375529615086
9357.351478	0.375486436396
9357.819357	0.375445928460
9358.287260	0.375407212630
9358.755186	0.375369557827
9359.223135	0.375332463473
9359.691108	0.375295634777
9360.159104	0.375258919244
9360.627124	0.375222247148
9361.095167	0.375185590283
9361.563233	0.375148940758
9362.031323	0.375112304031
9362.499437	0.375075707462
9362.967573	0.375039234781
9363.435733	0.375003111212
9363.903917	0.374967886246
9364.372124	0.374934760767
9364.840354	0.374906073331
9365.308608	0.374885827760
9365.776885	0.374879928494
9366.245185	0.374895571848
9366.713509	0.374939257889
9367.181857	0.375013402149
9367.650228	0.375112535691
9368.118622	0.375221109096
9368.587039	0.375315033556
9369.055481	0.375367700979
9369.523945	0.375358710841
9369.992433	0.375281466774
9370.460944	0.375145863075
9370.929479	0.374974767577
9371.398037	0.374796481882
9371.866619	0.374637509300
9372.335224	0.374519553040
9372.803852	0.374462082433
9373.272504	0.374488568838
9373.741180	0.374631918899
9374.209878	0.374933545719
9374.678601	0.375431760827
9375.147346	0.376139516620
9375.616115	0.377018771279
9376.084908	0.377965379992
9376.553724	0.378818990582
9377.022563	0.379402700524
9377.491426	0.379580471238
9377.960312	0.379306699329
9378.429222	0.378642892052
9378.898155	0.377732929826
9379.367112	0.376750391189
9379.836092	0.375844402296
9380.305096	0.375106630184
9380.774123	0.374566751079
9381.243173	0.374208584054
9381.712247	0.373992999252
9382.181344	0.373877055581
9382.650465	0.373826517172
9383.119609	0.373823000180
9383.588777	0.373867027513
9384.057968	0.373979339214
9384.527183	0.374200060549
9384.996421	0.374584220643
9385.465682	0.375193421137
9385.934967	0.376083721174
9386.404276	0.377288776851
9386.873608	0.378797054504
9387.342963	0.380525413745
9387.812342	0.382299890030
9388.281744	0.383862064107
9388.751170	0.384916436696
9389.220620	0.385214862840
9389.690092	0.384647418808
9390.159589	0.383295049066
9390.629108	0.381413036681
9391.098651	0.379350619559
9391.568218	0.377445848070
9392.037808	0.375943323184
9392.507422	0.374961816093
9392.977059	0.374507487383
9393.446720	0.374508679858
9393.916404	0.374850409295
9394.386111	0.375405064691
9394.855842	0.376077965632
9395.325597	0.376905055110
9395.795375	0.378254660307
9396.265176	0.381193481101
9396.735001	0.388055318598
9397.204850	0.403150022738
9397.674722	0.433321181157
9398.144617	0.487749986763
9398.614536	0.576221155989
9399.084479	0.705395914953
9399.554445	0.873691614963
9400.024434	1.066876847994
9400.494447	1.257394584921
9400.964484	1.409604664845
9401.434544	1.490289784907
9401.904627	1.480370437386
9402.374734	1.382208891392
9402.844865	1.218682426071
9403.315019	1.024524959815
9403.785196	0.834396106667
9404.255397	0.673246057093
9404.725622	0.552389267621
9405.195870	0.471226739177
9405.666141	0.422064692795
9406.136436	0.395075284172
9406.606755	0.381597312699
9407.077097	0.375453475730
9407.547463	0.372883967410
9408.017852	0.371886663473
9408.488264	0.371515834390
9408.958701	0.371371756194
9409.429160	0.371302389023
9409.899644	0.371255472403
9410.370150	0.371214722334
9410.840681	0.371175525949
9411.311234	0.371136690996
9411.781812	0.371097934562
9412.252413	0.371059194961
9412.723037	0.371020493307
9413.193685	0.370982123396
9413.664356	0.370944824963
9414.135051	0.370908769481
9414.605770	0.370873234874
9415.076512	0.370837781222
9415.547277	0.370802348072
9416.018067	0.370766964297
9416.488879	0.370731707551
9416.959715	0.370696742740
9417.430575	0.370662380919
9417.901459	0.370629135746
9418.372365	0.370597732666
9418.843296	0.370569003583
9419.314250	0.370543615009
9419.785227	0.370521652374
9420.256228	0.370502207033
9420.727253	0.370483213609
9421.198301	0.370461759141
9421.669373	0.370434882137
9422.140468	0.370400585778
9422.611587	0.370358598046
9423.082729	0.370310491320
9423.553895	0.370259101846
9424.025084	0.370207558292
9424.496297	0.370158387147
9424.967534	0.370113041045
9425.438794	0.370071907231
9425.910078	0.370034619807
9426.381385	0.370000439730
9426.852716	0.369968556995
9427.324070	0.369938284866
9427.795448	0.369909163308
9428.266850	0.369880959878
9428.738275	0.369853531929
9429.209724	0.369826559538
9429.681196	0.369799275971
9430.152692	0.369770399194
9430.624211	0.369738405318
9431.095754	0.369702082766
9431.567321	0.369661089445
9432.038911	0.369616192447
9432.510525	0.369569039435
9432.982162	0.369521583452
9433.453823	0.369475464072
9433.925508	0.369431625246
9434.397216	0.369390272218
9434.868947	0.369351083849
9435.340703	0.369313509626
9435.812481	0.369277006937
9436.284284	0.369241160764
9436.756110	0.369205700107
9437.227959	0.369170459578
9437.699833	0.369135334065
9438.171729	0.369100276556
9438.643650	0.369065414995
9439.115594	0.369031505723
9439.587561	0.369001346752
9440.059553	0.368983726846
9440.531567	0.369003319961
9441.003606	0.369122547663
9441.475668	0.369483373842
9441.947753	0.370374124766
9442.419862	0.372312468355
9442.891995	0.376106228420
9443.364152	0.382817222855
9443.836332	0.393537459936
9444.308535	0.408935935012
9444.780762	0.428666165635
9445.253013	0.450896906348
9445.725288	0.472312190421
9446.197586	0.488801380904
9446.669908	0.496711194505
9447.142253	0.494154370808
9447.614622	0.481737150232
9448.087014	0.462322673786
9448.559430	0.439956913917
9449.031870	0.418505718640
9449.504334	0.400625546417
9449.976821	0.387408160325
9450.449331	0.378643930730
9450.921866	0.373392227235
9451.394424	0.370531239157
9451.867005	0.369104334377
9452.339610	0.368444684516
9452.812239	0.368153911424
9453.284891	0.368023309140
9453.757568	0.367955748367
9454.230267	0.367910740384
9454.702991	0.367873083092
9455.175738	0.367837616910
9455.648508	0.367802764858
9456.121302	0.367768131330
9456.594120	0.367733760717
9457.066962	0.367700082585
9457.539827	0.367668303977
9458.012716	0.367641452956
9458.485628	0.367626773983
9458.958564	0.367641238147
9459.431524	0.367724396634
9459.904507	0.367967825353
9460.377515	0.368578217032
9460.850545	0.369997788768
9461.323600	0.373099028553
9461.796678	0.379430162724
9462.269779	0.391399643101
9462.742905	0.412173412748
9463.216054	0.445009091131
9463.689226	0.491892209412
9464.162422	0.551747372233
9464.635642	0.619016113537
9465.108886	0.683660844812
9465.582153	0.733258623694
9466.055444	0.756799586107
9466.528759	0.748655769248
9467.002097	0.710791490820
9467.475459	0.652082857028
9467.948845	0.585162366332
9468.422254	0.522494971007
9468.895687	0.473566107546
9469.369144	0.444130427898
9469.842624	0.437129977581
9470.316128	0.454000048522
9470.789655	0.495070025776
9471.263207	0.558536937712
9471.736782	0.638612510763
9472.210380	0.724300137238
9472.684003	0.800308860484
9473.157649	0.850601642302
9473.631319	0.863459293801
9474.105012	0.835713659448
9474.578729	0.773924055911
9475.052470	0.691825285378
9475.526234	0.605360374414
9476.000022	0.527734251585
9476.473834	0.466525678666
9476.947670	0.423485347955
9477.421529	0.396254890878
9477.895412	0.380663691907
9478.369319	0.372548532989
9478.843249	0.368691086458
9479.317203	0.367004439788
9479.791181	0.366314828869
9480.265182	0.366039622276
9480.739207	0.365920936165
9481.213256	0.365856332594
9481.687328	0.365809110622
9482.161425	0.365767283705
9482.635545	0.365727085593
9483.109688	0.365687112254
9483.583856	0.365646547834
9484.058047	0.365604805654
9484.532261	0.365561583360
9485.006500	0.365516947708
9485.480762	0.365471309817
9485.955048	0.365425280120
9486.429358	0.365379475049
9486.903691	0.365334368704
9487.378048	0.365290256036
9487.852429	0.365247343820
9488.326833	0.365205946683
9488.801261	0.365166728923
9489.275713	0.365130893361
9489.750189	0.365100162855
9490.224688	0.365076386776
9490.699211	0.365060704453
9491.173758	0.365052454504
9491.648329	0.365048328674
9492.122923	0.365042404272
9492.597541	0.365027427278
9493.072183	0.364997073212
9493.546848	0.364948246771
9494.021538	0.364882286100
9494.496250	0.364804436309
9494.970987	0.364721878335
9495.445748	0.364641321531
9495.920532	0.364567252231
9496.395340	0.364501395927
9496.870171	0.364443249548
9497.345027	0.364391109571
9497.819906	0.364343024726
9498.294809	0.364297370390
9498.769735	0.364253033892
9499.244686	0.364209357465
9499.719660	0.364165994387
9500.194658	0.364122776452
9500.669679	0.364079625784
9501.144725	0.364036505926
9501.619794	0.363993399865
9502.094887	0.363950298772
9502.570003	0.363907198924
9503.045144	0.363864098219
9503.520308	0.363820995939
9503.995496	0.363777891703
9504.470707	0.363734785375
9504.945943	0.363691676977
9505.421202	0.363648566409
9505.896485	0.363605453690
9506.371791	0.363562338772
9506.847122	0.363519197198
9507.322476	0.363475335645
9507.797854	0.363424964931
9508.273256	0.363354140674
9508.748681	0.363260337837
9509.224131	0.363157920496
9509.699604	0.363057446057
9510.175101	0.362968728703
9510.650621	0.362918793472
9511.126166	0.362985201090
9511.601734	0.363370128840
9512.077326	0.364548964648
9512.552942	0.367523961568
9513.028581	0.374172830159
9513.504245	0.387578683603
9513.979932	0.412069277363
9514.455643	0.452574005531
9514.931377	0.512993278980
9515.407136	0.593728436648
9515.882918	0.689249210871
9516.358724	0.787171247815
9516.834554	0.870136552507
9517.310407	0.920583605391
9517.786285	0.926743207809
9518.262186	0.887084004341
9518.738111	0.810919753467
9519.214060	0.714847388112
9519.690033	0.616878306134
9520.166029	0.531084882632
9520.642049	0.464860801300
9521.118093	0.419183226292
9521.594161	0.390814045714
9522.070253	0.374918012260
9522.546368	0.367024668523
9523.022507	0.364029892444
9523.498670	0.364487959663
9523.974857	0.368602721690
9524.451068	0.378183184054
9524.927302	0.396610376464
9525.403560	0.428840756581
9525.879843	0.482039859460
9526.356148	0.569123202466
9526.832478	0.720774064638
9527.308832	1.016109919989
9527.785209	1.645738300123
9528.261610	3.017256409961
9528.738035	5.892818713736
9529.214484	11.503560110020
9529.690957	21.526553838108
9530.167453	37.775949742164
9530.643973	61.520308646906
9531.120517	92.532296012181
9531.597085	128.256836811565
9532.073677	163.656337110615
9532.550293	192.149006949502
9533.026932	207.536257610813
9533.503595	206.182550904191
9533.980283	188.406013992783
9534.456994	158.353985002403
9534.933728	122.431008558195
9535.410487	87.090267220915
9535.887269	57.023804762480
9536.364076	34.401303170838
9536.840906	19.164218734955
9537.317760	9.910436383172
9537.794638	4.819050163894
9538.271539	2.273107995413
9538.748465	1.113365563168
9539.225414	0.631283445741
9539.702387	0.448187034015
9540.179384	0.384630640402
9540.656405	0.364553958008
9541.133450	0.359075547517
9541.610519	0.358747259311
9542.087611	0.362087674652
9542.564727	0.372527156497
9543.041867	0.400056724923
9543.519031	0.466293794967
9543.996219	0.612019486663
9544.473431	0.904443782425
9544.950667	1.438166724441
9545.427926	2.321141436529
9545.905209	3.638971295266
9546.382517	5.400689209012
9546.859848	7.485471723235
9547.337203	9.622474178127
9547.814581	11.432276528455
9548.291984	12.531502342948
9548.769411	12.663997653399
9549.246861	11.797693947787
9549.724335	10.137171250855
9550.201833	8.045281939443
9550.679356	5.914698490289
9551.156901	4.051349200470
9551.634471	2.615148263315
9552.112065	1.626211497176
9552.589682	1.012968209833
9553.067324	0.668754932662
9553.544989	0.493267503049
9554.022678	0.411810136032
9554.500391	0.377328227680
9554.978128	0.364004357134
9555.455889	0.359306398420
9555.933674	0.357800490191
9556.411483	0.357368980318
9556.889315	0.357266935558
9557.367172	0.357257193109
9557.845052	0.357271319381
9558.322956	0.357291399338
9558.800884	0.357313144355
9559.278836	0.357335568496
9559.756812	0.357358407707
9560.234812	0.357381548482
9560.712835	0.357404907875
9561.190883	0.357428400013
9561.668955	0.357451921705
9562.147050	0.357475357203
9562.625169	0.357498600301
9563.103312	0.357521585411
9563.581480	0.357544309190
9564.059671	0.357566830998
9564.537886	0.357589249273
9565.016124	0.357611667373
9565.494387	0.357634163333
9565.972674	0.357656775834
9566.450984	0.357679507403
9566.929319	0.357702337388
9567.407677	0.357725237349
9567.886060	0.357748181178
9568.364466	0.357771149589
9568.842896	0.357794130917
9569.321350	0.357817118541
9569.799828	0.357840109476
9570.278330	0.357863098269
9570.756856	0.357885901203
9571.235406	0.357906325281
9571.713980	0.357916423831
9572.192577	0.357910536932
9572.671199	0.357895698330
9573.149844	0.357879078403
9573.628514	0.357862337841
9574.107207	0.357845594560
9574.585925	0.357828850518
9575.064666	0.357812105503
9575.543431	0.357795359798
9576.022220	0.357778613250
9576.501033	0.357761865850
9576.979870	0.357745117668
9577.458731	0.357728368611
9577.937616	0.357711618743
9578.416525	0.357694868006
9578.895458	0.357678116506
9579.374415	0.357661364099
9579.853395	0.357644610943
9580.332400	0.357627856970
9580.811429	0.357611102297
9581.290481	0.357594346819
9581.769558	0.357577590710
9582.248658	0.357560833789
9582.727782	0.357544076038
9583.206931	0.357527317568
9583.686103	0.357510558048
9584.165299	0.357493797408
9584.644520	0.357477035722
9585.123764	0.357460272962
9585.603032	0.357443509370
9586.082324	0.357426745316
9586.561640	0.357409982003
9587.040980	0.357393221885
9587.520344	0.357376471018
9587.999732	0.357359741653
9588.479144	0.357343056930
9588.958580	0.357326453958
9589.438040	0.357309984154
9589.917524	0.357293704319
9590.397032	0.357277656685
9590.876564	0.357261839474
9591.356120	0.357246180241
9591.835699	0.357230528689
9592.315303	0.357214684502
9592.794931	0.357198460302
9593.274583	0.357181760794
9593.754258	0.357164650499
9594.233958	0.357147389766
9594.713682	0.357130435501
9595.193430	0.357114414499
9595.673201	0.357100063968
9596.152997	0.357088108891
9596.632816	0.357079043944
9597.112660	0.357072843734
9597.592528	0.357068745517
9598.072419	0.357065414163
9598.552335	0.357062015219
9599.032275	0.357061166435
9599.512238	0.357075772096
9599.992226	0.357143684013
9600.472237	0.357356444157
9600.952273	0.357908435817
9601.432333	0.359165498483
9601.912416	0.361731824495
9602.392524	0.366462469194
9602.872656	0.374342687213
9603.352811	0.386170209320
9603.832991	0.402065088681
9604.313194	0.420983324839
9604.793422	0.440516230842
9605.273674	0.457240337725
9605.753950	0.467659724678
9606.234249	0.469418434967
9606.714573	0.462227078132
9607.194921	0.448029535325
9607.675292	0.430314302437
9608.155688	0.412909152857
9608.636108	0.398812808775
9609.116552	0.389505182119
9609.597020	0.384876664119
9610.077512	0.383642167576
9610.558027	0.383985710925
9611.038567	0.384197627998
9611.519131	0.383136525385
9611.999719	0.380424743660
9612.480331	0.376367686261
9612.960967	0.371673763696
9613.441627	0.367113608342
9613.922311	0.363256798790
9614.403020	0.360361818588
9614.883752	0.358409842938
9615.364508	0.357216343356
9615.845288	0.356547583746
9616.326092	0.356198197181
9616.806921	0.356021986706
9617.287773	0.355930091286
9617.768650	0.355875250513
9618.249550	0.355835172498
9618.730475	0.355800486026
9619.211423	0.355767801726
9619.692396	0.355736600282
9620.173392	0.355708921353
9620.654413	0.355692164158
9621.135458	0.355707377223
9621.616527	0.355807975231
9622.097619	0.356115635648
9622.578736	0.356877803545
9623.059877	0.358539214349
9623.541042	0.361794752770
9624.022231	0.367559062672
9624.503445	0.376775133761
9624.984682	0.390024478861
9625.465943	0.407016634366
9625.947228	0.426182100663
9626.428538	0.444669059267
9626.909871	0.458933647666
9627.391229	0.465817416353
9627.872610	0.463677982621
9628.354016	0.453021678554
9628.835446	0.436306383137
9629.316900	0.417018530165
9629.798377	0.398497750112
9630.279879	0.383045103402
9630.761405	0.371612374728
9631.242956	0.364026267242
9631.724530	0.359480267726
9632.206128	0.357011295654
9632.687750	0.355802307109
9633.169397	0.355294210583
9633.651067	0.355170686512
9634.132762	0.355289913225
9634.614481	0.355610023207
9635.096223	0.356125858956
9635.577990	0.356819987756
9636.059781	0.357630315934
9636.541596	0.358441039143
9637.023435	0.359103794270
9637.505298	0.359483745677
9637.987186	0.359511010548
9638.469097	0.359211621698
9638.951033	0.358699385476
9639.432992	0.358129961424
9639.914976	0.357638892861
9640.396984	0.357293411713
9640.879016	0.357079095681
9641.361072	0.356923362006
9641.843152	0.356739818253
9642.325256	0.356469982339
9642.807384	0.356104134159
9643.289537	0.355676409363
9643.771713	0.355242397343
9644.253914	0.354853717670
9644.736139	0.354541449538
9645.218388	0.354312560964
9645.700661	0.354156159487
9646.182958	0.354053265850
9646.665279	0.353984955589
9647.147624	0.353936844051
9647.629994	0.353900715711
9648.112387	0.353875803357
9648.594805	0.353873476441
9649.077247	0.353930972634
9649.559713	0.354142483071
9650.042203	0.354717025706
9650.524717	0.356066285935
9651.007255	0.358903850964
9651.489817	0.364297871823
9651.972404	0.373576951162
9652.455015	0.387986597257
9652.937650	0.408077958932
9653.420308	0.432994503876
9653.902992	0.460016529721
9654.385699	0.484771630573
9654.868430	0.502283404322
9655.351186	0.508574150649
9655.833965	0.502127857534
9656.316769	0.484479720409
9656.799597	0.459620423874
9657.282449	0.432529348572
9657.765325	0.407572737136
9658.248226	0.387458363729
9658.731150	0.373030388581
9659.214099	0.363728311278
9659.697071	0.358302035405
9660.180068	0.355422347280
9660.663089	0.354022899024
9661.146135	0.353392606697
9661.629204	0.353121957668
9662.112298	0.353003306781
9662.595415	0.352942894811
9663.078557	0.352902754587
9663.561723	0.352869035416
9664.044913	0.352837175747
9664.528128	0.352805819486
9665.011366	0.352774603371
9665.494629	0.352743439214
9665.977916	0.352712307045
9666.461227	0.352681205411
9666.944562	0.352650134942
9667.427921	0.352618998657
9667.911304	0.352587404664
9668.394712	0.352555140454
9668.878144	0.352522723907
9669.361600	0.352490657758
9669.845080	0.352459080164
9670.328584	0.352427924867
9670.812113	0.352396957216
9671.295666	0.352365797290
9671.779243	0.352334010074
9672.262844	0.352301245519
9672.746469	0.352267366762
9673.230118	0.352232503687
9673.713792	0.352197002058
9674.197490	0.352161297243
9674.681212	0.352125773550
9675.164958	0.352090674248
9675.648728	0.352056086890
9676.132523	0.352021998683
9676.616341	0.351988409486
9677.100184	0.351955545416
9677.584051	0.351924358135
9678.067943	0.351897781519
9678.551858	0.351883683547
9679.035798	0.351900980667
9679.519762	0.351990449681
9680.003750	0.352230274917
9680.487762	0.352752070005
9680.971799	0.353746000304
9681.455859	0.355437369147
9681.939944	0.358018972013
9682.424053	0.361541788999
9682.908187	0.365799110545
9683.392344	0.370269379818
9683.876526	0.374181358709
9684.360732	0.376716242601
9684.844962	0.377281518774
9685.329216	0.375732704315
9685.813495	0.372429896843
9686.297798	0.368098845656
9686.782125	0.363569803670
9687.266476	0.359521987611
9687.750851	0.356338370347
9688.235251	0.354100005032
9688.719675	0.352678081216
9689.204123	0.351853707924
9689.688595	0.351411218281
9690.173092	0.351185226348
9690.657612	0.351069141418
9691.142157	0.351003328902
9691.626727	0.350958329989
9692.111320	0.350921170124
9692.595938	0.350886730529
9693.080580	0.350853206781
9693.565246	0.350820041740
9694.049936	0.350787095795
9694.534651	0.350754370619
9695.019390	0.350722047578
9695.504153	0.350691036563
9695.988940	0.350665039610
9696.473752	0.350657142510
9696.958588	0.350708627819
9697.443448	0.350936823782
9697.928332	0.351642445382
9698.413240	0.353518280437
9698.898173	0.357990478522
9699.383130	0.367657190707
9699.868112	0.386642614255
9700.353117	0.420486425650
9700.838147	0.475084930127
9701.323201	0.554405733512
9701.808279	0.657364461839
9702.293382	0.775157840390
9702.778508	0.890904045292
9703.263660	0.982895141134
9703.748835	1.031030234496
9704.234034	1.023925671539
9704.719258	0.963279316903
9705.204506	0.863210424332
9705.689779	0.744921214456
9706.175075	0.629436793201
9706.660396	0.531792860478
9707.145741	0.458719629767
9707.631111	0.409741599845
9708.116504	0.380126921953
9708.601922	0.363894379552
9709.087365	0.355798038506
9709.572831	0.352109028252
9710.058322	0.350563823182
9710.543837	0.349959978975
9711.029376	0.349730736163
9711.514940	0.349637025588
9712.000528	0.349588020190
9712.486140	0.349552420256
9712.971776	0.349520298773
9713.457437	0.349488659591
9713.943122	0.349456620155
9714.428831	0.349424002259
9714.914565	0.349390947229
9715.400323	0.349357762482
9715.886105	0.349324794606
9716.371912	0.349292325569
9716.857742	0.349260524380
9717.343597	0.349229460480
9717.829477	0.349199143516
9718.315380	0.349169533751
9718.801308	0.349140493320
9719.287260	0.349111703976
9719.773237	0.349082628464
9720.259238	0.349052587539
9720.745263	0.349020959763
9721.231312	0.348987421630
9721.717386	0.348952097507
9722.203484	0.348915531543
9722.689606	0.348878493133
9723.175753	0.348841717203
9723.661924	0.348805704829
9724.148119	0.348770652837
9724.634339	0.348736505417
9725.120583	0.348703066216
9725.606851	0.348670106603
9726.093143	0.348637433223
9726.579460	0.348604912094
9727.065801	0.348572463332
9727.552167	0.348540045725
9728.038556	0.348507640716
9728.524971	0.348475243035
9729.011409	0.348442855798
9729.497872	0.348410490936
9729.984359	0.348378171574
9730.470870	0.348345935085
9730.957406	0.348313831779
9731.443966	0.348281915492
9731.930550	0.348250221202
9732.417159	0.348218730623
9732.903792	0.348187352537
9733.390449	0.348155940413
9733.877131	0.348124310197
9734.363837	0.348092281943
9734.850567	0.348059749577
9735.337322	0.348026725104
9735.824101	0.347993334017
9736.310904	0.347959768156
9736.797732	0.347926220051
9737.284584	0.347892830319
9737.771461	0.347859665988
9738.258361	0.347826731210
9738.745286	0.347793993923
9739.232236	0.347761414574
9739.719210	0.347728962082
9740.206208	0.347696616972
9740.693230	0.347664362854
9741.180277	0.347632174161
9741.667348	0.347600007463
9742.154444	0.347567802845
9742.641564	0.347535496620
9743.128708	0.347503041724
9743.615877	0.347470424165
9744.103070	0.347437668701
9744.590287	0.347404828802
9745.077529	0.347371967811
9745.564795	0.347339138387
9746.052085	0.347306371663
9746.539400	0.347273675096
9747.026739	0.347241039894
9747.514103	0.347208449790
9748.001490	0.347175888231
9748.488903	0.347143342279
9748.976339	0.347110803663
9749.463800	0.347078267470
9749.951286	0.347045731543
9750.438796	0.347013194902
9750.926330	0.346980658090
9751.413888	0.346948123632
9751.901471	0.346915599204
9752.389078	0.346883104733
9752.876710	0.346850686856
9753.364366	0.346818442441
9753.852046	0.346786551019
9754.339751	0.346755303258
9754.827480	0.346725102726
9755.315234	0.346696404735
9755.803012	0.346669572131
9756.290814	0.346644662733
9756.778641	0.346621229479
9757.266492	0.346598257386
9757.754368	0.346574347641
9758.242268	0.346548173457
9758.730192	0.346519125511
9759.218141	0.346488005745
9759.706114	0.346457647666
9760.194111	0.346433361818
9760.682133	0.346423007187
9761.170179	0.346436260800
9761.658250	0.346482511702
9762.146345	0.346567134270
9762.634465	0.346686888672
9763.122609	0.346826508682
9763.610777	0.346959134009
9764.098970	0.347052174731
9764.587187	0.347077468835
9765.075428	0.347021695325
9765.563694	0.346891913858
9766.051985	0.346713666153
9766.540300	0.346523200939
9767.028639	0.346357401620
9767.517002	0.346245577761
9768.005391	0.346205033204
9768.493803	0.346239428687
9768.982240	0.346338204742
9769.470701	0.346476785183
9769.959187	0.346619201043
9770.447697	0.346724931000
9770.936232	0.346759481940
9771.424791	0.346705043397
9771.913374	0.346566154746
9772.401982	0.346367284933
9772.890614	0.346143435888
9773.379271	0.345928535374
9773.867952	0.345747020061
9774.356658	0.345611631041
9774.845388	0.345526894236
9775.334143	0.345495224289
9775.822921	0.345521902936
9776.311725	0.345615977416
9776.800553	0.345785810110
9777.289405	0.346030313903
9777.778282	0.346329609801
9778.267183	0.346640701387
9778.756108	0.346903048438
9779.245058	0.347054606142
9779.734033	0.347052710841
9780.223032	0.346890083370
9780.712055	0.346597653548
9781.201103	0.346232678233
9781.690175	0.345858353899
9782.179272	0.345524841999
9782.668393	0.345259273041
9783.157539	0.345066447328
9783.646709	0.344936761228
9784.135903	0.344856143276
9784.625122	0.344814177821
9785.114366	0.344808996824
9785.603634	0.344849047891
9786.092926	0.344951944135
9786.582243	0.345140075167
9787.071585	0.345432679421
9787.560950	0.345835361852
9788.050341	0.346330051487
9788.539755	0.346869877078
9789.029195	0.347382811944
9789.518658	0.347785081652
9790.008146	0.348001264639
9790.497659	0.347984829484
9790.987196	0.347732012013
9791.476758	0.347283943925
9791.966344	0.346716265447
9792.455954	0.346120335457
9792.945590	0.345583585632
9793.435249	0.345176257460
9793.924933	0.344947573504
9794.414642	0.344928356981
9794.904375	0.345133142997
9795.394132	0.345556032078
9795.883914	0.346160935568
9796.373720	0.346874668334
9796.863551	0.347594215628
9797.353407	0.348213307270
9797.843287	0.348659822452
9798.333191	0.348923694445
9798.823120	0.349055071667
9799.313073	0.349128485032
9799.803051	0.349191469684
9800.293054	0.349228850065
9800.783081	0.349166241112
9801.273132	0.348911849729
9801.763208	0.348411238950
9802.253308	0.347682448829
9802.743433	0.346813027245
9803.233583	0.345924569982
9803.723757	0.345127544102
9804.213955	0.344489593587
9804.704178	0.344027904027
9805.194425	0.343721398782
9805.684697	0.343530900570
9806.174994	0.343416594779
9806.665315	0.343348036017
9807.155660	0.343307436163
9807.646030	0.343289397517
9808.136425	0.343299811872
9808.626844	0.343354708059
9809.117288	0.343477810482
9809.607756	0.343694545522
9810.098249	0.344021138993
9810.588766	0.344450538854
9811.079307	0.344941057763
9811.569874	0.345415816039
9812.060464	0.345778348662
9812.551080	0.345941721062
9813.041719	0.345859543892
9813.532384	0.345543827907
9814.023073	0.345060295237
9814.513786	0.344503661113
9815.004524	0.343965540484
9815.495287	0.343509737597
9815.986074	0.343163263576
9816.476885	0.342922104123
9816.967721	0.342764541861
9817.458582	0.342664290471
9817.949467	0.342599124591
9818.440377	0.342554925906
9818.931311	0.342528258964
9819.422270	0.342533174006
9819.913253	0.342621921101
9820.404261	0.342936494539
9820.895294	0.343817408020
9821.386351	0.345999660441
9821.877433	0.350904996282
9822.368539	0.360968668067
9822.859669	0.379811004788
9823.350825	0.411925154413
9823.842004	0.461539336834
9824.333209	0.530579918878
9824.824438	0.616263572450
9825.315691	0.709502882281
9825.806969	0.795508670920
9826.298272	0.857231017332
9826.789599	0.880766512520
9827.280951	0.860434761155
9827.772327	0.800997320449
9828.263728	0.715840917703
9828.755154	0.622069899443
9829.246604	0.534970639262
9829.738078	0.464264185980
9830.229577	0.413225498524
9830.721101	0.380152576488
9831.212650	0.360809664680
9831.704223	0.350576200403
9832.195820	0.345691147083
9832.687442	0.343624886966
9833.179089	0.342923982913
9833.670760	0.342874798994
9834.162456	0.343188271652
9834.654176	0.343771412500
9835.145921	0.344580159640
9835.637691	0.345534778620
9836.129485	0.346488761178
9836.621304	0.347247718586
9837.113147	0.347626030528
9837.605015	0.347513759969
9838.096908	0.346919639883
9838.588825	0.345967440457
9839.080767	0.344848217251
9839.572733	0.343753632038
9840.064724	0.342821855849
9840.556739	0.342115378638
9841.048779	0.341630471850
9841.540844	0.341324016352
9842.032934	0.341141144670
9842.525048	0.341033607608
9843.017186	0.340967079882
9843.509349	0.340920835850
9844.001537	0.340884476725
9844.493749	0.340855703534
9844.985986	0.340843362313
9845.478248	0.340884221228
9845.970534	0.341093852732
9846.462845	0.341795196389
9846.955180	0.343800891941
9847.447541	0.348947516793
9847.939925	0.360938202976
9848.432335	0.386366761595
9848.924768	0.435422271111
9849.417227	0.521327015151
9849.909710	0.657399565803
9850.402218	0.851303192569
9850.894750	1.097723191402
9851.387307	1.372829163926
9851.879889	1.634779010310
9852.372495	1.832768967913
9852.865126	1.922731997330
9853.357782	1.883232689430
9853.850462	1.723752283305
9854.343167	1.480991150125
9854.835897	1.205164230216
9855.328651	0.943257128395
9855.821429	0.726802931812
9856.314233	0.568062570852
9856.807061	0.463645644498
9857.299913	0.401632321909
9857.792791	0.368231716934
9858.285693	0.351863220371
9858.778619	0.344542424257
9859.271571	0.341542108033
9859.764547	0.340405543496
9860.257547	0.339998003746
9860.750572	0.339850043778
9861.243622	0.339786905956
9861.736697	0.339749935627
9862.229796	0.339721352502
9862.722920	0.339696083812
9863.216068	0.339672267734
9863.709241	0.339648513319
9864.202439	0.339623406253
9864.695661	0.339595597718
9865.188909	0.339564181675
9865.682180	0.339529043613
9866.175477	0.339490903244
9866.668798	0.339451056327
9867.162144	0.339410977691
9867.655514	0.339372028018
9868.148909	0.339335506066
9868.642329	0.339303262696
9869.135773	0.339279081385
9869.629243	0.339270970966
9870.122736	0.339294190273
9870.616255	0.339373987207
9871.109798	0.339545779459
9871.603366	0.339849556949
9872.096958	0.340316160989
9872.590576	0.340946891485
9873.084217	0.341693992016
9873.577884	0.342454097816
9874.071575	0.343084933351
9874.565291	0.343445156946
9875.059032	0.343443066190
9875.552797	0.343071382865
9876.046587	0.342410108847
9876.540402	0.341595954234
9877.034241	0.340774245270
9877.528105	0.340056384271
9878.021994	0.339499204719
9878.515907	0.339108685080
9879.009845	0.338859167520
9879.503808	0.338716302552
9879.997796	0.338656126834
9880.491808	0.338678777436
9880.985845	0.338818583109
9881.479907	0.339150712809
9881.973993	0.339789533790
9882.468104	0.340869151843
9882.962240	0.342498036531
9883.456400	0.344691106828
9883.950585	0.347302532389
9884.444795	0.349998475484
9884.939030	0.352305344690
9885.433289	0.353737072398
9885.927573	0.353958272896
9886.421882	0.352908997765
9886.916215	0.350827728400
9887.410574	0.348160665719
9887.904957	0.345404265958
9888.399364	0.342956783458
9888.893796	0.341037424009
9889.388253	0.339687233417
9889.882735	0.338825408793
9890.377242	0.338320050729
9890.871773	0.338042480899
9891.366329	0.337894299092
9891.860910	0.337812047068
9892.355515	0.337760110761
9892.850145	0.337720805433
9893.344800	0.337686282199
9893.839480	0.337653407420
9894.334184	0.337621050368
9894.828913	0.337588842272
9895.323667	0.337556698371
9895.818445	0.337524777718
9896.313249	0.337493477084
9896.808077	0.337462821139
9897.302930	0.337432413372
9897.797807	0.337402049919
9898.292709	0.337371704446
9898.787636	0.337341375883
9899.282588	0.337311059512
9899.777565	0.337280744767
9900.272566	0.337250419546
9900.767592	0.337220079566
9901.262643	0.337189750181
9901.757718	0.337159528858
9902.252818	0.337129670117
9902.747943	0.337100738320
9903.243093	0.337073844753
9903.738268	0.337050928298
9904.233467	0.337034936216
9904.728691	0.337029645530
9905.223940	0.337038852460
9905.719213	0.337064898362
9906.214512	0.337107014334
9906.709835	0.337160530784
9907.205183	0.337218079845
9907.700555	0.337273086975
9908.195953	0.337324206577
9908.691375	0.337377892633
9909.186822	0.337446326880
9909.682294	0.337540155845
9910.177790	0.337659002951
9910.673311	0.337785279937
9911.168858	0.337886174545
9911.664428	0.337924527135
9912.160024	0.337873896013
9912.655644	0.337730088319
9913.151290	0.337513126577
9913.646959	0.337259014103
9914.142654	0.337006193636
9914.638374	0.336783630122
9915.134118	0.336605286677
9915.629887	0.336471467572
9916.125681	0.336374176757
9916.621500	0.336302856486
9917.117343	0.336248193580
9917.613211	0.336203554843
9918.109105	0.336164814817
9918.605022	0.336129578365
9919.100965	0.336096450975
9919.596932	0.336064578211
9920.092925	0.336033414447
9920.588942	0.336002615839
9921.084984	0.335971981033
9921.581050	0.335941406207
9922.077142	0.335910848222
9922.573258	0.335880296204
9923.069399	0.335849752150
9923.565565	0.335819220096
9924.061756	0.335788701852
9924.557971	0.335758196672
9925.054211	0.335727703863
9925.550477	0.335697229682
9926.046766	0.335666806561
9926.543081	0.335636553100
9927.039421	0.335606846284
9927.535785	0.335578760903
9928.032174	0.335555063484
9928.528588	0.335542136208
9929.025027	0.335553103913
9929.521491	0.335612097741
9930.017979	0.335758039918
9930.514493	0.336043709455
9931.011031	0.336525853295
9931.507594	0.337243880650
9932.004182	0.338190128312
9932.500794	0.339283802151
9932.997432	0.340366207513
9933.494094	0.341230349340
9933.990781	0.341681585826
9934.487493	0.341606120276
9934.984230	0.341014573570
9935.480991	0.340037903433
9935.977778	0.338877992167
9936.474589	0.337738793006
9936.971425	0.336771590031
9937.468286	0.336057532571
9937.965172	0.335634330638
9938.462083	0.335566239600
9938.959018	0.336062741458
9939.455979	0.337661737412
9939.952964	0.341483942501
9940.449974	0.349510177034
9940.947009	0.364723745385
9941.444069	0.390844028628
9941.941153	0.431366644561
9942.438263	0.487864663342
9942.935397	0.558005037801
9943.432556	0.634278716389
9943.929740	0.704561416665
9944.426949	0.754986563329
9944.924183	0.774353231510
9945.421442	0.758178064559
9945.918725	0.710386355307
9946.416034	0.641767413170
9946.913367	0.566025885262
9947.410725	0.495397599342
9947.908108	0.437716878793
9948.405516	0.395733317644
9948.902949	0.368250854201
9949.400406	0.352016609927
9949.897889	0.343386992453
9950.395396	0.339307817198
9950.892928	0.337631706721
9951.390485	0.337033897771
9951.888067	0.336787246221
9952.385674	0.336548923854
9952.883306	0.336206145944
9953.380962	0.335773863336
9953.878644	0.335326930028
9954.376350	0.334957324095
9954.874081	0.334753329580
9955.371838	0.334795648103
9955.869619	0.335159603530
9956.367425	0.335910647449
9956.865255	0.337087140180
9957.363111	0.338678683831
9957.860992	0.340621092487
9958.358897	0.342828226391
9958.856828	0.345258036542
9959.354783	0.347974278413
9959.852763	0.351142421076
9960.350768	0.354918863732
9960.848798	0.359260325857
9961.346853	0.363758545452
9961.844933	0.367630100810
9962.343038	0.369924552014
9962.841167	0.369882764488
9963.339322	0.367268121871
9963.837501	0.362491061195
9964.335705	0.356461611769
9964.833935	0.350256373216
9965.332189	0.344773300101
9965.830468	0.340524191448
9966.328772	0.337613563302
9966.827101	0.335853823288
9967.325455	0.334925048091
9967.823833	0.334505849755
9968.322237	0.334345645827
9968.820666	0.334284002282
9969.319119	0.334237348999
9969.817597	0.334172672160
9970.316101	0.334081871945
9970.814629	0.333964411988
9971.313182	0.333820380505
9971.811760	0.333651305745
9972.310363	0.333463397253
9972.808991	0.333268567133
9973.307644	0.333081736327
9973.806322	0.332916148964
9974.305025	0.332779561741
9974.803753	0.332673120704
9975.302505	0.332592814078
9975.801283	0.332532135209
9976.300085	0.332484510116
9976.798913	0.332444739132
9977.297765	0.332409459927
9977.796643	0.332377035380
9978.295545	0.332347278292
9978.794472	0.332321218588
9979.293424	0.332300868611
9979.792402	0.332288772712
9980.291404	0.332287122039
9980.790431	0.332296434100
9981.289483	0.332314196558
9981.788560	0.332334226200
9982.287662	0.332347473448
9982.786788	0.332344416923
9983.285940	0.332318260994
9983.785117	0.332267484313
9984.284319	0.332196434456
9984.783545	0.332113653952
9985.282797	0.332028813736
9985.782074	0.331949756333
9986.281375	0.331880846087
9986.780702	0.331822943741
9987.280053	0.331774499960
9987.779430	0.331732950725
9988.278831	0.331695791820
9988.778258	0.331661113544
9989.277709	0.331627689939
9989.777186	0.331594837736
9990.276687	0.331562220414
9990.776213	0.331529690008
9991.275765	0.331497188137
9991.775341	0.331464694061
9992.274942	0.331432200954
9992.774568	0.331399706951
9993.274220	0.331367211426
9993.773896	0.331334714354
9994.273597	0.331302207015
9994.773323	0.331269483931
9995.273074	0.331235049213
9995.772850	0.331195843911
9996.272652	0.331151845242
9996.772478	0.331106109878
9997.272329	0.331060152792
9997.772205	0.331014184530
9998.272106	0.330968214222
9998.772032	0.330922303214
9999.271983	0.330877901471
9999.771959	0.330845563597
10000.271960	nan
